True FST: 0.08250153152457353
# permutations with FST > true FST: 3
Total permutations: 39186
p-value: 7.65579543714592e-05

Group1	Group2	FST
Cyrtodactylus_interdigitalis_HLM0320_MW792061.1_ND2_ChaoPhraya_E,Cyrtodactylus_interdigitalis_YC000952_ON055281_ND2_ChaoPhraya_E	|	Cyrtodactylus_denticulatus_AUP-00680_MT468902.1_ND2_ChaoPhraya_W,Cyrtodactylus_interdigitalis_NCSM_79472_OK626316.1_ND2_ChaoPhraya_E,Cyrtodactylus_interdigitalis_NCSM_80100_OK626317.1_ND2_ChaoPhraya_E,Cyrtodactylus_ngati_PLW-2013_NADH_JX519471_ND2_ChaoPhraya_E,Cyrtodactylus_thongphaphumensis_AUP-01715_MT468909.1_ND2_ChaoPhraya_W,Cyrtodactylus_thongphaphumensis_ZMKU_R_00950_OP620028.1_ND2_ChaoPhraya_W,Cyrtodactylus_thongphaphumensis_ZMKU_R_00951_OP620029.1_ND2_ChaoPhraya_W,Cyrtodactylus_thongphaphumensis_ZMKU_R_00952_OP620030.1_ND2_ChaoPhraya_W,Cyrtodactylus_thongphaphumensis_ZMKU_R_00953_OP620031.1_ND2_ChaoPhraya_W,Cyrtodactylus_thongphaphumensis_ZMKU_R_00954_OP620032.1_ND2_ChaoPhraya_W,Cyrtodactylus_thongphaphumensis_ZMKU_R_00955_OP620033.1_ND2_ChaoPhraya_W,Cyrtodactylus_thongphaphumensis_ZMKU_R_00956_OP620034.1_ND2_ChaoPhraya_W,Cyrtodactylus_thongphaphumensis_ZMKU_R_00957_OP620035.1_ND2_ChaoPhraya_W,Cyrtodactylus_uthaiensis_ZMKU_R_00949_OP620027.1_ND2_ChaoPhraya_W	|	0.08521681976005656
Cyrtodactylus_interdigitalis_HLM0320_MW792061.1_ND2_ChaoPhraya_E,Cyrtodactylus_interdigitalis_NCSM_79472_OK626316.1_ND2_ChaoPhraya_E,Cyrtodactylus_interdigitalis_NCSM_80100_OK626317.1_ND2_ChaoPhraya_E,Cyrtodactylus_interdigitalis_YC000952_ON055281_ND2_ChaoPhraya_E,Cyrtodactylus_ngati_PLW-2013_NADH_JX519471_ND2_ChaoPhraya_E,Cyrtodactylus_uthaiensis_ZMKU_R_00949_OP620027.1_ND2_ChaoPhraya_W	|	Cyrtodactylus_denticulatus_AUP-00680_MT468902.1_ND2_ChaoPhraya_W,Cyrtodactylus_thongphaphumensis_AUP-01715_MT468909.1_ND2_ChaoPhraya_W,Cyrtodactylus_thongphaphumensis_ZMKU_R_00950_OP620028.1_ND2_ChaoPhraya_W,Cyrtodactylus_thongphaphumensis_ZMKU_R_00951_OP620029.1_ND2_ChaoPhraya_W,Cyrtodactylus_thongphaphumensis_ZMKU_R_00952_OP620030.1_ND2_ChaoPhraya_W,Cyrtodactylus_thongphaphumensis_ZMKU_R_00953_OP620031.1_ND2_ChaoPhraya_W,Cyrtodactylus_thongphaphumensis_ZMKU_R_00954_OP620032.1_ND2_ChaoPhraya_W,Cyrtodactylus_thongphaphumensis_ZMKU_R_00955_OP620033.1_ND2_ChaoPhraya_W,Cyrtodactylus_thongphaphumensis_ZMKU_R_00956_OP620034.1_ND2_ChaoPhraya_W,Cyrtodactylus_thongphaphumensis_ZMKU_R_00957_OP620035.1_ND2_ChaoPhraya_W	|	0.0847106979086355
Cyrtodactylus_denticulatus_AUP-00680_MT468902.1_ND2_ChaoPhraya_W,Cyrtodactylus_interdigitalis_HLM0320_MW792061.1_ND2_ChaoPhraya_E,Cyrtodactylus_interdigitalis_NCSM_79472_OK626316.1_ND2_ChaoPhraya_E,Cyrtodactylus_interdigitalis_NCSM_80100_OK626317.1_ND2_ChaoPhraya_E,Cyrtodactylus_interdigitalis_YC000952_ON055281_ND2_ChaoPhraya_E,Cyrtodactylus_ngati_PLW-2013_NADH_JX519471_ND2_ChaoPhraya_E,Cyrtodactylus_uthaiensis_ZMKU_R_00949_OP620027.1_ND2_ChaoPhraya_W	|	Cyrtodactylus_thongphaphumensis_AUP-01715_MT468909.1_ND2_ChaoPhraya_W,Cyrtodactylus_thongphaphumensis_ZMKU_R_00950_OP620028.1_ND2_ChaoPhraya_W,Cyrtodactylus_thongphaphumensis_ZMKU_R_00951_OP620029.1_ND2_ChaoPhraya_W,Cyrtodactylus_thongphaphumensis_ZMKU_R_00952_OP620030.1_ND2_ChaoPhraya_W,Cyrtodactylus_thongphaphumensis_ZMKU_R_00953_OP620031.1_ND2_ChaoPhraya_W,Cyrtodactylus_thongphaphumensis_ZMKU_R_00954_OP620032.1_ND2_ChaoPhraya_W,Cyrtodactylus_thongphaphumensis_ZMKU_R_00955_OP620033.1_ND2_ChaoPhraya_W,Cyrtodactylus_thongphaphumensis_ZMKU_R_00956_OP620034.1_ND2_ChaoPhraya_W,Cyrtodactylus_thongphaphumensis_ZMKU_R_00957_OP620035.1_ND2_ChaoPhraya_W	|	0.08668996411829681

all FST values from analysis:
 0.029731561664181963,0.03180314198596417,-0.0034066332967471295,-0.004258525527762785,0.03562839003595263,0.03287339959490374,0.030013358432637277,-0.0032670481067312014,0.038524267038365805,-0.002051595162199488,0.0012278190753972215,-0.0023476203859978412,0.0033700759120230614,-0.004739841544620006,-0.0036345128258070797,0.03729155252976349,-0.020483197576876194,-0.021357079254000075,0.034172212659372876,0.05040906079560028,0.04468306427540418,-0.020339597137185104,0.045088098109319866,-0.019093111453812987,-0.016323336144354772,-0.01939804583700551,-0.018278501280156394,-0.021853681643022746,-0.020717005863575097,-0.01590216920778729,-0.016883004950712602,0.03552463271770537,0.036404527958482334,0.0502666276599869,-0.01587165972512778,0.08521681976005656,-0.0108367327920769,0.002731794784425414,-0.009528000486378472,-0.003984132927772528,-0.012155356278202967,-0.01748083645907098,-0.007748591785586225,-0.015678263354337335,-0.016613131067603263,-0.01923345094246825,-0.007891133528697523,-0.0025613258694001336,-0.009022772623218387,-0.001772223385577185,-0.007115192374675991,-0.013251161388332875,-0.008537356387042774,-0.008338795862600135,-0.016546033597490736,-0.01748200313872719,-0.020106298971747236,-0.006886883357153749,-0.006073169333767357,-0.008016749036532182,-0.00190662729302671,-0.006112129779448819,-0.013387605451301889,-0.00794337812243155,-0.008474273614413734,0.03571955839407235,0.030783510800598497,-0.015535781321339752,0.04822358229568815,-0.014949307043630572,-0.0104928021758839,-0.015904390578649338,-0.010122110227601852,-0.017764054173816,-0.017143251947659102,0.058593375290255545,-0.016470445810740225,0.050236840553811675,-0.016385106553443635,-0.012476476167081921,-0.015533932928160337,-0.008711561996442524,-0.017975119940331633,-0.016845588626465815,-0.019090050211897046,0.05229048485626637,-0.01448763329103671,0.0026216903924687644,-0.009254681794104472,-0.01111777188590369,-0.01403416308726975,-0.02070670956610869,-0.005078481452799237,-0.00815934466008637,-0.0020479439921529245,-0.006254314967946546,-0.0135314794344226,-0.008085975604166809,-0.008616954086287518,-0.003110324925678858,0.0014863710955784555,-0.00279054212731002,0.005508722328200833,0.0013315242872368733,-0.007177472557093261,-0.0008531595333831677,-0.004288719108057973,-0.012447077208831685,-0.004682702176256307,-0.009749697199334217,0.0063391397188307,0.007400781880657949,0.004717857149651358,-0.0035338142213819567,-0.0038076068006329053,0.0007188616227910938,-0.00784027631915076,-0.009131473427934645,-0.01398276348721211,-0.009676356295698615,0.033896867895574466,-0.0013802692917165478,-0.0023114351136461673,0.03638203104642406,0.04151540880584087,0.037935164180108366,-0.001547191775884035,0.03602295564966077,-0.0007612500283903317,-0.000978592537140298,-0.0020228986532814714,0.0016100031516564728,-0.0029126740659438954,-0.0016317206053845536,-0.002197684520627974,-0.002919572822002237,0.035038407996416346,0.033012008314143165,0.03195408843691267,-0.0021545836453845273,0.05116148139592214,-0.00029885947425590387,0.0023433883250081945,-0.0008497729573876,0.0010249259891162376,-0.0032208278720865734,-0.002183246926974766,-0.0036316763491207743,0.0031927052476516194,-0.00017008221798695263,-0.0028582200240825422,-0.003449312544548126,0.0029920290286910857,-0.0038877770399123757,-0.00184742170417974,-0.0040457915046117135,-0.003575859921622713,-0.004984478907158646,-0.0028947177941811867,0.0022673303947008667,-0.0010997318266416922,-0.0037913836196220283,-0.0031673611534884685,0.0015735881429321573,-0.0036056455040120797,-0.0021483864092952014,-0.003763593127073243,-0.003877462350285802,-0.004612135769495183,-0.0031960325599587978,0.03651963985938018,0.032562304201104404,0.003026892597494082,0.04006009635923146,0.0034598520043602615,0.004038099290739106,0.0018565181211373557,0.007217789948884498,0.0010145518247381157,0.002998297659918086,0.04445017989026628,-0.000336713874732613,0.0380684222036823,-0.00013267480162881926,0.00023107181741390388,-0.000811582497008586,0.004594949415228795,-0.0016999881866757854,-0.00042097628610947724,-0.0030255239019882836,0.03561998760999572,-0.0010252972378055638,0.0015515613802512755,-0.0015313765356606156,0.0013990335665877232,-0.0035096802400060153,-0.0030541970162369474,0.002333927880085564,-0.00342329445563387,-0.001966372634285996,-0.0035812022108718295,-0.0036950287854061116,-0.004429529999313523,-0.0030137864219571178,0.003190939936479369,0.0040002784209554314,0.0022649996390318155,0.006453992678284064,0.0025836686953831004,0.0016550179027555823,-0.001196708902139467,-0.0023610598295654528,-0.0034736776799117433,-0.002997878284096032,-0.003451968991761441,0.001466418637022004,0.0005639563582046327,-0.0001479180498099238,-0.0018617097494849867,-0.002220945449464208,-0.0013740657641246351,-0.003609878888545391,-0.004504027181298329,-0.0031402155261050797,-0.004458218271737287,-0.0030951365159235106,-0.0038179321229401602,0.04165075234449676,0.049453537518950846,0.04834570165954661,-0.0030519866798733755,0.06170388676879654,-0.0011939304772738677,0.0008754073644489869,-0.0017455169395707132,0.0014034111768880023,-0.004119723112869632,-0.0030806623104696436,-0.01678372912220479,-0.0019166549304005566,0.005126180417594799,0.0021002172093504525,-0.016598129423597542,0.0023049887215000316,-0.017044343971114862,-0.015276474002374626,-0.01720524169577547,-0.01797654280518906,-0.018161459014894334,-0.016033349915924453,-0.0028485061092862517,0.004203312650032865,0.0011733191653244778,-0.01631074383325924,0.0008851758759510324,-0.016756773303379796,-0.015582456508442618,-0.016917602334034436,-0.018283610793306974,-0.017781673689574833,-0.0163395773275262,0.04894560605062645,0.04445981267968798,-0.002083708715193682,0.04681825954805635,-0.0016477544923678544,-0.0013676845486536185,-0.0032621694704646933,0.0017483133129986424,-0.004110124004611301,-0.002112366666108273,0.06523591767321964,0.004960847377329404,0.05458815013189678,0.005163563672682724,0.005226050514813931,0.004489720787608178,0.00946411613686219,0.003607450991462605,0.004877761688857737,0.0019341144328671226,0.05212194632872094,0.003921077437703855,0.006181959269433646,0.0034180398730761325,0.0031281438070312963,0.0014539002450637403,0.0019055016727191818,0.0016462228592628594,-0.016571186759049453,-0.015397140986724801,-0.016731974847223694,-0.01809758444051046,-0.01759582554995291,-0.01615409853439919,0.0025039894267916457,0.0030140981915807133,0.001577150382027435,0.006484593223545824,0.0018962244228330214,0.0009667198232907713,-0.014613779734753843,-0.015491471934322333,-0.017871496335856073,-0.01613870733676852,-0.01660002340731163,-0.011903889670285545,-0.014059950607399655,-0.013547052159201654,-0.015289834053498656,-0.0165933050151066,-0.014486809861459326,-0.016760813654431408,-0.01892446424480207,-0.01753146779022642,-0.01762467604637289,-0.013357335408499222,-0.0009506350082302933,-0.0032616755209530527,-0.0016946200643749548,-0.013172537269630191,0.021860549368076163,-0.012822827858501385,-0.007554319995948067,-0.012554367134601284,-0.01444065996646045,-0.013970794932356354,-0.013836201328005712,-0.0016713877752689958,-0.003984678358108775,-0.002416151556350269,-0.012586924265328479,0.01860436162835795,-0.012237515588283288,-0.007560083581030764,-0.011969286157429322,-0.014445973889787122,-0.013799325849887257,-0.013841552513647892,0.040489435954274136,0.04017479739010385,-0.0009075947043623222,0.06271812780168518,0.00030792401010636464,0.004040359283004089,-0.0008809451884697632,0.003712501575482723,-0.0026816528876494744,-0.0021431933038083377,0.052460218612539314,-0.0032185142812552235,0.06242017297842658,-0.001942127886574338,0.0007100100557302217,-0.0019116665272426209,0.0024583566670163125,-0.004286585072934545,-0.003247193740867204,-0.0016515375789334407,0.06857790713864745,0.002916355575077818,0.013217668621674152,0.004029389217868858,0.006926820359629024,0.0013281769496835797,-0.002888439873814052,0.019347360650478287,-0.012053008087240046,-0.007376749620759157,-0.011784845358256994,-0.014260833583642527,-0.013614391913524574,-0.013656654249078418,0.02175753089063524,0.02558707662489346,0.021817734089051962,0.030862826183260257,0.025790061723749653,0.01764536385381397,-0.005258208480825523,-0.00888538987811951,-0.011689678099508483,-0.009264891186760472,-0.013306754378433771,-0.002428684664903356,0.00029014396585957936,-0.00238083326180562,-0.009084369783960872,-0.008493536804694642,-0.006590013864548084,-0.01303814707115334,-0.011833018223240429,-0.01492569083659093,-0.014870985511796138,-0.012297540677453653,-0.015328450834041635,-0.014873993869566761,0.007234082792928605,-0.008478360956428945,0.005590689024455043,0.00954050782930502,0.006527796802961506,0.0048480606305746415,0.006217066465771075,0.0065878327854871225,-0.0015589451159308393,-0.003984182160753508,-0.012113036592640083,0.006214520423321321,-0.012912191864109671,-0.009747092355687631,-0.013427973084274479,-0.012664889896365245,-0.013748376096515594,-0.012775679273145364,0.007782378855964087,-0.015143213108371497,0.004657926664928079,-0.01618183449487652,-0.013823982533540329,-0.015749135932202882,-0.015553143268050892,-0.016703392590792423,-0.014579572762554768,-0.014688829169310512,0.003941495307321571,-0.014193573896164494,-0.008704644480122186,-0.013877966612435101,-0.01838556848119208,-0.015403364630746728,-0.015353759910993659,-0.008294784820289062,0.005194277118440302,0.009146177889190178,0.0061318975103400375,0.004451212658432507,0.005820976325663727,0.006191956867809777,-0.008660379137273386,-0.005872645336558283,-0.008485845102615453,-0.008095566351714573,-0.006038373707523349,-0.009470527952209429,0.0086983746772401,0.006126806667317221,0.0031689180252654227,0.005737295858606348,0.0045463249436210615,0.01241169301183241,0.009962635704978847,0.011343132935560182,0.008051001611439845,0.005219384502630579,0.008148719373682452,0.005484752690991922,0.003437947310834008,0.004380222786171449,0.0051735296543633045,-0.0024903757982396033,-0.00491884941152929,-0.01182749284171085,0.004802386376959267,-0.012626325529175387,-0.010051008224397799,-0.013141899322004793,-0.012969950562645296,-0.013371091827867372,-0.01308070290517816,0.006862722078059454,-0.014856435248413829,0.0032427740962237207,-0.015894625320836256,-0.014129416025332754,-0.0154621050645149,-0.015859281498698516,-0.016324439494362908,-0.014885250493376124,-0.014402179154273114,0.002524672571422332,-0.013907128549980557,-0.009008145804243226,-0.013591665809851498,-0.018693046122226623,-0.01502501232965748,-0.01565979200561738,-0.008510930840830063,0.006118073974463185,0.0094919323071873,0.007054511189517985,0.004799118620703091,0.006832060916253657,0.006539031437435186,-0.008876647360490507,-0.006674080367264456,-0.008702063820374296,-0.008899454163533894,-0.008333814095472314,-0.010275684908905233,0.009044330520932292,0.007049488690447866,0.0035174087145803394,0.006748506170689515,0.004894143407132853,0.01275597857667156,0.009735003761211494,0.011775209558505795,0.007822716245803695,0.005566919334096501,0.009156653410850864,0.005832132401972977,0.003874883993605558,0.004150764261031591,0.005609282802177688,0.049861787044887425,-0.0017259178877236632,0.04803696669584074,-0.0018721870276488623,-0.0010101741003353637,-0.0029038541832941606,0.00415658756918344,-0.0037514194627940372,-0.001754572469419561,-0.004151773349707539,0.045466021227767044,-0.0027883082712214626,0.0011674391447861387,-0.003936449917061194,-0.0009750875418647861,-0.005349148523086856,-0.00539257663799062,0.005559477259511524,-0.012441752092467862,-0.009867053108762534,-0.012957202829062531,-0.012785244822327313,-0.013186333010209737,-0.012896017405177406,0.006065811874508705,0.007364915419044873,0.004795792798400083,0.010865575753697163,0.005156409471527182,0.0038265160760196527,-0.0094433711832995,-0.012077751253414823,-0.013210041305184998,-0.012386038095375628,-0.01369593371191063,-0.007104609369895279,-0.007728193857014038,-0.008111291255919627,-0.011580483898374874,-0.012588621758448644,-0.011389593653922628,-0.014212203929448995,-0.014326844160214377,-0.013448589742519213,-0.014441750220801745,0.007617662813972953,0.0588067242534506,0.00901571473912347,0.011832303713812048,0.00908977807011318,0.014505239465044725,0.007141992185186801,0.007589122193415019,0.004001419393303771,-0.015709253912291426,-0.013944461657584738,-0.015276839626803708,-0.015673866197093995,-0.01613895405654542,-0.014700133308635727,0.004279313526705195,0.0053654232710191605,0.0039328387284991335,0.010849223421149443,0.004250534781894591,0.0033239293197667896,-0.013754006156334654,-0.014630701907719304,-0.01604188018058609,-0.015277244328747136,-0.015738079646259815,-0.010457824082333934,-0.011649758907473303,-0.012097833491398346,-0.013837443676804782,-0.014174721902046612,-0.013035928903059121,-0.015305660179992329,-0.01649770555073039,-0.015109671832854272,-0.016167786288277995,0.003284183888622812,-0.013722208308625729,-0.008824462160042276,-0.013406832228925383,-0.01850676349467811,-0.014839781238753045,-0.015474444924009836,0.005890297919101801,0.01001051412855008,0.0059970699110055365,0.012715603903176404,0.008348713086080815,0.0015458977678006246,-0.007116422884166696,-0.010357039060074935,-0.01577299874268769,-0.010899923721378397,-0.014978705177854785,-0.0014332007487298918,0.0023768062102293842,-0.0026671015618731034,-0.010535353796412657,-0.008691024597829474,-0.006483753976788312,-0.014662750411938714,-0.013633068476347166,-0.019175583376516227,-0.016098354260961793,-0.008692962588231514,-0.006490904158763981,-0.008518417378098723,-0.008715729995688712,-0.00815027223406115,-0.010091678524965276,0.0086497339691273,0.006653838083362662,0.003119845112085769,0.006352704699702482,0.004497365489860239,0.012363337737192554,0.00934083660348034,0.01138205765495764,0.00742745704558164,0.005170474162522327,0.008762117229446703,0.00543586780701042,0.003477439110841871,0.003753549660480436,0.005212886305175872,-0.005083814849494821,-0.006656368669244918,-0.008416908044150882,-0.006077921904620005,-0.0104581873460666,-0.002075617187432967,-0.002754689725366475,-0.001907542350592385,-0.008116790233156493,-0.0065356908122678895,-0.004115724932812941,-0.010283290243545122,-0.0044388281368520095,-0.009892381489252398,-0.009914174553071135,0.013542687787565087,0.009257595803215982,0.01248460782098544,0.006978615888725753,0.00638730860117788,0.01116048946781079,0.005430725412757227,0.005556516034330635,0.0024700781192101974,0.0051291353295297515,0.01652634199888917,0.017636222696694508,0.01070054050303211,0.015025511765115507,0.008246114451697073,0.009717085968502891,0.011596198168838041,0.004522468367081592,0.007542382212962449,0.002827854412490183,0.00556271321004325,0.0046917277880779915,0.04157660856547198,0.04459262661656323,0.04260699399408258,0.005358661569515455,0.049987756582414576,0.006537510184171652,0.006297176874219557,0.0054036212856841135,0.008652290607854132,0.004349879639317454,0.0053994157414179785,-0.00732690160901612,0.009415350055984689,0.011712898779009329,0.008917305451074239,-0.007036862999389012,0.00759791237336386,-0.00723809877593073,-0.007333912915726942,-0.008101268395054538,-0.00671182352823362,-0.008565275979890416,-0.006609880739366694,0.008534201445154505,0.010834167287561466,0.008035607081772722,-0.007118297770716543,0.006537256538793068,-0.007319550414324205,-0.0078022901299623386,-0.008182793894210293,-0.007179880368768531,-0.00862561762923165,-0.007077890980359812,0.047332032820866884,0.04349055023913512,0.009198090743897637,0.04384937543413212,0.009569407943697214,0.008527523444897983,0.007774283571307899,0.012327727653493032,0.007339749246680945,0.009238951657542979,0.05532596332381978,0.011496287525799426,0.04687463254369754,0.011734411057023176,0.010578746982688682,0.010568825562582302,0.014999945904913208,0.010092500037802533,0.012777218065358262,0.008699899282552766,0.04387776172841598,0.010019612696961642,0.009585445287480027,0.008639152618533335,0.011305239685988682,0.007986554032741271,0.008740746903882723,0.007202756861563054,-0.007029519082377092,-0.007512086417650308,-0.007892463952109258,-0.006889879632342752,-0.008335135506735364,-0.006787919849332104,0.00784391523926426,0.007024485901086829,0.006519789943666756,0.010356363844126951,0.0064838934219787455,0.006791495821879225,-0.00690028172548145,-0.006933651538635761,-0.006733773221219574,-0.00736518332527535,-0.006989109985526124,-0.0058288470147845805,-0.006210533965579453,-0.006935782130213771,-0.007338462734597701,-0.006971775562963956,-0.007032268227993693,-0.00785207923167262,-0.007840191005202014,-0.006462941891918966,-0.008294763456091715,-0.008090138572926153,0.0077412430831985575,0.004924282148968832,0.0034154504850311116,-0.0077997886764511705,0.01677657420170833,-0.007535163657211077,-0.006008049579856689,-0.008073438499335207,-0.007698204941759919,-0.009192102322229658,-0.007315343975707954,0.00687255155910567,0.0040525260429452375,0.0025419547280574133,-0.007662782130897168,0.015434596329362171,-0.007398210770590374,-0.006257652987615111,-0.00793637697255963,-0.007948293177551127,-0.00896443798561216,-0.007565273589073226,0.04032329021692209,0.037825130729947594,0.0075378224537152455,0.051840295846583555,0.008367356967479917,0.008917163802093281,0.006888792336197758,0.010871588380752124,0.0058803032225459495,0.007632635972202906,0.045047628859355614,0.0047200224880226075,0.04998872679715328,0.005519035203589721,0.005659344855611894,0.0047650230401819664,0.008748518994823377,0.0037103789916108276,0.004760762208472397,0.0032107182511799297,0.049401371738819234,0.005397327969769631,0.007130781087310936,0.0045227444402951185,0.0060289481252452795,0.0026560196896601935,0.0033062988375726536,0.016092981595806324,-0.00710811111372382,-0.005967958943931341,-0.00764609595970448,-0.0076579525016395806,-0.008673771379344048,-0.00727513605503719,0.017473063409533342,0.0182434252122063,0.016677148229281995,0.020691283994236063,0.016818186605629344,0.01554697005036844,-0.004692181845517813,-0.005917081410524498,-0.006730575299099859,-0.0067309778865015605,-0.007010700923742083,-0.0033986860880879694,-0.004005463892664454,-0.004594476985361995,-0.005935703108318501,-0.006346939369071292,-0.005882549765029197,-0.007548591462533567,-0.00854614538426781,-0.007173532005728124,-0.008576073518352366,-0.0033558495489272285,-0.0068617730285939855,-0.008519480237476462,0.00250749908625382,-0.005217273547567857,0.0014860392277876886,0.0026605174547209517,0.0013403660265288173,0.0014478219402767867,0.0011259962386484237,0.0029853381354188057,0.009200583571628304,0.005969968047676513,-0.003067161565192038,0.011471548351052631,-0.0035175335013348037,-0.0029131659667906338,-0.004627286587212994,-0.002290367907158766,-0.004843383236198694,-0.0025857820006976143,0.012450072931212832,-0.006571893072716004,0.008687562664304031,-0.007159641013458444,-0.0068687745344403525,-0.007635719208411869,-0.0056025320374679935,-0.008099470524316378,-0.006145108820611308,-0.00822899813783382,0.006433038156576404,-0.00781548957068222,-0.006487075879019561,-0.008610801092905171,-0.008293573725068044,-0.009255367472925049,-0.007744306253900719,-0.004927956866136776,0.0013903449515578093,0.0025649548750807977,0.0012446572166473783,0.0013521226090027355,0.0010302596947909348,0.00288981957130433,-0.00510683695702349,-0.004471081619040886,-0.005737248030749148,-0.004236536080475067,-0.00543312256754428,-0.005101181562239829,0.0023479616782485792,0.0013711387945347243,0.0005827155854582663,0.0010661749577085768,0.0018688826860475925,0.004114616826200556,0.00285368790735541,0.0032434760527233187,0.002978544103174443,0.0009550783278912893,0.0020035402758638013,0.0017232766660351048,0.0001172391971532063,0.002213175668272035,0.001509031126035964,0.008319162619465578,0.005085019161270714,-0.0031482630315575987,0.010415995382260531,-0.003598671406292649,-0.0033791594651162,-0.004708517611011857,-0.0027560115477714806,-0.0049035395983877865,-0.003051563810124679,0.01157228795227048,-0.006653288687195127,0.007628315603887402,-0.00724108662448251,-0.007336900871092226,-0.007717205480161516,-0.006069968823798017,-0.008159788982991247,-0.006612868473615722,-0.00831054359631457,0.005370774191707489,-0.00789699960271351,-0.006955032715150174,-0.008692379873569514,-0.00876260484514863,-0.009315756760884562,-0.008212921916246736,-0.005189430288653752,0.001918040252725848,0.002709795807831533,0.0017724345448863513,0.001497186573254725,0.0015790640413867777,0.0030345895739080824,-0.005368374466764139,-0.005118165205875688,-0.0059989889978799395,-0.004883435114546403,-0.005991330551537705,-0.005748662608416333,0.002492841681960585,0.0018988581892695768,0.0007279220237389007,0.0016149572342238753,0.0020138399241913314,0.004259173873288198,0.0026163275192633223,0.003409006589633431,0.0027412227386894986,0.0011002165182397953,0.0025517020259127133,0.0018682578039565978,0.00028346555094630946,0.001975653379615935,0.0016749237475470315,0.0466113939633515,0.008983252238843548,0.044251619525786635,0.008975439635997645,0.008312479844444592,0.007559016776861369,0.013137327657334415,0.007124352221553655,0.009024109057581981,0.005751693371715596,0.04083450583630791,0.006729065246413352,0.007084594169286158,0.004995269166172144,0.00916631500244014,0.004383189318905661,0.005846817876233158,0.011078406348604231,-0.003309910285761304,-0.0030904644202097123,-0.004419379324744054,-0.002467537729621881,-0.004614327264695471,-0.0027630022695276247,0.01147085716209724,0.01114993577584222,0.009906277977847005,0.01455948486722158,0.00991340092348316,0.010529272099212424,-0.00273163142856519,-0.003714383076155801,-0.0026632362476666544,-0.004000092627302822,-0.0032131848050279506,-0.0019147910226289643,-0.001343047440625048,-0.0027712534242946485,-0.003058484701030509,-0.0032512276765537577,-0.0040198993605053785,-0.00432245858570263,-0.004072592728353418,-0.0019865523973546222,-0.004517369601509888,0.012233711706666756,0.048053146387229066,0.013170450097655188,0.013115460464936408,0.012173274146635491,0.017198736621251463,0.011523514247618731,0.012274652456701656,0.008292963676903747,-0.0069510799897994375,-0.007046855947390946,-0.007427034428155189,-0.005780360242237325,-0.007869465874487306,-0.00632305594648986,0.008553895578340735,0.008114995290467443,0.007610961041348698,0.012465360339186136,0.007575014398606371,0.007882291848105008,-0.006821851426357484,-0.006855215557889488,-0.0060105656026970015,-0.007286715574781695,-0.006910668339832094,-0.005364498614760018,-0.0051019379188489075,-0.006470842033849304,-0.006873307317299038,-0.005862139219880218,-0.006567291217181764,-0.007386636250449787,-0.006729377853189699,-0.005353915012650722,-0.00782908034710921,0.006037249630347458,-0.007606736530252697,-0.006665095555754996,-0.008401839168480738,-0.00847198905587286,-0.009024975068220142,-0.007922567507673377,0.007580224913979852,0.008165122227136466,0.006522959323248993,0.010088706954628957,0.006753152929156299,0.005484963002211814,-0.005440524790595309,-0.006522766879850879,-0.0073949766250053645,-0.0071338379782086144,-0.007509240502252759,-0.0033945408932976556,-0.004056162101220184,-0.0047910940420665135,-0.006632772617778837,-0.006770977801449463,-0.005935723415053118,-0.008304200501413542,-0.008837618707910614,-0.007987059089573909,-0.008927216713986719,-0.005078996080633271,-0.004828852028341145,-0.005709388794233167,-0.004594203964685859,-0.005701740187805978,-0.005459173042299027,0.0023972620880656397,0.0018032104820763393,0.0006321422235397739,0.00151927863363573,0.0019182134849056506,0.004163792210173101,0.0025207645704999697,0.003313527514265706,0.0026456761559063287,0.001004478544464043,0.0024561279161424755,0.0017726168463164003,0.0001876258640485695,0.0018800218910598055,0.0015792583993430155,-0.003996781980167031,-0.004530581379577633,-0.004416658275931767,-0.004512508751955982,-0.005638174799636665,-0.0026988580981946084,-0.0028607977131205613,-0.0031513968802459615,-0.005255087177153954,-0.0043222724944518886,-0.003950445649102589,-0.006268969123762866,-0.004290335702337295,-0.004767391758618874,-0.006261301830181368,0.005091849493752248,0.002556621228695416,0.0041520912355495045,0.00242871843933183,0.001685985592861511,0.003939387765529154,0.001899032620554065,0.0008796725583911289,0.0011111546692956018,0.0016151493556619413,0.005735100886464023,0.006992159984584976,0.004195082114656008,0.004153979617475768,0.002934357934655399,0.0033448982117184004,0.003221689681331007,0.0014832587273297764,0.0025518357946614184,0.0006669653711274908,-0.011486788152489357,0.00955952347672279,0.013542349738362398,0.012136033819117724,-0.011195255591301084,0.0214444731319973,-0.010929576374599917,-0.009700867653711162,-0.01146998286761658,-0.01072923063146482,-0.012593670864750732,-0.010708626899486815,0.008692820565221547,0.012680088026552907,0.011272139063746207,-0.011057545660232782,0.020110725321536398,-0.010791920450010739,-0.009951423854910697,-0.011332217601138455,-0.010980084971612172,-0.012364808383452906,-0.010959428802387271,0.0534616073036253,0.05099137444124211,0.009356646666565688,0.061149278686314,0.010184392994724378,0.010435817818869405,0.008709006201027093,0.01332804532156808,0.007702890617141802,0.009451141495178663,0.0642927000707098,0.013340683474206139,0.06568998025935481,0.014131525564318046,0.01397431156651462,0.013385179761841224,0.01796468559493689,0.012341619018086418,0.013381657507927636,0.011933925041773244,0.0652814832654248,0.014097086140631538,0.015515701085433757,0.013231150106138899,0.015201732104269894,0.011386540100426834,0.012027969719126817,0.020765416846557406,-0.010500639681394213,-0.00966044040947153,-0.011040754377014522,-0.010688704204685904,-0.012072957145303837,-0.010668109965546416,0.022137763194253375,0.022611101891522347,0.021346217984328644,0.026354673035274237,0.02148562712589628,0.020222268614459134,-0.00837891438186922,-0.009304784358629921,-0.009757805749494615,-0.010121935727028424,-0.010402621843120545,-0.007079960681000118,-0.0073261728117137775,-0.008280950940866618,-0.009627828582141755,-0.00937258159374374,-0.009269976615499062,-0.010942641597481472,-0.01158064271997162,-0.010202360278207102,-0.011974649625676724,-0.00964000235704725,-0.006214694103590404,-0.007884456631703127,-0.008966206013188248,-0.008540589121790367,-0.010001469840628656,-0.009014857681814472,-0.01014888781234682,-0.01058572019824671,-0.01036659222035977,-0.008481055467457133,0.014951520383173312,0.011632289970534277,-0.009349145645797705,0.013340973009451472,-0.009802737926626823,-0.009397820228114178,-0.010920686074179098,-0.008809037001020039,-0.011138611541425245,-0.008863759262964661,0.024575649117646235,-0.0059250486800774506,0.017326042637255634,-0.006512324108084299,-0.006424730578889554,-0.00698801823007517,-0.005199241898706215,-0.007451390897983162,-0.005498560262312565,-0.007594193888935154,0.015181164612084545,-0.0071809971743885806,-0.006056570817950309,-0.007975704123970142,-0.008252635211071217,-0.00861972342395141,-0.0071099073208366415,-0.008250121845269603,-0.010098485765559688,-0.009111762384202969,-0.010245918557357458,-0.010682817434941332,-0.010463651297110826,-0.008577892008080389,-0.00842980588541817,-0.007995222026528434,-0.009062765110274935,-0.007394580596390594,-0.008757117729597943,-0.008423892699925389,-0.009331679825826283,-0.010118213181576026,-0.011463333144467926,-0.010427290552365428,-0.00961262166803145,-0.007540820700972248,-0.009363007998666161,-0.008424279691022062,-0.008691690409829197,-0.011085653144887369,-0.009477359244725843,-0.009759971095274572,-0.011936840503368707,-0.009808437595701314,-0.009977548448474613,0.014076405699498872,0.010753511324707522,-0.00943078327254192,0.012287885779085437,-0.009884412378929845,-0.009867351256859905,-0.011002454643381055,-0.009278270146620065,-0.01119908667964683,-0.00933296610148994,0.023710999818138383,-0.006006385935998089,0.016278213065059523,-0.006593711301689346,-0.006892594993022129,-0.007069446036481143,-0.005666472995299735,-0.007511674206359163,-0.005965949009628927,-0.007675685125617793,0.014130459666474653,-0.007262453022862146,-0.006524291342037825,-0.008057228646707132,-0.008721722095294197,-0.008680080514524343,-0.007578176565822983,-0.008512650851999285,-0.009563353154534729,-0.00896473454346172,-0.009710702294654117,-0.010535477050745957,-0.009907005916550264,-0.008430974514957067,-0.008692399379084361,-0.008645050972183016,-0.009325563289082184,-0.008043933183910789,-0.009317791619353403,-0.009073964910595313,-0.009184612082869865,-0.009583055886499211,-0.011315847087044837,-0.009870667686888183,-0.009465512994247907,-0.007394082828192744,-0.009603730432310578,-0.008256160420212995,-0.008932191422003502,-0.010938236861562655,-0.008921369796524768,-0.009612838042630798,-0.011767910323941715,-0.010049270391837634,-0.009809104328500864,0.06297671273951924,0.014735874044351789,0.05738496763081142,0.014728088692729634,0.013871591217030771,0.013321513439059646,0.018914797339523788,0.012889849273576101,0.01477688471890383,0.011415665259780158,0.05401101720246065,0.012386416513518907,0.012540973717112786,0.010664409112066743,0.014347485009343875,0.010056962664907515,0.011509794409772364,0.012948803692125617,-0.009593481747130884,-0.00957641777385177,-0.010711142616349952,-0.008987525474560512,-0.010907699744593118,-0.009042237339599295,0.013340422143043559,0.01282183815978282,0.011779392407080438,0.0168692781950306,0.011786452836756929,0.012400826985067549,-0.00921473467297767,-0.010001133148110193,-0.009184692603367055,-0.010288875536172548,-0.00949563801246284,-0.00839189566413256,-0.008057587959069981,-0.009254983677014977,-0.009543816367941365,-0.009777380565496555,-0.010309038379223631,-0.010613101186406263,-0.010605748734313325,-0.008502348467957952,-0.010809620901683711,0.024362798858360044,0.06728767438546973,0.025285957519594032,0.025036184410091842,0.024303400556692462,0.028455724411418228,0.023663166424549832,0.024404064130533087,0.016935946920540536,-0.006303939353545158,-0.006602715549028169,-0.006779509873320573,-0.005376994753118165,-0.007221586173531949,-0.0056763709391028285,0.017194585858175675,0.016562781652325366,0.01626174665545544,0.02150606478454074,0.01622541563495019,0.016530040803781614,-0.006377834661330726,-0.006208110836153596,-0.005607099655636321,-0.00663930270876899,-0.0062635109718446325,-0.00492128079633326,-0.004901577064650444,-0.006027006430484842,-0.006429246889281681,-0.0054587346671892386,-0.005920437198031251,-0.006739094933396641,-0.0063255821074883235,-0.004950710603578491,-0.00718118385566848,0.014789935939547959,-0.006972409058364632,-0.006234503694821358,-0.00776690736427219,-0.008431072043664431,-0.00838951852656315,-0.007288041361605187,0.01631666723112528,0.016697872257420653,0.015270534860544055,0.019078838182668967,0.015497297041009942,0.014243075580869867,-0.0050105572858183504,-0.005889242028700678,-0.00735393573529818,-0.006499845546084034,-0.006875025992070295,-0.002965669923613176,-0.004217272921209688,-0.004361471365186886,-0.00620222213472627,-0.006729870107111479,-0.0053027118472674965,-0.0076693818396391805,-0.00879673909882647,-0.00794608748360183,-0.008291873474691154,-0.008401870010666527,-0.008354517664219307,-0.009034810771408929,-0.007753611606748086,-0.00902704901472493,-0.008783323739112593,-0.009281534142910362,-0.009680024281342507,-0.011413026549898272,-0.009967667604590082,-0.009562459623247883,-0.007490802813316479,-0.009700711480021447,-0.00835297987241784,-0.009029079741821449,-0.011035373582951188,-0.009018263075760972,-0.00970979947599417,-0.011865151058650348,-0.01014629823805481,-0.009906090674114548,-0.007518943466592379,-0.007851503988725212,-0.007575474937900594,-0.007833081244713646,-0.008963130180958193,-0.006215854941914081,-0.00621679918000239,-0.006669999285977429,-0.008782280328359864,-0.007480759737757326,-0.007268950555853673,-0.009596474906959038,-0.007448321090911013,-0.00792731658279086,-0.009588694331519272,-0.006550437298623373,-0.00966437662811566,-0.007502878314337114,-0.009248960868647337,-0.010343987044282134,-0.007514788131141645,-0.009582161090862538,-0.01116215765485954,-0.010926261885880573,-0.009869754736668018,-0.0064375934565806345,-0.004624242474946285,-0.007458400140471389,-0.008043031878086077,-0.00928027478703141,-0.008320494357154377,-0.008784517001828493,-0.01054884642030174,-0.008920516769733537,-0.011378051457824874,-0.008541233094761135,-0.01181416252684304,-0.010255053475691795,-0.005954676105716086,0.003249428026545975,-0.006622552221878895,-0.003427775590086216,-0.0065465116922581185,-0.007370844558402649,-0.007037999430574466,-0.006685022267504291,0.008569065529160775,0.008146023542952142,-0.008250725232939828,0.02391485959675156,-0.008339323788723006,-0.005716364281245681,-0.009231833494735392,-0.007458530660801229,-0.00972517477960535,-0.008983192047673933,0.014492539309887389,-0.01152251463892028,0.021753035035136998,-0.011645498483432463,-0.010027531909063667,-0.01179734701630279,-0.010612913112831104,-0.012921524520416406,-0.011035673170387618,-0.009963957818489928,0.022882944778257346,-0.008967284710322274,-0.004851638907041701,-0.009532301813243124,-0.010701484853501052,-0.010949390760053922,-0.010697943714136276,0.003535830738870819,-0.006719180701965047,-0.0035240224114954457,-0.006643129359461098,-0.007467572659521557,-0.007134682173486241,-0.006781659677761395,0.0040168308345132206,0.006245951457560994,0.0038142334286542074,0.005570853343820672,0.006043495577744379,0.0023049473841181235,-0.003180142027141031,-0.005847288467545178,-0.007764385493927294,-0.00641743564869133,-0.007450213965413035,-0.001279266215163781,-0.002692674797352659,-0.0019406596000662588,-0.004909491142564029,-0.007056981110852315,-0.005246706509743051,-0.0073740791603776595,-0.00877371779643113,-0.007812184005735013,-0.007866135003995989,0.007701236099384564,0.007277788403949655,-0.00811362488293232,0.022585470675087503,-0.008202204636865232,-0.005965868921731094,-0.009094532909249253,-0.007708532844822632,-0.009497335141172424,-0.009233570863565861,0.013631220894112292,-0.011384736250624939,0.02041979427435913,-0.011507693693232717,-0.010278173166433119,-0.011659513257920024,-0.01086373984876557,-0.012692545448165518,-0.0112865602663888,-0.00982650681694628,0.02155192209430047,-0.008830041517173272,-0.005100857994074391,-0.009394940786108474,-0.010952424812030773,-0.01072107266082875,-0.010948755968474205,0.003178744332713524,-0.006126382211022917,-0.0033184004570300098,-0.0060503974497548565,-0.007260909122767638,-0.006451567815649583,-0.006575192224368364,0.0036599769196394598,0.0055093522707425025,0.0034572901746211804,0.0048336824697584315,0.003646395934075895,0.0015646278621097081,-0.002974610623899109,-0.0052551104364694096,-0.00755764853463202,-0.005734956173032339,-0.007243578479661179,-0.0010741933186639674,-0.0028718638478842737,-0.0016461578945848915,-0.005089189656700879,-0.006850423063913637,-0.004565201931782572,-0.007167467067304231,-0.008476353777108222,-0.007992524737540084,-0.007569237361328597,0.052976334128540026,0.008365882381163313,0.060816270811250656,0.008815288332918376,0.009446398131161075,0.007717452576632533,0.013167336932765098,0.006709993791325156,0.008460555499972482,0.007942727194791709,0.06067244772327084,0.009486827879104277,0.012562624508717046,0.007985406937839503,0.01132552523130291,0.006691319160037553,0.006844487817151561,0.023238204961420726,-0.00791182566571048,-0.005676303972028046,-0.008803850577024087,-0.007418303961153941,-0.009206498699134417,-0.008942829030585736,0.02426661850947285,0.025512650385170508,0.023136781377814768,0.02866416911430419,0.02331948413133406,0.02166270259816196,-0.004752894486500562,-0.007425441731362784,-0.007134734707536767,-0.007906552124471451,-0.009031501520313368,-0.003810865898601352,-0.0030284452071306033,-0.004384511595036357,-0.0074525193098289606,-0.007394544139966196,-0.007700780693277799,-0.00992471563959262,-0.009021666778407017,-0.008150049406906848,-0.010327966828496505,0.014291134550461559,0.06826044138177348,0.016071986602940905,0.01786221012583463,0.015584387802045001,0.019018767485443226,0.01374571226387073,0.014384767033466696,0.02107425972537122,-0.011216162733176167,-0.009987074724571226,-0.011367934751446578,-0.010572396920286165,-0.01240057869060105,-0.010995126236160443,0.022072839142562837,0.022919303046236145,0.021654854450351285,0.02746916064814352,0.021794159906461993,0.02053128579777993,-0.009092588610001532,-0.010019285208227079,-0.01002964998312371,-0.0108371260707054,-0.011118016261496607,-0.007405595398707468,-0.007210329299775397,-0.008607049421442522,-0.009954431255874656,-0.009256461050424703,-0.009596451864852343,-0.011269762848810127,-0.011464198014983988,-0.010086123356230993,-0.012302211913264844,0.022205382164939683,-0.008539456744690619,-0.004811667295065762,-0.009104157696628952,-0.010660945975380967,-0.010429749511486244,-0.010657425638617225,0.024747021289124996,0.02796723087270071,0.024485726136371212,0.032060103565346935,0.026861889971629544,0.020628130097877458,-0.002812552501797268,-0.005771882367804006,-0.007457826880843596,-0.006215106266912645,-0.009659939835650446,-0.00046077462556041147,0.00333302309994941,-0.000280687709859425,-0.006585463650894732,-0.00511050287174126,-0.003823799200334637,-0.010225417828126936,-0.007937313259662775,-0.011395913218798532,-0.011553121247724766,0.003946252407253625,0.005794986394056718,0.003743628884061325,0.005119524691754328,0.003932640680582735,0.0018516251958351397,-0.003070802680486153,-0.005351580709946875,-0.007654397491104744,-0.005831481590691442,-0.007340280449133537,-0.001170173808222062,-0.0029680380202220273,-0.001742196330923397,-0.00518564133509154,-0.006947089418504667,-0.00466159609054864,-0.007264158210704081,-0.008573236268740006,-0.008089326447542993,-0.007665979707685587,0.007468664187942611,0.005866354165666368,0.0062509569608754055,0.006261337389255764,0.0023336281524468767,0.009070643120124977,0.010497710105747774,0.009653090328040907,0.004121846175667888,0.007235332656920231,0.007423023273395967,0.0021306488652595925,0.009379065762306302,0.003891046979771023,0.002320189775816034,0.0006256205328885109,-0.0022546920048232017,-2.414137627111713e-05,-0.004840990830461199,-0.0049093228536192576,-0.0016222021231976642,-0.006467725227191199,-0.0056553639917931615,-0.008386362571048434,-0.006948274668635975,0.0013538589417103522,0.002953975266721515,-0.0029361983856634444,0.001232528683501135,-0.0043523819922313915,-0.003509368415094713,-0.0020025231578714065,-0.007678414211594743,-0.0057768448397841,-0.009306231696292473,-0.009737775569691812,-0.010674408467188605,-0.004670924235577971,-0.004418069430898648,-0.005951751537736852,-0.003676897497635766,-0.0063493826564106105,-0.00592653533361162,-0.0061162510560425635,-0.005400136207757325,-0.004661289546601725,-0.008377601094032386,-0.0073078432456758335,-0.009799984892098176,-0.008426215170774005,-0.009559459023471861,-0.009654711577161095,-0.009776987376506896,-0.007892836683592665,-0.007170907548373457,-0.007290678697536848,-0.007691027712008292,-0.004590436322371974,-0.007871513481298878,-0.009186306900457887,-0.007889927876477121,-0.007902351920258144,-0.003736177878996366,0.015961164889542113,0.01873805028641219,0.01651313605571685,0.015826100739537784,0.01674049557784861,0.017063654599264386,-0.0047432398922800535,-0.0030324961547919787,-0.004659523800602621,-0.004777102058943923,-0.004110119123148942,-0.004977835689546009,0.017718298376402243,0.01582932629026331,0.014160995317392294,0.015868669074563163,0.015250258400578172,0.020145456711268214,0.0181167041581641,0.019726970443759154,0.017392218100743716,0.015125233990292397,0.01738619695276121,0.01580274832035225,0.01491032052870206,0.015491571713103853,0.016030291626678902,0.014507542214348527,-0.00944688042714199,0.013875040098586373,-0.010288612723005026,-0.009495561859991892,-0.011018623798630809,-0.008160103736013665,-0.01123658125208966,-0.008961423860251177,-0.010383180400285326,0.012101885572954846,-0.010322780039845823,-0.007792399018714752,-0.01147513728248472,-0.010490003487054011,-0.011493789893223597,-0.0111175092128688,-0.004129027418416306,-0.0060482995495574395,-0.0037731764979531527,-0.006445972307129539,-0.006023091823644296,-0.006212816083508731,-0.0054966271541767855,-0.004558056252788116,-0.0034250686130569015,-0.005438621226781483,-0.0030261047803928254,-0.004888666164206799,-0.005371238051094838,-0.004241959695104454,-0.0065695742944014745,-0.007152172865286865,-0.006529180060395203,-0.006778709469491251,-0.0027117178531854158,-0.003668234179932647,-0.00314184930337168,-0.005159143851839066,-0.007129250949903372,-0.005935880514921957,-0.007176705853058353,-0.00735093278887389,-0.006367060685228072,-0.006943358294792169,-0.004372138725381969,0.019136991504429157,-0.004345889729682199,-0.0028404075171390344,-0.0047521651823700505,-0.0037922560437496995,-0.005393411631147546,-0.0038899065133200603,-0.007017801457244264,-0.00989697572277958,-0.008523050025339752,-0.009656419785024701,-0.009751701557262153,-0.00987397643779157,-0.007989603452942265,-0.007584026450748458,-0.006763154445148448,-0.007829204908837206,-0.005420906751037833,-0.00752412082931498,-0.007191370571651517,-0.00913036412837179,-0.00991669357727953,-0.010919794095562292,-0.01022569271337154,-0.009411249788139007,-0.006953216386592123,-0.008433361592521607,-0.007836034433507668,-0.00810331456984095,-0.010154092920941042,-0.008888373765454543,-0.009170859343062745,-0.011004254849106596,-0.0088783451014742,-0.009388260791387609,-0.0070006186944911696,-0.007787780252820469,-0.004686819447200699,-0.007968287192381317,-0.009283256523493228,-0.007986707970511115,-0.007999131219919166,-0.006364950019782117,-0.004206013276470564,-0.006826161843879025,-0.005987796330756338,-0.006250740042795109,-0.008247198518378069,-0.004394606268334002,-0.0070225685284135125,-0.00943164457368601,-0.007321189846093051,-0.00851977530000409,-0.0017414911518597947,-0.0036374625392574227,-0.0025349065038366117,-0.0060744153952402855,-0.008482022707037894,-0.0057999879595002175,-0.008700446326388693,-0.009999234644080994,-0.009628696248693312,-0.00871891581243297,-0.004839649974516706,-0.003128717300872014,-0.004755923357589812,-0.004873526524464061,-0.004206448924842308,-0.0050742719578709345,0.017249023888559575,0.015358938394020019,0.013689707002546585,0.01539830319020193,0.014779520803992448,0.019677548934618233,0.017647725261448418,0.019258825120263928,0.016922676926691027,0.014654492272575894,0.016916681653784144,0.01533234650610818,0.014439437376079405,0.015021025381251494,0.015560008315838574,-0.0031252729362161264,-0.004406584139799124,-0.00562683186553222,-0.003948267032686932,-0.006082954998560038,-0.0011177748994013392,-0.0025074597503061745,-0.0010298691265558414,-0.00443442098732158,-0.004919728472183926,-0.0027756827402608975,-0.005999092795394164,-0.004548388883853675,-0.005730813000859103,-0.005448719758118967,0.019784355541367593,0.016777055514410628,0.01917815975245649,0.01590058981704722,0.014416284177649914,0.0174692318124489,0.014647514369918336,0.013927783005027325,0.013354270283538049,0.01468691331500766,0.020493362501363632,0.022561048684417342,0.01833338647329739,0.01952492943294446,0.0166760682111145,0.017913920758562882,0.016547217503397046,0.014319465396945792,0.01620661127550799,0.014104305192865279,0.013631929927616533,-0.009528527707448432,0.012822615980180033,-0.01037033015915026,-0.009965153801240433,-0.011100402047188295,-0.008628961398016386,-0.011297062318493471,-0.009430691543214619,-0.010464910262774265,0.011047100726698894,-0.010404504499128008,-0.008261010588175329,-0.01155696099796896,-0.010960267810146949,-0.011554289389395492,-0.011588012409531267,-0.004390248834383787,-0.00551580003014691,-0.0036271670972485006,-0.0059132379960032235,-0.005876632344897333,-0.005659099265040848,-0.005350273928238066,-0.004819415620910225,-0.004071335902222492,-0.005700257917091037,-0.0036720381821523235,-0.005446465807520133,-0.006018959933138127,-0.004095866868130175,-0.006036746846955901,-0.007005503005794056,-0.005975246034806955,-0.006632121966795881,-0.0025659079869679987,-0.003907363585660898,-0.002974931898624748,-0.005398701882567334,-0.006982584372427163,-0.005382336149072455,-0.007030049934833546,-0.007183040555143882,-0.006606965319387399,-0.006775582143622685,-0.004453355074969113,0.01809150038020001,-0.00442710387567776,-0.0033063750818194577,-0.004833414635075519,-0.004258824697907548,-0.005453605446833693,-0.0043564197280401475,-0.007279940085583309,-0.00936198412596262,-0.008376135802697023,-0.009121597145414764,-0.009604536015976613,-0.009317745827241248,-0.007842799450775735,-0.007846352462963007,-0.007412025624152086,-0.008091612107721389,-0.006068685386878827,-0.008083882440063703,-0.007840484549425812,-0.008983337022028087,-0.009381677307781264,-0.010772409842048069,-0.009669218376511466,-0.009264181765782722,-0.006806591811497675,-0.008673830376602508,-0.0076680495477984235,-0.00834364991069963,-0.010006851608887223,-0.00833279837239071,-0.009023840018463241,-0.010835532439318913,-0.009118924074203474,-0.009219951411703115,-0.007262773703713971,-0.0072541302205277585,-0.004540640269321755,-0.007434518064715565,-0.009136158301086194,-0.007431718100952816,-0.007852308085139936,-0.006626900550230896,-0.004852874700629809,-0.007088259354383616,-0.006636112291116724,-0.0068095695488625775,-0.008897217247826971,-0.004248480135328989,-0.0064894065068354006,-0.009284519929472462,-0.006766653259551973,-0.008372854485407895,-0.0015958780910936062,-0.003876526061716811,-0.002368135028182143,-0.00631422087940752,-0.008335091529621823,-0.005246526016459586,-0.008553491002822617,-0.009830687361087522,-0.009869535517384297,-0.008550725759466091,-0.004487987603786384,-0.003162573305771831,-0.00440429909748364,-0.0049074598698641845,-0.0041508909641996975,-0.005108210123300707,0.017792229568439732,0.016279477173578256,0.014235151124303548,0.016339164442882085,0.015324355845029813,0.020219235576926817,0.017815461253393387,0.01982102033000596,0.017090595205926668,0.015199328837083529,0.017855866629738808,0.015876807266814726,0.015004841014317956,0.015189253709191997,0.016124710107210206,-0.0031591281106884985,-0.004055093139545402,-0.0056607990375298275,-0.0038927078981564763,-0.006116937708382924,-0.001151544258605689,-0.002926032399387264,-0.0013582878363019217,-0.0048539500837224015,-0.004953664753158193,-0.0027201143994940932,-0.0060330715137740095,-0.004878456346504458,-0.0061510049796981445,-0.005779173988049825,0.020325996071828487,0.01694494624988773,0.019740417990644035,0.016068684328646627,0.014961273334037916,0.018407814293458075,0.015192422075830474,0.01449352461793508,0.013522792580695171,0.015252198721314164,0.020660577437919533,0.023121114124123435,0.018501054022550926,0.019712564466706717,0.016468196289746065,0.018101968651686905,0.01711117883326613,0.014487817235399311,0.01677089894651831,0.014293135839627692,0.01429176317616962,0.0575221698389963,0.014882573480419084,0.015413125542454139,0.0135431599601417,0.019498250679216192,0.01293808830163166,0.014385384217289547,0.013483133262303394,-0.01007922636869904,-0.009674181871243692,-0.010809051496075825,-0.008338454052067191,-0.01100563684353078,-0.00913992437762073,0.013497323610638028,0.01335629699009039,0.012314452313005837,0.018512098432762983,0.012321495180156197,0.012935465799052729,-0.00970026345764318,-0.010487131165008797,-0.008922919775857378,-0.010775036053777219,-0.009981294235869945,-0.008489507252332653,-0.0074092837630606815,-0.00935270908167503,-0.009641570545293653,-0.009127664798549581,-0.010406899961966566,-0.010710991022987776,-0.009955303485390775,-0.00785371325239044,-0.010907538948647082,0.01170904799790511,-0.010113374282271052,-0.00797065837144554,-0.01126542962514524,-0.010668872081818917,-0.011262748916201281,-0.01129646415335958,0.012896987031031976,0.014064609575229968,0.01150138362435222,0.016084234518492516,0.011773244405188671,0.01011133058796803,-0.007097132661555703,-0.009733929306567694,-0.01023490513675231,-0.010012334608170146,-0.011235994979174477,-0.0053992312360787165,-0.0053987666639314065,-0.006175117679300827,-0.009752029438582903,-0.0102543027180327,-0.009455027862734573,-0.012389622383818206,-0.011753996865802243,-0.011403629876084651,-0.012386976728886553,-0.004530231470781741,-0.003782385524919649,-0.005410771527794412,-0.0033832362626440627,-0.005157066525729804,-0.005729363246529461,-0.0041921898755717234,-0.006133301472060242,-0.007102181488961994,-0.006071792721849032,-0.006728749362025243,-0.00266205752679095,-0.0040036730713536575,-0.003071127571506381,-0.0054951918240673464,-0.0070792608885446775,-0.0054788172601659265,-0.0071267190187688425,-0.0072797431876481,-0.006703601207960806,-0.006872223207332305,-0.0032013383700986685,-0.004482737891548276,-0.003557271316692901,-0.004320256902464057,-0.0061592261136129995,-0.0021543173569633046,-0.0014055473132654364,-0.002361246726715902,-0.005474980950771741,-0.0038144354697418493,-0.004109885050756271,-0.00704146721045009,-0.0037393825978984984,-0.004624416616596237,-0.006787271956371983,-0.001976559215314644,-0.004319197102409442,-0.0025772852337309364,-0.005964947697752727,-0.006743815069702967,-0.004333308469919881,-0.007250439066286051,-0.007224447584929802,-0.007833601384874279,-0.007188837113207205,-0.0014643165886371982,-6.533131368004487e-05,-0.004431405170298396,-0.0024385845375602287,-0.00539011204098306,-0.004841382400041961,-0.0055004749101574294,-0.007810665407833384,-0.006595089931044101,-0.008011349654569799,0.018747819010616822,-0.004138037266090627,-0.0030176966261687946,-0.004544205607229269,-0.0039697669918257435,-0.0051641571413568255,-0.0040673956732615,0.019892940166642926,0.02064660701493666,0.019226112250008087,0.02493430644100596,0.019451328822116542,0.018203407600747398,-0.002182752771078661,-0.0030584504415764034,-0.0032837617302197046,-0.0036669682686601094,-0.004041158019785533,0.00023836888177937153,0.00021910882794396486,-0.0011518545842538097,-0.0029857229216763716,-0.00227891303861925,-0.0020897435157944126,-0.004447253407631726,-0.004332809403991571,-0.0034877150323480576,-0.00506708622396351,-0.007556114611376281,-0.007121917971023755,-0.007801285713466596,-0.005779063426961818,-0.007793565931794229,-0.007550269239351191,-0.009080234025008528,-0.009478620627141684,-0.010869526878173033,-0.00976619320642495,-0.009361103328921613,-0.006903242149138192,-0.008770704361221305,-0.0077647992442234585,-0.008440468402947501,-0.010103881009113956,-0.008429621816470905,-0.009120731546519297,-0.010932665676374754,-0.009215844782608128,-0.009316867824069116,-0.006674013589578322,-0.007006242441832303,-0.005987419556628239,-0.006987908825235653,-0.008116847830342774,-0.004986279069961895,-0.0042459021557782,-0.005439863664613133,-0.007549148076066884,-0.00550680377389113,-0.006037983295638271,-0.008362179490315412,-0.005474680947920982,-0.005952434386464748,-0.00835444093856906,-0.0063498202775037664,-0.009121998448961333,-0.007302023948321214,-0.009047680725455063,-0.009801164975762161,-0.007313936730853375,-0.009380795247594961,-0.010618806657437113,-0.010383108594344992,-0.009668318170640122,-0.005511270493705441,-0.004038671192875646,-0.0068708965262319855,-0.007114872041434001,-0.008350785104882926,-0.007732370886364175,-0.007855607393925044,-0.009617949110534218,-0.008331982498269455,-0.010446162346606105,-0.006337071761838634,-0.0045636603042986616,-0.006798270356135993,-0.0063462512609808695,-0.006519687948809549,-0.008606599612616462,-0.004344823794545714,-0.006586020685289239,-0.009381478632125297,-0.006863301839559603,-0.008469686664413304,-0.0016919061608462597,-0.003972808846936371,-0.0024642544842238667,-0.006410815293319771,-0.008431930861527008,-0.005342993297069903,-0.008650344378459553,-0.009927732821548256,-0.009966565032827192,-0.008647582147855402,-0.0029203140935404417,-0.004500060107799461,-0.00504978566507632,-0.004212075701420281,-0.007969694738609279,-0.0005506628196617675,-3.271865834904457e-05,-0.0004723579514557098,-0.006257804670632213,-0.003811264920107121,-0.0026877210390612396,-0.008431795030496394,-0.001812572251046506,-0.007591977368192332,-0.008152608062481997,5.304044031096245e-05,-0.003310690723384919,-0.000995818171229918,-0.0061179835066959235,-0.0062417849766686065,-0.002353129407065236,-0.007703857331596573,-0.007056654498034474,-0.010115068149178605,-0.007981542633912915,0.0029677814227493265,0.003327933186917342,-0.0034588802265796883,0.0016665820183992843,-0.005358858724574591,-0.004233020193972933,-0.0018366799134676554,-0.009164596577876938,-0.006459102981262428,-0.01066199070831224,-0.0032553622412226134,-0.004151426737864903,-0.005757327894238984,-0.003989019083073434,-0.006213506418245094,-0.0012475533695971935,-0.0030222457242365408,-0.0014543151910484788,-0.004950381819110996,-0.005050112487871029,-0.0028162949370131238,-0.006129629671681736,-0.0049748914232798334,-0.006247588116989894,-0.005875703081599193,0.019858160300036974,0.01647528757432442,0.0192722648697195,0.015598391802565661,0.014490424453752227,0.017938864216928446,0.014721648754507257,0.014022399189214623,0.013051117731606256,0.014781463571191087,0.020193078837129057,0.022654832915105543,0.01803213275441924,0.01924451694951152,0.015998200410745123,0.01763282508783093,0.016641571672656764,0.014016689667524037,0.016301015394080808,0.01382188281288349,0.00010644461894444513,-0.0027643821245386933,-0.00019074192204839905,-0.004946893325080072,-0.00414142363487702,-0.0009030712718158899,-0.005779764767908298,-0.004056072576311002,-0.00700216305257709,-0.005616978429564453,0.0007650014764861287,0.002891968099964281,-0.0029351226796707976,0.0006416099372283427,-0.004327843020382226,-0.003142205757360835,-0.001369115773221478,-0.006293902823133023,-0.004442047724786211,-0.006218518621218499,0.020743315874951616,0.02398773327039087,0.018139105761460404,0.019523856451306967,0.015125639806539448,0.017551960732663064,0.018396460430541006,0.013778284323110256,0.0168539875834259,0.013309830573376523,0.024864592005446367,0.018850165427985,0.020941888621722426,0.01789989191490549,0.015931356441990525,-0.00493922082256994,0.016431322934217212,0.017741084554719216,0.015727454555364197,-0.004590635748585116,0.021520582558112362,-0.004335223240677855,-0.004625232628870247,-0.0053254967910552585,-0.003706102188173556,-0.005965478840768339,-0.004201480669869835,0.015574738320577703,0.016885752285624406,0.014870196004005087,-0.004745224237325084,0.020494566474438036,-0.0044897717876369566,-0.005073414561481508,-0.005480200885093493,-0.004153858724586142,-0.006099162086856063,-0.0046494901376914755,0.05325801284328125,0.05036107687207956,0.016202634480072368,0.05717191764876921,0.016882669666142266,0.01588151136951878,0.015196687398736386,0.019265550805258977,0.014592128152487152,0.016297287379378723,0.0589835775859371,0.017512787771374386,0.05906827592458729,0.018149924857426065,0.016944759886080775,0.016997670326704163,0.020990855201173456,0.016351029220503133,0.018839019603611274,0.015498555338553996,0.05718920442957496,0.017031173412897994,0.016435748701132444,0.01564612213186034,0.01848204536402362,0.014890872002226782,0.015593241645213885,0.02111908668005097,-0.004141356158365608,-0.004724786552085471,-0.00513141926089145,-0.0038055665376156497,-0.005750135785254135,-0.00430099855120204,0.022151989790485185,0.021377618562655246,0.020943285144991504,0.024705106504459506,0.020734471394898524,0.020768198178427684,-0.0037508547158748443,-0.003811504082767782,-0.0031946347765051835,-0.0044188606154786465,-0.004045652716002743,-0.0032655092186802764,-0.003070056551633783,-0.004273881954759598,-0.004588350904739424,-0.003674505103846791,-0.0043976689978370035,-0.005035666491861492,-0.004649164429711272,-0.0034166978256043854,-0.005654347838820859,-0.0007932368409312489,-7.06195712144844e-06,-0.002121807684960271,-0.005597530598875181,-0.003666468642994545,-0.006336100467840131,-0.006692479328214712,-0.007048609242709445,-0.006281604490399385,-0.007168346994931489,-0.005208001543381181,0.021413999558128026,0.018097386065744448,-0.00044620522919871554,0.018306988759165553,-0.0007422771916831956,-0.0015352066335806165,-0.002182124133659856,0.0005570417440693436,-0.0023011924923397277,-5.857042474230322e-05,0.02629781359999907,0.0003396935914430865,0.019667178412801127,-3.996790132224902e-05,-0.0010003143117051994,-0.0009778938158207684,0.0015167958672232123,-0.001268089573766341,0.0019841091440412247,-0.0017742826878338793,0.017042184310933545,-0.0013967715950619704,-0.0018551300601360777,-0.002635071460575055,-0.001274847135619706,-0.002919881850855084,-0.0013861655436490288,-0.0033183682967299908,-0.006280969669386413,-0.006637327516756393,-0.00699343719774096,-0.006226474967165363,-0.00711316733531303,-0.005152933876367537,-0.003381491345668276,-0.004033907384188325,-0.004429761910561456,-0.0022859363182576786,-0.004387757979171705,-0.003387006359521927,-0.006747669695359421,-0.006789212680680476,-0.006759591664438531,-0.007017560753171235,-0.005891196495089319,-0.005933555746913162,-0.006485161620755196,-0.006608048841289431,-0.006206618239056299,-0.007111736649528002,-0.006844544201959344,-0.006603409268262099,-0.007555352582343544,-0.0055428477809843025,-0.006723091768279684,0.02057395048729681,0.01725430486372034,-0.0007094276236465856,0.017375261733008514,-0.0010055789072115505,-0.002091384539731503,-0.0024458328570036575,2.136712808568983e-06,-0.002558428515475526,-0.0006138999607055742,0.025462497871699588,7.668160525108351e-05,0.01873678661537714,-0.0003030870607255118,-0.0015561899352503795,-0.0012412799870506243,0.0009624259509990239,-0.0015250564776913788,0.0014300640882237705,-0.002037881030081352,0.016109129031784408,-0.0016602613512389955,-0.0024115124318945256,-0.0028989198097445572,-0.001830915602304527,-0.0031773001547414984,-0.0019422862544140988,-0.0036733522377022537,-0.006035082334305285,-0.006685443201315397,-0.006747359238505607,-0.006274575056008862,-0.006860495135512654,-0.005200990050312991,-0.003736506944900307,-0.0046826541350815706,-0.004785187138030611,-0.002933452298451171,-0.004825647035726116,-0.004035319774646772,-0.006795789611831343,-0.006543183556100167,-0.0068077139718606084,-0.006764915634007478,-0.005939283082680874,-0.005981642559838941,-0.006827431134768269,-0.0066496073538422065,-0.006548783507118646,-0.007159874747843101,-0.0065919443790107835,-0.006651525150349851,-0.00759694211418473,-0.005884793978793847,-0.00676465478932464,0.06065708297306492,0.021198530407121698,0.055514933836683905,0.02125544316340377,0.019601721008147513,0.019624284154952626,0.02448954765168518,0.01934636853899402,0.02251920232353387,0.017881059746561834,0.05190415399097919,0.018679921990283597,0.017515687240041218,0.016751962019202545,0.0206218108813197,0.01647973139173156,0.01797562730297771,0.018001961113504862,-0.0006584742776480253,-0.0017438730195433478,-0.0020981941549881766,0.00034885456341665204,-0.002210746009672758,-0.0002669173519371108,0.018370225090929254,0.01701656785785877,0.016629658291158547,0.020986756234735005,0.016589699443330903,0.01764966320830286,-0.0014148585974424735,-0.0014560473072458763,0.0002574965929365797,-0.0016766911768660937,-0.0005629512410811849,-0.0013361120023647937,-0.00020000112208151392,-0.0020007774036537368,-0.0016077766136734677,-0.0008222912370330732,-0.002236147961109926,-0.0020025986215415317,-0.0012562862408157043,0.0007361800259544966,-0.002115144249311647,0.026083674966374676,0.06053135667056512,0.0268338984605208,0.025476469181153583,0.02544981153632434,0.029516029758489496,0.025136864513394537,0.027396666998676548,0.01936262102438201,4.377811505312069e-05,-0.0012088668639042616,-0.0008940644275838834,0.0013088102094589928,-0.0011777423113384072,0.0017762457315459454,0.01964865194014984,0.017939951781188866,0.018401175077923593,0.02272483217036945,0.01827285804397727,0.02075972987442105,-0.0009639398608988427,-0.0003365066596551097,0.001174661993107194,-0.0006872192773735842,0.0013972042346133188,-0.0003845724116370632,0.0005090144568465257,-0.0012198807575905066,-9.358248173789329e-06,0.0006368378099410167,-0.0007043528524461605,0.000460822301926331,0.00016044522174541928,0.0029513688815817193,0.00017755748382819158,0.016736690984192018,-0.0013129099574966426,-0.002063873409154336,-0.0025510978229112773,-0.0014834722532752348,-0.002829368523517964,-0.001594810351123008,0.01789471385901254,0.016951696698089616,0.016434999107721514,0.019768453100108538,0.016470179660850733,0.01638383315695978,-0.0010609800505369505,-0.0011119089343047,-0.0007512959558987145,-0.0014706054281469385,-0.0012173528534271624,-0.0003773444866573198,-0.000594595663445191,-0.001315417203192753,-0.001927737576660895,-0.001368221059972159,-0.0014294414395629317,-0.0024554753075947365,-0.0020693390226560783,-0.0010954312570003516,-0.0027337302525097837,-0.0033883714184598287,-0.004334161534103343,-0.004436655474352936,-0.0025856158286697607,-0.004477107147591226,-0.0036870580942331248,-0.006740632700218066,-0.006488040479082564,-0.006752554191613188,-0.006709760694521328,-0.0058841735684366575,-0.0059265323324747075,-0.0067722693619964745,-0.0065944577647505855,-0.006493638957064512,-0.007104693084599137,-0.006536798799977258,-0.006596374412355665,-0.007541733795091679,-0.005829685739479386,-0.006709497085014297,-0.003678909858413178,-0.0034677026221754553,-0.0024026237719990836,-0.0035754147269443665,-0.003750217753452458,-0.003204854982649059,-0.0026342278078219867,-0.0037164135114102093,-0.004853254562675093,-0.003005773560730729,-0.0036996071824522128,-0.004798975730029963,-0.003125053048385405,-0.0026541584555370415,-0.0048394383507705295,-0.005094550834239194,-0.0066766933365371775,-0.005870452977361992,-0.006603967997262529,-0.006570810395499602,-0.005375134993071928,-0.006392216966402614,-0.007088750658247307,-0.006362600512284852,-0.006613928028588271,-0.005097286280132161,-0.0041734123359617814,-0.005789956598056156,-0.006197393063421611,-0.006341486729051796,-0.00645780640897662,-0.006154641638720627,-0.006714602918646215,-0.006440973459543514,-0.0071514778020133766,-0.0023835828095648184,-0.005595152795911241,-0.006729084061450347,-0.006154570280059514,0.0028425442099730713,-0.006590565442636049,-0.0057381956380987255,-0.007098410894159608,-0.00692374728328612,-0.007493144639188828,-0.005708080360241513,0.015306993440162092,0.012922682245645545,-0.002035917059436506,0.02402248384243665,-0.0020308009661031065,-0.0016215795387103198,-0.0032687280161755963,-0.0010043661420439083,-0.0036616149505997596,-0.0015917800039095655,0.017273302729864912,-0.005246310861981577,0.02137680088279832,-0.005284387921132276,-0.005280923433305161,-0.005981704398192828,-0.003981725483831803,-0.0066221869449946,-0.0048569029755244015,-0.006379780485044569,0.020091305065079116,-0.005602275818423969,-0.004674804947922751,-0.006638918121933552,-0.005992155006600424,-0.007391798881560042,-0.005933159548597634,0.003188212272830174,-0.006535412022789913,-0.005683095457111256,-0.007043228707429665,-0.0068685692156900255,-0.007437935807899051,-0.005652984412977898,0.003556888965019979,0.0039936764284144435,0.002803287228515512,0.004611940332138619,0.0029277418956511823,0.0029798955378640838,-0.005398996660582298,-0.006412222898745176,-0.007049362659364511,-0.006897741660292294,-0.0060887043552391665,-0.004429312846218993,-0.005385513333784849,-0.005214095775222488,-0.005393809941284877,-0.007148118291152811,-0.006493587417645479,-0.006596242340935863,-0.008104973403460116,-0.0061275728021698605,-0.0069906981028613115,0.014449243132396813,0.012062538667466665,-0.002190115405868929,0.022999441123490217,-0.002184998443358087,-0.0020683691592946517,-0.003423119502585195,-0.0014508820383739188,-0.0037950226964879063,-0.0020385356125418295,0.016417580375817125,-0.005401008747735951,0.02035056347202444,-0.005439092879938947,-0.005729431116876139,-0.0061365180162679354,-0.004429623613916195,-0.0067559571768887805,-0.005305238012248301,-0.006534675284764013,0.019063554161505226,-0.005757045564563185,-0.005123040917979202,-0.006793855424052414,-0.006441135437201391,-0.007525693760037215,-0.0063819892319974215,0.0028564691272611343,-0.006168371074510744,-0.0056102098813599266,-0.006675985437439868,-0.006795555148268501,-0.007049342394646085,-0.005580105083516162,0.0032252823456635766,0.003371300802843887,0.0024714007067273927,0.00399000629508642,0.0023028056303655395,0.00235683696677243,-0.0053261403155915295,-0.006045233992263288,-0.0069763304789486075,-0.006509396168129543,-0.006015781394578698,-0.00435655077712191,-0.005606452764318041,-0.005120155820408765,-0.005614724520735972,-0.00707507615158846,-0.0061054218107531675,-0.006523270460775801,-0.00801062455378293,-0.006348669263507718,-0.006896525205051475,0.05155235550831367,0.015077944507786992,0.05657371714896988,0.015471703489037718,0.014756426444663209,0.014070722805118074,0.018690130866252153,0.01346535074746987,0.015172660600403306,0.012692889681800757,0.05434027793978607,0.01388602866408914,0.014073955105947002,0.012150995650739961,0.01569972232051855,0.011436260736602111,0.012840705698979138,0.023622282942522277,-0.0018374098822923634,-0.0017208402471462205,-0.0030750744459703094,-0.0011035693420224525,-0.003446821652656408,-0.0016910333164945847,0.024409744421044797,0.02412566592773763,0.022960862792414848,0.027191689356892916,0.02279572020761961,0.02313315763263886,-0.0009993412494604232,-0.002007511224725067,-0.0008446147979503465,-0.002469616509992385,-0.001685919741360818,-0.0007645720868280013,7.775297243575324e-05,-0.0015252368332702446,-0.001725565995614011,-0.0016739060291413325,-0.0027994806704438567,-0.002923273831900806,-0.002603268040332174,-0.0006599671136969881,-0.00329491952583191,0.017044881330600087,0.059221990282405684,0.018288661292826615,0.01798043082298339,0.017192155804627712,0.021001478608328305,0.016438239761299916,0.01713948803106537,0.0209752108373139,-0.005090309943857982,-0.005380546202161235,-0.005787479314595862,-0.004081219810231655,-0.006406673519685112,-0.004956489664935105,0.021723139841080034,0.021233797573510904,0.02079937286222738,0.025104090482010222,0.020590527259781794,0.02062424236585404,-0.0046993729936367565,-0.004760121198804473,-0.003763272548375135,-0.005368092793744983,-0.004994554690457272,-0.003920221165066957,-0.0033454630606050543,-0.004929326053402774,-0.005244031550369932,-0.0039501070256216745,-0.0050531847062171755,-0.005691689895418807,-0.004925091986639688,-0.0036922407481366137,-0.006310848896165776,0.01968905507497022,-0.005408111649092902,-0.004774370607648098,-0.006444527699186892,-0.006091878965550275,-0.00717604918654051,-0.006032850345824936,0.02141622910920957,0.021828292958909867,0.02035997165863868,0.023975415906033817,0.020477979468233952,0.01919797102328745,-0.0032801186944590613,-0.004297346191493294,-0.004653694890232487,-0.005016555144237038,-0.005255713016719158,-0.0023783737723696067,-0.0025304308439744053,-0.0033878548026559058,-0.004778930639919901,-0.00476999135317568,-0.004468461102246645,-0.006291863692592648,-0.00666974251504698,-0.0056453441913278495,-0.007023180812845359,0.003570817438144108,0.0037167786356904174,0.0028172118372926484,0.004335245807428509,0.002648675408169078,0.002702682730973666,-0.005271066417290408,-0.0059901143071964605,-0.006921150477509941,-0.006454248277226864,-0.0059606683380907036,-0.004301532413227171,-0.005551358224336606,-0.005065092199705138,-0.005559636133900727,-0.007019890227874612,-0.006050297611832452,-0.006468128670128169,-0.007955376000296792,-0.006293531589190162,-0.006841358655646557,0.004887448168885393,0.004331847724040621,0.005055852176702196,0.00417341472243109,0.003071543747751279,0.005596432898035303,0.006202127201608778,0.005241132052586922,0.0032577943503690585,0.004908178962673617,0.004422330586710232,0.002317564025572871,0.00482988186361905,0.00412714970766835,0.002148948389483407,-0.002954380769680492,-0.00501230195312389,-0.0038077491758255217,-0.005275599447534137,-0.005828658970613046,-0.004141586251616807,-0.005837570293412056,-0.006752267950788628,-0.006474192810917956,-0.0063015843951331005,-0.0031733318845313272,-0.0019318573551808573,-0.004306118294246567,-0.004386311343948507,-0.005262110127363999,-0.005069636588054322,-0.005265341992576779,-0.006572875706031147,-0.005897735686335755,-0.007507769960741713,-0.0012056826567330365,-0.003733948073525303,-0.0018382748776770074,0.00018463538073253046,-0.0027828257806330014,-0.002479677241136491,-0.003701750441506507,-0.0022792234914286395,-0.00356721368045536,-0.001394251527343958,0.00014243643101881283,-0.005516283257016969,-0.003079777064770276,-0.006548847855190029,-0.006611135025468034,-0.006967234174052038,-0.005865325742312938,-0.007086960384842395,-0.005126785191324215,-0.006595394382866304,-0.004739080547041146,-0.006907939219791704,-0.0062254729332095185,-0.007668609929074745,-0.007482431472783097,-0.00770842120943896,-0.006148664953461477,-0.004601730961085656,0.008690827419825894,0.009423761303418491,0.008506550021311229,0.008580072812067704,0.008639558864607554,0.01049489673495293,-0.0053146892100496375,-0.00506535750093891,-0.005839758401981927,-0.005055179821773281,-0.005625651647745432,-0.004811552431510026,0.008674958058581156,0.00806722880653727,0.007373768963779396,0.008052522980539007,0.009128868184602706,0.009992443652515445,0.008769077630440438,0.009579773689702448,0.009707469090589053,0.007504382413367573,0.00869960177189312,0.00894467938041803,0.00731083111396043,0.009307281033771075,0.009077621348600816,0.020005283299032315,-0.0008584884683252003,0.01839779512081316,-0.001447143616321005,-0.001947990054546992,-0.0025952035671114597,0.0006572188610774211,-0.002714331388364793,-0.0004706934088436151,-0.003385787541227725,0.015481320348099546,-0.0032575345884151637,-0.0030172059345701485,-0.004748798089170085,-0.0025230456110121083,-0.004788390861843629,-0.0029408969156524026,0.0005312980413943347,-0.0027279008578068023,-0.002424771396751896,-0.003646772900383844,-0.0022243276018270326,-0.0035122430671842256,-0.0013394120473581264,0.0002603517358333035,7.044840532237137e-05,-0.0009922161541408533,0.0017625308112355093,-0.0007792790650967343,0.00032246925654788453,-0.0027434602137422844,-0.003652163552042105,-0.0030051104374650916,-0.003667049482076823,-0.002283385723031476,-0.0021413517264801864,-0.002032805125372864,-0.002559573533584825,-0.0021366987612910487,-0.0036058400355084364,-0.003744664517562252,-0.0032017492032846064,-0.0038020703212309414,-0.0014875367453473242,-0.0030672875542957596,0.0004891050182351745,0.01984056579304855,0.0005738793460450993,0.0004084869932903554,-0.00036953442965999137,0.0018900140796596985,-0.0006536002481698336,0.0008763827033242124,-0.0027318921847425334,-0.006493704536272957,-0.006555988199387915,-0.0069120671171890875,-0.00581022089242931,-0.007031785714393314,-0.00507172249835917,-0.0030879372877876897,-0.0034469751045075256,-0.003842583740861344,-0.0011857643754497878,-0.0038006282297905524,-0.002800453019851303,-0.006960507730594355,-0.007002064796405544,-0.006637199788409745,-0.007230460560796313,-0.006103853845108142,-0.005852278202433105,-0.006068789697020772,-0.006526710548117817,-0.00612531518232891,-0.006695083493758007,-0.006763185381840729,-0.00652207024224866,-0.007138494125948976,-0.0051268781100791095,-0.006641741208224975,-0.004390556733920659,-0.006852768902871479,-0.006170343762686736,-0.007613393912593409,-0.007427221770024639,-0.007653201063100352,-0.0060935443555240245,-0.0038957006948782133,-0.003624921176914527,-0.004907099816218217,-0.0033345042661513907,-0.004744094720267234,-0.0046003446666752785,-0.005854255203837802,-0.0068583742588966354,-0.007484381368125482,-0.007081031800416536,-0.006405895816460708,-0.004683307998237629,-0.005787034517336282,-0.005386394459229082,-0.0058808771897784036,-0.007722462726955519,-0.006656470072520038,-0.007166082204406125,-0.008392316018429626,-0.006685750304404759,-0.007205852321922612,-0.0052596178420697345,-0.005010298957763892,-0.005784656405497765,-0.005000120846614268,-0.005570562983932173,-0.004756513069305241,0.008439853116789558,0.007831962977896439,0.007138341030028539,0.007817253533227814,0.008893890189830535,0.00975767171516446,0.008534009084983616,0.009344894308651824,0.009472636436934505,0.007268985578786034,0.00846449551263551,0.008709662768113708,0.007075377872206798,0.009072365277462543,0.008842634180769924,-0.00500407980383107,-0.005464209915004927,-0.005507728291673501,-0.005358684114262563,-0.005469567961029187,-0.004005027392180703,-0.00450248584210003,-0.004262749102995923,-0.005179467819972641,-0.005628869106702722,-0.0049994094606670494,-0.0059947060595505015,-0.005622727737827367,-0.004916382723079496,-0.005780568836753337,0.009936983485171703,0.007946953139659367,0.009376690716347376,0.008723916232251298,0.0071131438867131965,0.00892755175723745,0.008270481242354409,0.006739123544067631,0.007866808449769738,0.008255779866705478,0.009977120916485477,0.011522310587456034,0.010041254475191575,0.009131253466413221,0.009107222693803173,0.009628631307349906,0.008036027064746137,0.00799734502415737,0.008902659434426198,0.007803929251100902,0.01916404977543537,-0.0011218347089851448,0.017466127048040764,-0.0017106530331358343,-0.0025044292238008197,-0.0028590364819100103,0.0001023820970551569,-0.0029716866769634075,-0.0010262836113523067,-0.0036498700201596794,0.014546599948974183,-0.003521578130479141,-0.0035743192508890186,-0.005013271491666618,-0.0030798742364635556,-0.005046345067174911,-0.003497923701581196,0.0001778009684837389,-0.002482964892197547,-0.0024727118799410574,-0.0034015936913549044,-0.0022722612712877295,-0.0032605782135551667,-0.001387304749688725,-9.325236330232953e-05,-0.0005754315973429619,-0.001346303192016461,0.001117870103865251,-0.001215388907568436,-0.0003231850801303702,-0.0027914130587353746,-0.0034069792530590976,-0.0030530765012302865,-0.0034153416840832273,-0.002331316813531086,-0.002189279808623835,-0.002373489364584342,-0.0026010096697237886,-0.0024773968373996056,-0.0036538321172349007,-0.0034929319024081707,-0.0032497175879200603,-0.0038435471917236297,-0.0018280032118120266,-0.003108735712677551,0.0002261591836030011,0.0189104827384921,0.00031095817590598266,-0.00014652118733136948,-0.0006327293400573263,0.0013359413401577986,-0.0009103912632373475,0.0003216352405356475,-0.0030866532316274763,-0.006247759370562075,-0.006604100296720569,-0.00666601216615347,-0.005858303353620126,-0.0067791374946364604,-0.005119775092566203,-0.003442844000139592,-0.0040953169333350315,-0.00419778566307243,-0.0018324894676902896,-0.004238232314429275,-0.003448361905353048,-0.007008636583368991,-0.006755977792251173,-0.006685316973510137,-0.006977755074705609,-0.006151949358712712,-0.005900361431781194,-0.006410909895587577,-0.0065682664400191215,-0.006467450286767584,-0.006743203940778697,-0.006510609529106786,-0.006570182537049011,-0.00718007085173559,-0.005468675203961413,-0.0066833016080821055,-0.004745978311389212,-0.0066066999708161555,-0.00621844406975066,-0.007367114040952681,-0.007475380554073892,-0.007400335947165586,-0.006141637902646084,-0.004250930534836317,-0.004273421468865254,-0.005262728831869111,-0.003982808493267218,-0.005182187452677358,-0.005249492607543673,-0.005902342203225259,-0.006612297768148144,-0.007532542200218106,-0.006828329938773449,-0.00645400226762565,-0.0047313437460327476,-0.006129073514464889,-0.005427919044606594,-0.006222925675783948,-0.007770634193966822,-0.0064038953523577495,-0.007214221364435484,-0.008433942394855393,-0.007028113373922891,-0.007247430632592367,-0.005105100434194445,-0.005149451694688018,-0.005630050299625856,-0.005139274729019285,-0.005498561974997927,-0.004895618664711501,0.008806156013552672,0.00848795041134803,0.007505146879898912,0.008479633063551074,0.009259995397675738,0.0101234560627711,0.008610972876681975,0.009717213721633707,0.009549523182152969,0.007635743003010383,0.009126412813398188,0.009075828104632918,0.007448616888465523,0.009149279151158726,0.009215126653665655,-0.005143230900870878,-0.005309653726290095,-0.005646958041886641,-0.005286696465990539,-0.00560877769304655,-0.00414403946954859,-0.0049351572852297495,-0.004484255627584149,-0.005612402438629776,-0.005768118848455578,-0.004927443203943278,-0.00613399045464996,-0.005844582665601108,-0.0053492120042675,-0.006002438547409481,0.010302705909480155,0.008023965583053584,0.009748999266149139,0.008800863625312905,0.007479966706987675,0.009589146817286459,0.008636826927506152,0.007112498566071051,0.007943821787965728,0.008628510899711972,0.010053961687019499,0.011893764187845095,0.010118093164589736,0.009214541229944806,0.008894958151986312,0.009711872510006802,0.008408863120385695,0.008074348219858422,0.009275129186353427,0.00788733895829043,0.019789476626636663,0.05430068025967038,0.0203010376039716,0.019424903669132628,0.018662795111822204,0.023790715842112172,0.018391168604823104,0.019883942370176336,0.018092788991886266,-0.0013632758082145777,-0.0021567547860911213,-0.002511234772893447,0.0004490573711988818,-0.002623841132540903,-0.0006791384567752486,0.018174721730774286,0.01710745665018198,0.016720570318534623,0.02175257083320263,0.016680612028866122,0.017740517515115066,-0.002120244822845067,-0.002161481285043473,6.575519808474336e-05,-0.0023822813925328955,-0.0012677142019832418,-0.0017488119429224813,-9.973041368785136e-05,-0.0024137859483768518,-0.0020206081343486586,-0.0007219439059452911,-0.002649262537578166,-0.0024156157714393094,-0.0011558844376176921,0.0008363404574152859,-0.002528215901114503,0.015175243781489453,-0.0031734998991845144,-0.0032262244350808418,-0.0046646291581374354,-0.0027319569098248784,-0.0046976807789447005,-0.0031498828941959422,0.01609036712555065,0.015638329633439783,0.014382387117260791,0.018412914481876028,0.014461049317003354,0.014681840862604023,-0.002471770269260224,-0.003472111875954509,-0.002349549017192302,-0.0036873715855614926,-0.003021675952504087,-0.0020366463541034224,-0.0013930632534745182,-0.0027310871256626687,-0.0032308686020480963,-0.003318736167486179,-0.003997474097247249,-0.004512424791217312,-0.003978267996008483,-0.0022874358422160005,-0.004545463852757186,0.00025351825912085427,-0.00022846719501662573,-0.0009990655995707897,0.001464184354774845,-0.0008681979887961634,2.3658814259721284e-05,-0.002736490564408784,-0.003352018936975478,-0.0029981360583455916,-0.0033603811577773168,-0.00227642417159473,-0.0021343921360615576,-0.002318589809964741,-0.0025460973506700006,-0.0024224948962640195,-0.003598855423568149,-0.0034379661944533425,-0.0031947723762094215,-0.0037885578759903654,-0.0017731395762854145,-0.0030537980622422183,0.00021577394062077956,-0.00024181314475765122,0.0013977520778364466,-0.00021908786172437003,-0.00024743165819653086,0.0004799423555862654,0.0016671339550815237,0.00014132222951305018,-0.0006892220776290157,0.0005482321782639489,-0.0005919621600665659,-0.0015006489878423,0.00047221546057980076,0.001255534842705928,-0.001369718250313383,-0.0015141611591782107,-0.0024732024688716094,-0.0020747910628242895,-0.0027411611112231286,-0.0033168720814378784,-0.0025297674886393825,-0.0032001532030488896,-0.003688792307658804,-0.0025534709995309007,-0.003208514089774288,-0.0011503554388827078,-0.0006336048274884807,-0.0021390953874503233,-0.0020005028515561523,-0.0020305564613014126,-0.002550778312828793,-0.0031092396211276968,-0.003153842903193968,-0.0032860778218211832,-0.00334342611964399,0.019536113679761123,0.0006575634022212384,0.00020026099711171572,-0.00028576486863948004,0.0016821402046281815,-0.0005633175595676993,0.0006682548931687007,0.020405010595040612,0.01975049366123235,0.019235435570263686,0.02371867774319185,0.019270311613215775,0.019184507226820583,0.000909000374595699,0.0008582068321024863,0.002120325708563604,0.0005002338656589032,0.000753016984090018,0.0018826048723000026,0.0025676431948818846,0.0009469037922210249,0.0003361355255805574,0.001796876804730791,0.0008330396481850173,-0.00019026114092419527,0.0010984137258898362,0.0020689548438111134,-0.00046779811528484743,-0.0030948136965618465,-0.003747040162941568,-0.003849469866111017,-0.001485074697585069,-0.0038899082983639447,-0.003100315846876705,-0.006953467142572765,-0.00670082219060837,-0.006630164379086731,-0.0069225876067213615,-0.006096827330960063,-0.005845256184135871,-0.006355772817732847,-0.006513121836015977,-0.006412310721154457,-0.006688046985811741,-0.006455468934587498,-0.00651503678434599,-0.007124887258939296,-0.005413591624254977,-0.0066281488900266925,-0.0033852607200083084,-0.0031741053776956664,-0.0015947795222475403,-0.00328180164350245,-0.003456533264201005,-0.0026183934817636664,-0.0015335993464758659,-0.003129663645289895,-0.004265758783450265,-0.001904671950340038,-0.00311286279330803,-0.004211530914926761,-0.002023887113933586,-0.0015534690504345136,-0.004251980287547086,-0.0053070270535089245,-0.006554311434376734,-0.00608309776529652,-0.006816778380317629,-0.006448440331015772,-0.005587668132686021,-0.006604987912252445,-0.006966316377622477,-0.006240255171299392,-0.006826744173055398,-0.004681547179622599,-0.004092288383302169,-0.0057086901235785335,-0.00578115164680406,-0.005925169355807752,-0.006376480163485622,-0.0057384404431139605,-0.006298109945302132,-0.0063596480523910644,-0.0067347844979509675,-0.0039025876425397774,-0.003925060083028173,-0.004913999860173895,-0.003634551595368096,-0.004833492097614858,-0.004900786122034043,-0.0058472326137537405,-0.006557144221474648,-0.007477330472893736,-0.00677316280710245,-0.006398864460384413,-0.0046763054591888184,-0.006073949949500955,-0.005372837106482611,-0.006167800440034654,-0.0077154077166203035,-0.00634875468024641,-0.0071590379003979515,-0.008378669637910263,-0.0069729362188820755,-0.0071922436875463975,-0.0027126927242882345,-0.0032635745741898693,-0.0027844824254807266,-0.0032641874827500786,-0.0044056722262996156,-0.001798194357203895,-0.0015951723027096477,-0.0021770473694678813,-0.004387478625311185,-0.003071624580085616,-0.002993021357121757,-0.005417608828336733,-0.0029671325784563127,-0.003844203671187774,-0.005337055159996532,-0.003296889966610554,-0.005502776323058966,-0.004174715770352694,-0.005851734429529536,-0.006399691589360642,-0.0044076521732794105,-0.0064044554155538265,-0.007143117901765013,-0.007030065764486272,-0.006620416936185051,-0.002904343846552418,-0.0018269098117307053,-0.004680870789317285,-0.004339854305247844,-0.005784518516931199,-0.005377364767500398,-0.0052987533326579956,-0.007268002097054684,-0.006196120280841483,-0.007930829406468509,-0.005088168307420696,-0.00525458168209718,-0.005591863274012502,-0.005231626952269495,-0.005553690926456687,-0.004089033969644259,-0.004880103278741676,-0.004429231044874271,-0.005557314488360409,-0.0057130159169173555,-0.004872393567787628,-0.006078873047387834,-0.00578947585565282,-0.00529413763497675,-0.005947328567041231,0.010068007188817289,0.007788707539724367,0.009514162836220042,0.008565804787497354,0.0072445614750474,0.009354264475945872,0.008401728031844956,0.006876996796106776,0.007708560962219007,0.00839341110272555,0.009819229349208284,0.011659461063889905,0.009883367223758144,0.008979585398065025,0.008659935697883115,0.009477041868484299,0.008173697692388375,0.007839118459507799,0.009040192394040521,0.007652055572422662,-0.0030510610638636703,-0.004668353803464585,-0.0034992450283880374,-0.005551089112650491,-0.005063467238930217,-0.0035051113164411736,-0.005758346969848322,-0.005220945487719066,-0.005801891698427266,-0.005735369842636719,-0.0028624187104680505,-0.0016203793149812894,-0.004551526365824708,-0.0033983203895934207,-0.005049264931297931,-0.0048918663138408204,-0.004058607108619186,-0.005923071486976874,-0.00537596640051825,-0.005999543701448987,0.010281576319432195,0.012737215899802043,0.01006264711391423,0.009262446756181528,0.008072994221728665,0.009508832446232986,0.009186858149254783,0.007683392468438387,0.009502926423526091,0.007316040840515591,0.012450108649004223,0.010102760633218558,0.011654015792081016,0.009263436394225742,0.008611998069601863,-0.003122850563415464,-0.0010846133072453118,-0.0021015929070942927,-0.010895514606066496,0.004355905423776491,-0.01133374493646119,-0.010680758224667389,-0.011844069431530397,-0.01153933304922979,-0.012241099523899776,-0.010446306704944524,0.02358417676534051,0.021286230374191688,-0.0027749035500338214,0.02934510695888648,-0.0027697830755198318,-0.002562325896640445,-0.0040086921025638935,-0.0014769836848754047,-0.00440193915601073,-0.0023303406991767484,0.030582933646832212,-0.0007374677373616022,0.031781220604546946,-0.000775331414294589,-0.000973734167228701,-0.0014693469099125518,0.0007870060894003698,-0.0021065167239304834,-0.00034972071828942103,-0.001754028670042605,0.03066021754094393,-0.000980406255983136,-0.00025947975250312797,-0.0020118478388625144,-0.001124313381389848,-0.002760388682066388,-0.0013100466470531242,0.004701015453952802,-0.011278308541165977,-0.010625362876988759,-0.011788604051378715,-0.011483880186838512,-0.01218560728566521,-0.010390928237829116,0.005069113171867411,0.005304841333078461,0.004316698677684634,0.006564438113630941,0.0044408022921680786,0.004492985396029391,-0.010339689862398815,-0.011154479704841536,-0.011665572963107567,-0.011642590643817228,-0.010828881126829613,-0.009365005646148979,-0.010196983816757649,-0.010154029825147886,-0.010334234276024201,-0.0117648239530326,-0.011236393251084222,-0.011338895725946267,-0.012727074755478159,-0.010738777807072938,-0.011735645478353015,0.02273465330066755,0.020434396925023454,-0.0029292215560469135,0.028328461420671913,-0.0029241002112937817,-0.003009571761322824,-0.004163203479133198,-0.0019237091766391074,-0.004535441850648853,-0.002777452545335126,0.02974038300609882,-0.0008914443008330018,0.030767526596696515,-0.000929314997966736,-0.0014201913660194434,-0.0016234383791499025,0.00034140062801688953,-0.002239715486481919,-0.0007959067677058129,-0.0019081839322547508,0.029645221033717712,-0.0011344373842593234,-0.0007056171390636706,-0.002166045289056327,-0.001570956829130728,-0.0028936979724100277,-0.0017566737846621168,0.004369837926201956,-0.010909282581998143,-0.01055198049136203,-0.011419374213639144,-0.011410403173452703,-0.011794865902635952,-0.010317573244807667,0.004738071839242084,0.004683355944140433,0.003985378122268904,0.005943897846513398,0.0038170352086028887,0.0038709628997811965,-0.010266336963565253,-0.010785506197205206,-0.011592077691690931,-0.011252099151826546,-0.010755482142541536,-0.009291747821989172,-0.010418969588593608,-0.010059427078302308,-0.01055622570191964,-0.01169131864241373,-0.010846083055981453,-0.011265447427623254,-0.012632106249702579,-0.010960875597497505,-0.011640835971640838,0.06801043772201958,0.023357685509407387,0.07025692694978465,0.02374794656420616,0.02284253239007108,0.022359433261510957,0.027324201358682357,0.021759794534771483,0.023451973694682944,0.021059022438522066,0.06815807019056487,0.022241308005268082,0.022230396035839338,0.020522101130112925,0.024351309679219963,0.019814835587488137,0.021204746042854408,0.02894768783750375,-0.002576230482009963,-0.0026616829256600346,-0.0038148767017528802,-0.001576230920218584,-0.004186958889472906,-0.0024296691986268426,0.029730636594840255,0.029253179201505594,0.028290060868533112,0.033053114428981525,0.028125806480031247,0.028461227313607628,-0.0019394269550471895,-0.0027464682178397746,-0.0013171528443392815,-0.003208955086576951,-0.002424551245670431,-0.0017044512338039103,-0.0005959801935325118,-0.002465900769468244,-0.002666357787752425,-0.002146839742074452,-0.003539090937818104,-0.0036628865745763363,-0.00307670408692518,-0.0011323747052778106,-0.004034867103465832,0.030358606878512478,0.07769491943366608,0.03158413691882057,0.031085501242481463,0.030503375881885206,0.03445853346770871,0.029760899256677145,0.030452527961302482,0.03138508335399365,-0.0005822279956964609,-0.0010729244921339784,-0.0012760974575266248,0.0006879955775271384,-0.0018921314222915368,-0.000448854140658393,0.03212470393975171,0.03144608099877466,0.03121128790660426,0.03602067381826638,0.031004045932444546,0.031038712209653485,-0.0003949266344196724,-0.00025359236663237856,0.0010042093710464417,-0.0008587272037823286,-0.00048670586935615714,0.00038080875375943844,0.0012184962325116496,-0.0006236874745500035,-0.0009369018803035565,0.0008182663160049659,-0.0005453987857521851,-0.0011805413315978336,-0.0001514275003917424,0.001075201289424764,-0.0017965402633218818,0.03026351222146075,-0.0007872400446730433,-0.0003586028464099938,-0.0018184570829134924,-0.0012235442742727803,-0.002545795382169501,-0.0014092729260462684,0.03197040432425796,0.03218256624809643,0.030925965851776944,0.035083453145363964,0.031041202489576827,0.029777743212248617,0.0011284991237975367,0.00031781524889898697,0.00020649865353174714,-0.0003976248389927012,-0.0006360149203280193,0.0020258259173210062,0.0021161256208119305,0.0010212514218622042,-0.00036340225877345945,9.034183921892331e-05,0.0001471413019982887,-0.0016669688043414546,-0.0017974081784860691,-0.0007798037463599071,-0.00239410456549338,0.005083049210447447,0.005028354037713869,0.004330630872558593,0.006288385136866257,0.004162346468689735,0.0042162502071571096,-0.0102109681149159,-0.010730103799948723,-0.011536622883997965,-0.011196668329882765,-0.010700086437479465,-0.00923643494897178,-0.010363588287520209,-0.010004068584681763,-0.010500842255287201,-0.011635857868066615,-0.010790676107692384,-0.011210022770770295,-0.012576582359936408,-0.010905463445690522,-0.01158538635867136,0.0061973710772688,0.005842844376988924,0.0070073963636342875,0.005684557235625603,0.0045845318137159585,0.006905432493394474,0.007951305683999188,0.0065504808174824585,0.004569939355448737,0.006859965219047605,0.005933056375878863,0.003831740228835605,0.006781591994077373,0.006080678399387319,0.0036633768000568314,-0.007882147983945601,-0.009821676130754142,-0.00873989207021251,-0.010215231924413608,-0.010438481512820957,-0.008871911074509688,-0.010576349421825358,-0.011366917230120245,-0.011087022961846087,-0.011042793039153577,-0.007972950576921553,-0.006854321721597855,-0.009240752166318155,-0.009192403875468004,-0.010072549007835885,-0.010008343855766806,-0.009871950046928247,-0.011186200641961325,-0.010636903644769463,-0.012126328738021127,0.0010528168631565478,-0.001448085999280765,-0.008811706281445094,-0.0005322787993666669,-0.009763130203621156,-0.009615238187613093,-0.010688734903459876,-0.009401440173901578,-0.010553319110978118,-0.008363705077330353,0.007532273141558348,-0.0072295150347867175,0.0014385468820766621,-0.008263927519017384,-0.008483798215627524,-0.008683040924045468,-0.00772320930506233,-0.008803000747122246,-0.006839395300906992,-0.008244408082705004,-0.00010170500441290654,-0.008557492692795123,-0.008031221412714847,-0.009319521980882072,-0.009357424170032802,-0.009359456379344853,-0.007796739536922333,-0.009313708991207112,-0.0021646287488107634,-0.001579163492196871,-0.0023506898743223524,-0.0025575555358718946,-0.00221632053184605,-0.0003386465558195626,-0.010030324128490732,-0.009937627327293877,-0.010558017631734766,-0.009732453515044892,-0.010342768367453521,-0.009524444591199163,-0.0023366719027508127,-0.002795367663056003,-0.0037784177869106244,-0.0028102406461753956,-0.001720425894648901,-0.0010035825164116299,-0.002522455915765611,-0.0014212878260355928,-0.0012913992408434339,-0.003646319431702137,-0.002155622748112306,-0.001906396918421018,-0.0038425630637046564,-0.0018204556091609516,-0.0017720956218847076,0.03103046276820985,0.001399154924349934,0.026667136422718996,0.0008119044280597216,0.000156242543426218,-0.0003333710276951141,0.0029056337738986118,-0.0004521849887829211,0.0017861104316132296,-0.0011007838614033568,0.02384132835735237,-0.0009728656067874415,-0.0008893794856395917,-0.0024604351054141175,-0.00037995006841910734,-0.0024998574152135843,-0.0006571953630122889,-0.00018534618266772258,-0.009707790944783759,-0.009559908979737308,-0.010633342437787253,-0.009346118741038993,-0.010497933647591195,-0.008308452240014537,-0.0004565070356922133,-0.0008027965383186898,-0.0017100427546779358,0.0012206372848382332,-0.001496932005382846,-0.00039431405387543633,-0.009880878614440966,-0.010638877059663338,-0.010132837325700845,-0.010653870981887694,-0.009259292189606663,-0.009274250774859494,-0.009310565245242078,-0.00969575501581906,-0.00926919101681595,-0.010738297688980169,-0.010732144594597046,-0.01018432915222628,-0.010936258406643317,-0.008602974141881657,-0.01004898930725035,0.007876178100994289,0.03313342512861388,0.00796026554721971,0.007641496633831188,0.007024475038334613,0.009019380094814686,0.006742812764223202,0.008260749156158102,0.0017847323533579393,-0.008208683582418105,-0.00842854153338708,-0.008627773185906535,-0.007667992582670118,-0.008747725374199752,-0.0067842322061391555,0.0014305164389655297,0.000917324598238231,0.0006795751415887866,0.003497807103840499,0.0007211533903193558,0.001716773425632755,-0.008833848834728824,-0.008717986144854764,-0.008496632361847802,-0.008946765033482159,-0.007818210313348114,-0.0077234721623411495,-0.008084520626635089,-0.008399242947632548,-0.007997072172506904,-0.008554664492996224,-0.008478666188592518,-0.008237153358743064,-0.008999005548529199,-0.00698335882472081,-0.008357057790141325,0.0002450752900891028,-0.008502224722764257,-0.00797598547411775,-0.009264208189776685,-0.009302099268775054,-0.009304138445861813,-0.007741521421660006,0.0007374695344102169,0.0008510882199758732,-0.0002688032070154684,0.0014476087966499263,-0.00010674071790271966,3.618504111818717e-05,-0.007659290284301792,-0.008507880378552662,-0.009359363070573133,-0.00873096128323867,-0.00805441212426862,-0.006486022754559752,-0.007815715900541286,-0.007190550981700741,-0.0076858512809226944,-0.009597960489984706,-0.008305612411205922,-0.008815955740741484,-0.010269450233363876,-0.008558912075497317,-0.008855848840261126,-0.009974972050240938,-0.009882278914465727,-0.010502634692084093,-0.009677115593259934,-0.010287398864061797,-0.009469124768980534,-0.0025745965002653805,-0.003033416423088629,-0.004016724196827075,-0.0030482930883538313,-0.001958181607641265,-0.0012411681323900104,-0.00276043593559588,-0.0016589828331647447,-0.0015290465933337817,-0.0038845941838645524,-0.002393509115421646,-0.0021441918844022244,-0.004080895304373444,-0.00205824030369649,-0.00200986064741922,-0.009876001127113598,-0.010180715707093165,-0.01018736968333088,-0.010074466604073776,-0.010185837229154487,-0.008871896925225468,-0.009334813541825682,-0.00913078502030427,-0.010052085929720879,-0.010309205664750673,-0.0097134888304228,-0.010713600121427984,-0.010302891234124978,-0.009592799400776078,-0.01049832017239061,-0.0010599936103561115,-0.0033547039521170524,-0.0016268696327171896,-0.002286470237897815,-0.004042441365040844,-0.001925196600437275,-0.0025887272172420268,-0.004421203016578415,-0.00327834119450872,-0.002603595664951432,-0.001299089754408177,0.0005437527500396399,-0.0009535313033670417,-0.00215590593477768,-0.0021794504055331647,-0.0013711888136979699,-0.003108232653229215,-0.003146321152314595,-0.001949180847305915,-0.0033424265074412595,0.030199684552941287,0.0011364609665951112,0.025744180647533737,0.000549047893357043,-0.00039891326215303824,-0.0005965498653823702,0.002352153927664672,-0.0007089125288496745,0.001231893014109721,-0.0013642122939708785,0.022915414577927996,-0.0012362552492050478,-0.001445209180322757,-0.0027242530151246223,-0.0009355192225250476,-0.0027571826895514007,-0.0012128462061190247,-0.0005391224066076913,-0.009460941777486014,-0.009608151998970116,-0.010386247277398576,-0.009394356984292463,-0.010244271788253472,-0.008356640388510899,-0.0008103904122996954,-0.0014492919844563059,-0.002064409636009786,0.0005756081951484309,-0.0019333985506921364,-0.0010404751354596258,-0.009929134125700394,-0.010391776735773031,-0.010181108311969419,-0.010400165689541519,-0.009307519125382894,-0.009322481259444062,-0.009653879170531317,-0.009737410619018023,-0.00961244864518857,-0.010786594975547022,-0.01047841418778041,-0.010232593769938311,-0.010977957041174031,-0.008946011794586352,-0.010090652284944062,0.007615337961774465,0.032217287205496874,0.007699449776327035,0.0070908315981127335,0.006763388811785155,0.008469534930139693,0.006488045837491476,0.007710433220679078,0.0014317286439647732,-0.007962273608034207,-0.008476731909935916,-0.008381253128978314,-0.00771615523344588,-0.008494592090081104,-0.006832356357787281,0.0010773681534725515,0.0002720677105327538,0.00032613382179385366,0.0028544014314881116,0.0002857940929578835,0.0010720544664983048,-0.008882056012591353,-0.008471433938947654,-0.00854482983482643,-0.00869357432404204,-0.007866377492050632,-0.007771633592038604,-0.00842737389690285,-0.008440855443030987,-0.008339871189413667,-0.008602865237553383,-0.008225605467004864,-0.008285337360460287,-0.00904064073221021,-0.00732583223720073,-0.008398670052858362,-0.00010854328235730631,-0.00825570481074864,-0.008024161999513373,-0.009017476770820093,-0.009350340948838139,-0.00905080250428295,-0.007789684598385178,0.00038404125885133956,0.00020574796754115892,-0.000622627639708148,0.0008026889442104596,-0.0005425328546870058,-0.000609689973069983,-0.007707453466371197,-0.008261352881639246,-0.009407606804504963,-0.008477789035061458,-0.008102588236521093,-0.006534134546831349,-0.00815850613858087,-0.0072321307299751374,-0.008028545182430449,-0.009646214890351576,-0.00805256765264883,-0.008864164642282476,-0.010311137269748234,-0.008901971626674776,-0.008897477689684768,-0.009819642178932117,-0.010022138533954705,-0.01034721544169904,-0.00981694978341955,-0.010215091275443337,-0.009608914317536054,-0.002203902869790195,-0.0023696725000458153,-0.0036454360055930535,-0.002378031216053648,-0.0015877509694516296,-0.0008710023566115071,-0.002682521159474653,-0.0012821517722673664,-0.001451240488231469,-0.003513355287907753,-0.0017237176648428414,-0.0017737001282620661,-0.003703043388551509,-0.001980389337905503,-0.0016329170439718997,-0.010015859092164325,-0.010025346745114426,-0.010327280316981663,-0.010002172471094195,-0.010325731703208031,-0.009011614799284815,-0.009769723928898312,-0.009353519732508541,-0.010487274417069639,-0.01044913644582516,-0.009641216239241796,-0.010853569819682494,-0.010525930604005777,-0.010027796877407331,-0.010721381602216532,-0.0006898908159541541,-0.0032767396193440507,-0.0012500496178999261,-0.002208602404241797,-0.003671135848313346,-0.0012557330484058201,-0.0022180518753729533,-0.004043212592182532,-0.0032003889421600585,-0.0022264092584050378,-0.001221300308162929,0.0009197025110825212,-0.0008757741225984526,-0.00207153698771648,-0.0023943456172841582,-0.00128690131064512,-0.002730791204289657,-0.0030683792244218995,-0.0015722603584417984,-0.0032579481006623726,0.030817600214101015,0.0707305879445075,0.03132300279274909,0.030306471915456733,0.029704586378461822,0.03460684268382011,0.029436378865388014,0.030911498198421913,0.026365183078645337,0.0008955683206007459,-5.203903764734083e-05,-0.00024960651978581913,0.002697983139938314,-0.0003619255123012707,0.0015781822008414253,0.026446540289208502,0.02523701203456198,0.025005556318979185,0.0302903156969708,0.0249657931514334,0.02601658104423287,-1.5633428130148494e-05,9.935104558201676e-05,0.0023155942343128766,-0.00012095900307346811,0.000991010850542761,0.0003550123954216253,0.001994813783729059,-0.0003084463463145523,8.386327037740041e-05,0.0015298554040247322,-0.00038724293853064474,-0.00015410673761138345,0.0010970001292597191,0.0030844372914427243,-0.0002664195156806389,0.0235383382895148,-0.000889035105405896,-0.0010979147172574613,-0.0023764708565356747,-0.0005883871454362455,-0.0024093786691353346,-0.0008656633128552737,0.024445162030747206,0.02384532351290654,0.022752841101356013,0.02697042761410126,0.022830708996076268,0.023049151428295712,-0.000345188270341175,-0.0011868551270314048,-0.00020685935733836237,-0.0014015541891561956,-0.0007377908797634747,8.887263994429849e-05,0.0005913096098756502,-0.0006038868390721095,-0.001102674177759801,-0.001173837184309574,-0.0017109412954658325,-0.0022248477859064123,-0.0018316178348730088,-0.00014506194212113215,-0.002257743105644632,-0.00046334970619563273,-0.0011019994756765572,-0.001716901415091931,0.0009221187855890578,-0.0015859370570812483,-0.000693361076788003,-0.009873788082392684,-0.010336401689189284,-0.010125741811488008,-0.0103447904314448,-0.009252212533761142,-0.009267170437327506,-0.00959854478825638,-0.0096820748643682,-0.009557123400400446,-0.01073119179902242,-0.010423033687156249,-0.010177234020751354,-0.010922541089993309,-0.008890723013191033,-0.010035300179578892,-0.0006573337037526459,-0.0009590834108753651,0.0008556402232379736,-0.0009363252479392299,-0.0009646662631931486,-0.00039295252560041325,0.0009692438840975959,-0.0007318745507639947,-0.001563144892604833,5.629212455373065e-06,-0.0013095094864041849,-0.0022188521665084024,-7.042400327182335e-05,0.0007133687805785816,-0.0020878246106188513,-0.008642343909233312,-0.009754343095197784,-0.009207176440406684,-0.009878070110908636,-0.010447084937258285,-0.009508123648931251,-0.010182758658519671,-0.01082196401834974,-0.009676984670296703,-0.010191146058348083,-0.008420824846829116,-0.007755340294788542,-0.009271485673405024,-0.009277976462329467,-0.009307797353377195,-0.009686367455437547,-0.010237781385598653,-0.01028208290103094,-0.010269367722336241,-0.010473311423854744,0.032833859353001295,0.008043292130726425,0.007434905772769157,0.007107586107449538,0.008813097909429406,0.006832351042631158,0.008054289756152952,0.03369030498891308,0.03289464115165514,0.03253793852824352,0.03706929028411243,0.032571382662987855,0.032488126233641175,0.008138181575094282,0.008242613445102296,0.009247768549454744,0.00788731827921953,0.008138365093468325,0.009104022258959435,0.009536949075583018,0.008175817883534196,0.007569955827327009,0.008926732105394918,0.008217185946614325,0.007202708816820287,0.008233909756702545,0.009197335002401944,0.006927489343404918,0.0014236979621171184,0.0006186998049486978,0.0006727470295842147,0.003200046445380453,0.0006324154766926761,0.0014183998814052295,-0.008826776649427425,-0.008416177686201745,-0.008489565222915106,-0.008638306173861202,-0.007811154902453636,-0.0077164186111459195,-0.008372115618280149,-0.008385600989142745,-0.008284621787925911,-0.0085475962508373,-0.008170364262641347,-0.00823009098236499,-0.008985345025521235,-0.007270636847686368,-0.00834341669021836,0.0009788133070353928,0.0013450324268470808,0.003091005637482263,0.0012376056506101624,0.0010640129998658757,0.0017423101459128805,0.0029963186942703114,0.0012332431441956207,0.00010282345141749605,0.002782803762354744,0.0014058709927966386,0.0003127232015301648,0.002663854783174341,0.0031322774147301124,0.00027238076579059686,-0.0071771943469120395,-0.008571093243482786,-0.007954743677720946,-0.00868987707308791,-0.008307531830625159,-0.007301026177235027,-0.008320257260070046,-0.008826410166970769,-0.008098960350953904,-0.008542376575951428,-0.006694173025557577,-0.005960103144021134,-0.0075796420641113535,-0.007796242166541646,-0.00794063194691525,-0.008248748627583739,-0.007595973771739785,-0.008156963460703869,-0.008074457256762535,-0.008594546028277226,0.0007306419809475349,0.0005524246585685037,-0.0002756437440553445,0.0011491415080304896,-0.00019558231550755265,-0.0002627283514084014,-0.0076522371659366656,-0.008206101725562213,-0.009352279873251653,-0.008422524257336141,-0.008047352867217283,-0.006478989757259761,-0.008103258425305817,-0.0071769421604738004,-0.007973313193710224,-0.009590873161847343,-0.007997329405670406,-0.008808883494824346,-0.01025574910836796,-0.008846679381621462,-0.008842193050649531,0.001758898368899071,0.0013665586537850646,0.0019947083021920014,0.0013657299535146934,0.00022992185423985272,0.0026688787192924598,0.0030218528155668404,0.002291659260544829,9.201149376316416e-05,0.0017089038692608173,0.0016353648103876106,-0.0007768843943325267,0.001812346926491675,0.0009404190099963534,-0.0006967774064819541,-0.005096957239623723,-0.007530804980666496,-0.005976527944958036,-0.007656640638031818,-0.008272310826046108,-0.006052723044681433,-0.008052994065554951,-0.009017415668125865,-0.008903913036823653,-0.008269359358069476,-0.0049260001826562086,-0.003624077454854416,-0.006483457001734326,-0.00636505773280596,-0.007813054852790002,-0.007181371577965546,-0.007168728687998996,-0.009142364938783929,-0.007844276316760974,-0.009806804741129991,-0.009960506598584619,-0.0099699939829779,-0.010271906328475619,-0.009946822261779481,-0.010270364113850043,-0.008956319844292042,-0.009714381756929498,-0.009298205546959688,-0.010431896372969391,-0.010393754229062416,-0.009585886055800916,-0.010798171356634589,-0.010470544481002729,-0.009972443449620958,-0.01066599062189951,-0.0009274019333537069,-0.0035149126670727636,-0.0014877009019696027,-0.0024464799824334116,-0.0039094191657207,-0.0014933915402702924,-0.002455930608162533,-0.004281594241402238,-0.0034385250358070804,-0.0024642889012091024,-0.0014589378007593735,0.000682594046522642,-0.0011133128294114013,-0.0023094021983733073,-0.0026322785992000885,-0.0015245466093797954,-0.0029688302883212857,-0.0033064836949251975,-0.0018099741141936578,-0.0034961072196707165,-0.007913002574903915,-0.00950155136602235,-0.008363303652502424,-0.010425612310878568,-0.0097410072440301,-0.008211683868459427,-0.010476172219901674,-0.009899048083915505,-0.010482845231511162,-0.010452977911103466,-0.0076860744783487445,-0.006474951192145969,-0.009420993928620353,-0.0082245516983511,-0.009884178303415316,-0.009763023571609885,-0.008730656859397381,-0.01060472047826403,-0.010091870402553941,-0.010681523090316239,-0.00099109647181876,0.0017729057409054518,-0.0009321707720087587,-0.0020231054476615266,-0.0032264298054010144,-0.00149243934329976,-0.0019427168797192939,-0.003464212908362909,-0.0013419896914541544,-0.003836170755600164,0.0012046207442771913,-0.0011712252654517813,0.0006777379662046358,-0.002021363560800172,-0.00252416497369428,-0.004108618455668102,-0.0041688839843283055,-0.007593179767843629,0.007480459599012537,-0.0082811055005763,-0.00633374493206501,-0.009041272332684754,-0.00801607893804105,-0.008985831732102127,-0.008361538886232313,-0.0005865594877422122,-0.011390381707642797,0.004370692820576025,-0.012124710503211192,-0.01117549486079297,-0.012339416819881517,-0.011787302887816981,-0.012736681764319772,-0.010940895535478622,-0.009799742021331473,0.005204364525460159,-0.009815645661970226,-0.007245124558509066,-0.010472532674390217,-0.010717028703465206,-0.010601681585809961,-0.010570028498287672,-0.00018925267889249547,0.0007185374402933014,0.00308170687080052,0.0006952872688214892,0.00023609503995069658,0.0007503605748625157,0.0010772080153109086,-0.0005065449294200357,0.00086522932442796,-0.0007818536476176014,-0.0001842618293744001,-0.0004118006685988961,-0.001462151191048697,0.0026781607324296896,0.000634716360052373,-0.0007315604115749648,0.0004984376361843542,-4.238176786815984e-05,0.004118319145515067,0.0025397498628524965,0.0037853989632574137,0.0015803474267475637,-0.0004491729000084068,0.0012791362114301307,-6.562726018676115e-05,-0.0007782497436602301,-0.00023306719004310302,-1.0521938937016527e-05,0.022457347759406988,-0.003760296344627394,0.028883014808947474,-0.004048483467678032,-0.0035474522530288574,-0.0049953886147333,-0.002036074653703347,-0.005389115975559098,-0.0033151655730680302,-0.0038205735268875083,0.028348664168008984,-0.0033964903482338886,-0.0012837643548537783,-0.004782342041888595,-0.002900803836598094,-0.004910472364170816,-0.004585545682325931,0.007824376086225462,-0.008225854439415422,-0.006278621469297541,-0.008985977806629391,-0.00796084089837236,-0.008930539281627953,-0.008306279126411685,0.007944251205633515,0.008869573845243341,0.006946948463502859,0.009740467338500794,0.007313249042403907,0.00656305994538467,-0.0062450758932479766,-0.008605092988047965,-0.008495088676426258,-0.008742842893732675,-0.008994773278447544,-0.005525256670633477,-0.005634469687305455,-0.00586142718826446,-0.007797632679174629,-0.008947436676588797,-0.008691246751040504,-0.009755550166720948,-0.00927999889212788,-0.008434751221991655,-0.009700079216104938,-0.00023955977276752152,0.03269505109162016,0.00024084615299673574,0.0012524636622419803,-0.0004969509681177687,0.0009829897413227544,-0.0012440822046631864,0.00020356502354535401,0.004715799063217635,-0.012069227591275168,-0.011120070694846274,-0.012283922567073452,-0.011731834622402196,-0.012681160631781997,-0.01088548826393218,0.0047933988007678755,0.005319618483243018,0.004331486376240466,0.007000918114222972,0.004455587160521597,0.004507770803191742,-0.011129783495862994,-0.011945293574430152,-0.01220950466191234,-0.012433830914163276,-0.011619351870000414,-0.009859071935935698,-0.01044456524825528,-0.010648510316483496,-0.010828761340717901,-0.012012856559909815,-0.011731450473198889,-0.011833935567341618,-0.012975408444729858,-0.01098650300091106,-0.012230919932418951,0.005549127411542824,-0.009760305107887387,-0.007189951546525506,-0.010417151505897677,-0.010661625639836764,-0.010546290449079296,-0.01051464022895405,0.006521657095194006,0.008256609730820213,0.00582654386076592,0.0076109342699854175,0.006283473656085382,0.0042845475690240515,-0.006485269659725396,-0.009056247938789822,-0.010304258973891211,-0.009465937106700212,-0.01053056762005248,-0.005198314414364731,-0.00594524132229482,-0.005608597672050445,-0.008710551143801473,-0.010328312279530245,-0.008822263678189573,-0.011188021352245238,-0.011686466590626571,-0.011137124481403124,-0.011317307322233872,-0.00045176081530574983,0.000919930788828114,-0.0007270546193275685,-0.000129495752847206,-0.00035702831693459734,-0.0014073067691049137,0.0024415869504906566,0.0003975672283056732,-0.0009690665194251165,0.0002612509841415002,-0.00027972360816571,0.003882107281364619,0.0023031460114590362,0.003549108000105094,0.0013434299822537613,-0.0006866106504016231,0.0010421445753825626,-0.0003029671760225586,-0.0010157837215523803,-0.0004704561951591783,-0.0002478529628629736,0.0014082904406498402,0.00010643486876274636,-0.00019313778979071651,0.0003854360309360581,-0.0017250448810238498,0.002599455821764896,0.002283910819207983,0.0027804101113739588,-0.0005072796219369126,3.879098932582597e-05,0.0010151750560886692,-0.0020007046072743214,0.00029802575413163316,-0.0011098840156946478,-0.0016300322533902452,0.004533698955541241,0.0020517176915769986,0.004010288472926866,0.0009390535953244567,-0.0002918427577267811,0.00214999417915868,-0.0003636259345725883,-0.0008990060544561802,-0.0014389265470173827,-0.000500071343274736,0.004254300033440499,0.006248191080865985,0.00238222490739469,0.003647083272051146,0.0010921298091119002,0.002048641873148695,0.00066995046823373,-0.001156317408778764,0.00028149817685777916,-0.0014857018832509779,0.021606679016691537,-0.003914773925222007,0.02786578181121366,-0.004203007152588636,-0.003995173425086332,-0.005150059873491639,-0.0024830643778159514,-0.005522745281380901,-0.0037627524981870522,-0.003975045526137633,0.027330940632394916,-0.003550896707889241,-0.0017302689354746139,-0.004936974363093716,-0.0033482266931007076,-0.00504403475895749,-0.005033763797448996,0.0074944059311731395,-0.007858127457917106,-0.006205692311285181,-0.008617945254423352,-0.007887724012615801,-0.008541309226877198,-0.008233126073949047,0.007614325137052992,0.008250626066097728,0.006616652993412969,0.009122171013231095,0.00669177333720526,0.005942455607581328,-0.006172151350156022,-0.008237212912788198,-0.008421916932862355,-0.00835369501866584,-0.00892155161993346,-0.00545240189183913,-0.005855404794795951,-0.00576742588430738,-0.008019087820302022,-0.008874218205779109,-0.008302112975653765,-0.009682254542571954,-0.00918550618676421,-0.008656362884778215,-0.009605537850009326,-0.0003934750657365649,0.03168249321374953,8.700804161259823e-05,0.0008070399084845665,-0.0006509083474348801,0.0005373705487938478,-0.0013772015811671001,-0.00024234730706353442,0.004384625464119735,-0.011699875036032552,-0.011046639511936313,-0.011914489914312149,-0.011658331875847075,-0.012290199840225762,-0.010812084498301748,0.004462251132101952,0.0046981402081431025,0.004000169751502071,0.006380689128264553,0.00383182848916167,0.0038857554281422246,-0.011056352114082887,-0.011575993537849018,-0.012135953874265554,-0.012042986216355443,-0.011545874343333236,-0.009785765416940628,-0.010666607317426406,-0.010553842420149461,-0.011050857611821254,-0.011939325503361584,-0.011340921212227772,-0.011760438419859864,-0.012880405529509144,-0.011208657133861941,-0.012136045105900368,0.0052182998734198625,-0.00939194961080124,-0.007116937268560577,-0.010048511604030376,-0.010588232255065852,-0.010156313659096746,-0.010441269596465184,0.00619120491452535,0.007637322077572384,0.005495833229579447,0.006991195091651339,0.005661246451960273,0.003662369230776962,-0.006412325690378252,-0.008688188988037016,-0.010230902591827436,-0.009076458516256897,-0.010457194311592664,-0.005125500418794915,-0.0061661855657447,-0.005514642688798803,-0.008932185938147999,-0.010254953383133838,-0.008433088234439558,-0.011114580051097936,-0.011591619836582752,-0.01135934033029223,-0.011222544954000699,-0.00026638114958577237,0.0008133164189788345,-0.0005416259447345913,-0.00023624160601989805,-0.00046591987504150103,-0.0015142120896089177,0.0028303889003049466,0.0010790306082303642,-0.0005787870594207285,0.0009637138304813835,0.00011029695795882376,0.0042703374809510515,0.002400825236305725,0.0039582522045922015,0.0014412233074814042,-0.0002964389947315949,0.001744034005951571,8.704985619411571e-05,-0.00060451124899616,-0.0003724972771228155,0.0001630721423188285,0.0013017380231280544,0.0002917021117865644,-0.0002998917807191081,0.0002767027814473018,-0.0018319890887646658,0.0024930430576927815,0.001886108235719915,0.002380981650274404,-0.0009063721555847716,-6.793244164694491e-05,0.0009065726872417296,-0.002107679407103562,-0.00010272999884190369,-0.0015092452727564053,-0.0020318393351653804,0.004921668205073447,0.00214942019085278,0.004419228888556536,0.0010368816399277006,9.81570931895146e-05,0.002851019352158026,2.6422947852416078e-05,-0.00048779429533333006,-0.001340878698059702,-8.903252938140752e-05,0.004351802288533629,0.00665618664777893,0.0024799262123846753,0.003765430040497628,0.0008982260943202414,0.0021672247571952927,0.0010804560000380234,-0.0010582932657553657,0.000692202978205116,-0.0013666684589905703,0.0222305017579726,0.0698191792889557,0.023126512219636634,0.02340029387221382,0.021694277628252438,0.02648107973362474,0.020988058469799467,0.02237593267294284,0.028485341711191367,-0.0038546520133146385,-0.003646909594504324,-0.004801357388092227,-0.0021353775978096806,-0.00517388634991672,-0.003414594337465126,0.028985773080683445,0.028790992331221486,0.02782736459839602,0.033174151831186195,0.027663027881078377,0.027998634399432315,-0.0032168986361067746,-0.004025125212265056,-0.00216884191721146,-0.0044882708936061,-0.0037026459310230972,-0.0026886741929142786,-0.0011545034534511374,-0.0034509413640004304,-0.0036515310815444916,-0.0027063291571535284,-0.004525315618808188,-0.004649114450018073,-0.0036368217308217197,-0.001691204721001159,-0.005021541558090011,0.02795077114435315,-0.0032028161445273396,-0.0013829635508916585,-0.004588362956116076,-0.003000198371270336,-0.004695372540967872,-0.004685107852929713,0.029323692173427465,0.03030728555403793,0.027937496537120937,0.032553420864226995,0.028097622765760537,0.02643461414160616,-0.00024446443862717853,-0.002796634028285644,-0.0022066580591600686,-0.0031822429256471653,-0.004260616791915282,0.0003043735928090401,0.0013812689929694354,-8.283142300929292e-05,-0.0031856744019106756,-0.002962713439700412,-0.0032755413498769584,-0.005647865629993709,-0.004286343828239635,-0.003764498506921654,-0.005755036508533277,0.007958199778444015,0.008594254648545107,0.006960891974089218,0.009465447499969937,0.007035984146530496,0.006286978456275345,-0.0061170396341486515,-0.008181966472369585,-0.008366654957102235,-0.008298441652189055,-0.008866260052223116,-0.0053973312257748806,-0.0058003100007393985,-0.005712338539351871,-0.00796385174320941,-0.00881892827771815,-0.008246861374867914,-0.009626919461866435,-0.009130195599012911,-0.008601084352200002,-0.009550206710105756,0.009511993822565354,0.008221795060869057,0.009835971461499997,0.008206641976519012,0.006407058680284504,0.00997113025142501,0.011564215858724792,0.009859253801613345,0.006889795112436887,0.009342779644201337,0.008107804760223257,0.005408037336448653,0.009307873807197938,0.008206593437790968,0.005483261865783843,-0.004299086250734006,-0.005613263490899931,-0.004806116902573612,-0.007930208632360306,-0.007978410265491228,-0.006686112822859479,-0.009245767155278693,-0.008569897313046656,-0.009135734715755631,-0.009362383170645049,-0.004124945737026221,-0.0032798454257400712,-0.007208973435923176,-0.004716319799718841,-0.007318414170308996,-0.007524606561647056,-0.007723476356028105,-0.009588425992746409,-0.009310765600930889,-0.009900000774090145,0.03229940591505957,0.0004337514263062267,0.0011534910344730203,-0.0003038847213503022,0.0008839751334660176,-0.0010298643678698408,0.00010448945369550026,0.03372099457003217,0.03421395982710163,0.03296024142957002,0.037951742898389616,0.0330749482073228,0.03181465313028669,0.0023468948655476214,0.001537313658384432,0.002019070033507328,0.0008228591734588904,0.000584668951806319,0.0035339855294234846,0.00421504863835273,0.0025310797826395273,0.0011486098819010917,0.002194362312122809,0.0016583149384210493,-0.00015277877440614767,0.0003118571840338703,0.0013264943279047998,-0.0008785564746726435,0.0048073336013095555,0.005043134515653697,0.004345418712239073,0.006725008417201998,0.004177135958918008,0.004231038945551168,-0.01100093683501364,-0.011520544667074493,-0.01208046599379389,-0.011987508885049946,-0.011490432175220217,-0.009730423789375539,-0.010611210644150354,-0.010498455136727924,-0.010995445357324374,-0.011883849322806546,-0.011285485436227483,-0.011704984923536426,-0.012824866205959679,-0.011153229597036237,-0.012080566633455638,0.005922000424803312,0.005567361469236451,0.007153949197396578,0.005409046156665857,0.0043086733774085305,0.006920192748701697,0.008387080580555513,0.00656524334435204,0.004584724100000894,0.007296286313777489,0.005947825626116814,0.0038465330591400592,0.007217896110747287,0.006517388646205659,0.0036781712819247115,-0.008670207294233618,-0.010364457004462752,-0.00952863963347825,-0.01100515739066454,-0.010981645129491692,-0.009660762670942888,-0.011366590100593635,-0.011910661238172958,-0.011630548987209922,-0.011833433234476758,-0.008219897388497292,-0.00734709679191518,-0.009734713970917285,-0.009439697377545143,-0.010320075917321614,-0.010502703327602649,-0.010119418243208873,-0.01143404487319395,-0.011131588393980315,-0.012374465084360228,0.006535598406061579,0.00798113259456029,0.005840481665685721,0.007335249171997047,0.006005813088579367,0.004007740752551814,-0.00635720318996495,-0.008632917142557171,-0.010175530540013116,-0.009021161509911989,-0.010401813151276676,-0.005070455276393913,-0.006111086830619166,-0.005459577712967649,-0.008876900158652421,-0.010199579823307953,-0.008377831317486694,-0.01105915823029806,-0.011536147513579868,-0.011303896587247973,-0.01116711502186036,0.00974854844058274,0.008253028528310282,0.0089550359302859,0.008426945119924563,0.004982016897755337,0.010962700163754622,0.01270320062131593,0.011414808829114102,0.0062757087085027795,0.009445290428469456,0.009291429828030644,0.004285701241776902,0.011559637933024017,0.006073394242303974,0.004451413359789561,-0.0030002746311520575,-0.005036545197056956,-0.003667525630715252,-0.008170785718150374,-0.007593510637434861,-0.005058488209409358,-0.00969723592492842,-0.008248119483990766,-0.010946258066546134,-0.010085989721166925,-0.0020352013918603436,-0.001096220936463771,-0.006881177515989289,-0.001971620007932509,-0.00762937522685442,-0.007271047618249318,-0.0051129159670392854,-0.010970329878895527,-0.00944184628078102,-0.012308357975129107,0.0013564123898105592,0.00034643818256084054,-0.00024511832825923957,0.0003314377862852445,-0.0017771221966598248,0.0025476489928562317,0.001940745417487494,0.00243558894193769,-0.0008515598147994238,-1.3174040226957483e-05,0.0009612707369330965,-0.0020527975674677038,-4.797225697712169e-05,-0.0014543964590311063,-0.00197696200881159,0.004685656631268051,0.0019127107520679927,0.004183100087120818,0.0007998248419588304,-0.00013913680473191185,0.002614439496599609,-0.00021090148053829255,-0.000725249416380872,-0.001578560514728462,-0.00032638658216337406,0.004115663309911448,0.0064206101455275555,0.002243232481051897,0.0035291530039051095,0.0006611391357122789,0.001930459587024589,0.0008434134089298349,-0.0012959066477829268,0.00045504415281184173,-0.0016043702236038372,0.004180998368617688,0.002681314737527139,0.003978586174431283,-0.00036216147489847526,0.0013749016987092016,0.003151370739483305,-0.0012180594751663985,0.0013498674956159613,-0.0015181401304713389,-0.0012330304107196497,0.00483233039614613,0.006066428687395033,0.0008313468343275283,0.005089127947362363,0.000515315474598994,0.0007192329459688361,0.003150759586424737,-0.0012858297424435238,-0.0006020968687603351,-0.0013206150250200757,0.005219407411686179,0.008230631042555352,0.0028961397871719425,0.004357127569083058,0.00040918628825976455,0.002392571238149035,0.0031793404831046757,-0.0009008290197109633,0.0015636982020540164,-0.001487496704150614,0.007829539358134019,0.002616301010026452,0.004634817119952063,0.0020287705699407782,8.259074018865773e-05,0.0003494747844981311,-0.009154966601903014,-0.0003682277745652043,-0.010402041301005444,-0.00995877800043355,-0.011032670157233153,-0.009361986405296629,-0.010897210551546525,-0.008706767589079739,-0.009364081183922417,-0.0013356404784344278,-0.00992922356425184,-0.008102741236898919,-0.010944325209203212,-0.010213171833221887,-0.010532497838871344,-0.010133999071432115,-0.0050276863795195555,0.0019225659283866423,0.0037454732442252,0.0015292932057930145,0.0019257837802785153,0.001997084861862788,0.0027481316160300317,-0.005950385813195252,-0.005197849048774801,-0.006685372448476,-0.005292667578288078,-0.006216597884213277,-0.006307565680483232,0.0027847547161469854,0.000878531066137732,0.0004618526054743461,0.001157108871381308,0.0011626851710027832,0.003902911160045691,0.002993994787935466,0.0038207432746946825,0.002245260476230565,0.0003443849212145667,0.0015602508359726804,0.000769102096401562,0.0005952226020565481,0.0014575614480642196,0.001237299057852399,-0.006118249468807269,0.0025979906666559484,-0.006724785319068655,-0.0059055911790364185,-0.0071909170694714865,-0.006730616204739592,-0.007230692792664586,-0.005671791165894229,-0.008650577966499444,-0.0023041420453701225,-0.0014260469018538883,-0.0021974305629290946,-0.002204320423918609,-0.0020630834745456734,-0.00018576762788211998,-0.009661729070652516,-0.009274022105192474,-0.009893995909290059,-0.00868508159213269,-0.00967890861521095,-0.008861183825833327,-0.002476200842377197,-0.0029349593262215997,-0.003717936229324099,-0.0029498341414618888,-0.0018598693410093862,-0.0008505750892776588,-0.0021692439248771145,-0.0012682007737559687,-0.0011383457307880562,-0.003292683141206213,-0.00200239631563998,-0.0017532348275500105,-0.003488843748372681,-0.0014675253148486779,-0.0016189557654451097,-0.008072252753106232,-0.0001624663094595959,0.0020801865598951146,-0.0004361635415730221,-0.0009687387782407348,-2.9006165333084774e-05,7.38426566101324e-05,-0.008268468006495675,-0.007009427568319251,-0.00879888642043912,-0.008534180916809388,-0.008388299327265073,-0.009356594989636372,0.0017078738099601278,-0.0003741124802100854,-0.001814793825579776,-0.0002494349386208338,-0.0009241798222748854,0.003348052190784323,0.0015385052276767612,0.0030962913746934626,0.0005768894620829164,-0.0016703908197640304,0.0005518817976865145,-0.0011981208578432233,-0.0017145063780028135,-0.0014386100890364766,-0.0007905993967105684,0.0016289457593219908,0.0028123282522189144,0.0016287908322246167,0.0015322089179934499,0.0020933882352782932,0.0017126404498014162,0.026680752139105826,0.025111837622215964,0.02387516180535269,0.025383213426639684,0.025107192172052768,0.028478249302567288,0.02676443364349814,0.02839829861586481,0.026587513101605356,0.024471852259664688,0.026485621828815947,0.025433028033387428,0.024716020006420262,0.025273940937463837,0.025889164547507885,0.0021738857942868697,0.0013017533010979433,0.00034166062737805937,0.0016178688710701736,0.00035867550800510524,0.003685325939200288,0.0023176440796539638,0.00368135604691907,0.0013881762025989093,0.0007021425641437408,0.0024544206374123518,0.0003585535144366362,0.0009525022813898474,0.0005537087104621335,0.0008238234689920597,0.028027386231587265,0.025520975262669863,0.0277629931966274,0.025223113565972163,0.023649529527147155,0.02627223946636871,0.024372375401696452,0.02361897632620266,0.023419459531051914,0.024643987723246826,0.027977840894390746,0.030331921835400146,0.02702392560969195,0.02758156247019242,0.02559124620570191,0.02694382456284221,0.025262061661563764,0.024016484914652164,0.025747358695897206,0.024260792814555,0.0006961012428955621,0.02616701992882961,0.0005319115330145277,0.0009070579842913401,-0.000660905742841797,0.0023084675976111813,-0.0007001940560110636,0.0011386652940845376,-2.1349770028213148e-05,-0.01034666379882245,-0.009903428170382034,-0.010977257034070894,-0.00930666756941556,-0.010841804434396337,-0.008651494172695172,-0.0005846535076564857,-0.0006386965868422657,-0.0015458072740118197,0.001942857912695485,-0.0013327318585094289,-0.00023029012940399516,-0.01051984109541802,-0.011278379778274224,-0.010388667193511891,-0.011293383669974387,-0.009897797601934774,-0.009617660945600034,-0.009271116872735118,-0.01003932505351507,-0.00961258150950543,-0.010698781395072701,-0.011076104460618722,-0.01052804535277834,-0.010896731663337083,-0.00856356139848973,-0.010392661736409285,-0.0009884158867875315,-0.009873876363892153,-0.008047513153467715,-0.010888917421682631,-0.010157800344161501,-0.010477114773018442,-0.010078635313707328,-0.0007446598812013024,6.630596591918148e-05,-0.002002107384709809,0.00032143987353853434,-0.0015946152173119184,-0.0022624847012062714,-0.007982001794701172,-0.01038315667166855,-0.010569202837077084,-0.010257195684365592,-0.010644238646856822,-0.007059467026394019,-0.007622786467465919,-0.007314184220994382,-0.009569840628442674,-0.011162452430683674,-0.010185042379798434,-0.011660187961298474,-0.01120740811144214,-0.010632996032010183,-0.011248014854431578,-0.005895280711958152,-0.005142787736648515,-0.0066302250418870555,-0.005237598016660339,-0.006161478385136958,-0.006252434934458536,0.002548198336155841,0.0006414435755543998,0.00022464949715362664,0.0009200925752631552,0.0009256433902188243,0.003666641169430079,0.0027574859953593918,0.003584451743058469,0.0020084985303384273,0.00010715081771969502,0.0013233372201920512,0.000531971304189472,0.0003580542821313139,0.0012205936387597773,0.0010002854255553343,-0.005345892467855471,-0.00651911503080888,-0.005995963864659522,-0.006200169713910559,-0.00717640803120801,-0.004555757163614283,-0.004446456891496667,-0.004559528674817139,-0.006580002179153422,-0.0063679263590291964,-0.006091283700364445,-0.007912387458402554,-0.006115521098842474,-0.006223777320821303,-0.007442959087368106,0.0036395235118397463,0.001918330574128731,0.0033682566246315032,0.0010458015308643168,-0.0002991380759090453,0.0015411324560092167,-0.00011953612351531572,-0.0003306042732201239,-0.0002445349008464124,0.00015935922608767105,0.0037135817989640235,0.005279291722503881,0.00216633692554643,0.003306429170267427,0.0015470672880498787,0.0020839905869942826,0.0006267859476860553,-0.0003621023954666944,0.0005629592467399272,-0.00011105278304018519,0.0029437620571155895,-0.006669625677381693,-0.005850480970611073,-0.007135729274929546,-0.00667544884665469,-0.007175500871875585,-0.005616698715715852,0.0031437187639339103,0.003548090048659473,0.0024314255445375818,0.004923750081729975,0.0025929424323822494,0.002735391078526276,-0.0058283597532694026,-0.006675225469871256,-0.007026850296173595,-0.006897836683315752,-0.0062228555355886735,-0.004363965003871808,-0.005193542757535102,-0.005066795459287566,-0.005561132897474432,-0.006970461670832922,-0.0061792880198863,-0.006688689161596236,-0.007639705638888502,-0.005934613608168089,-0.006728423761188232,-0.009606399205177175,-0.009218713493876719,-0.0098386528075802,-0.008629806787988139,-0.00962357893502498,-0.008805903772825769,-0.0027141561298126534,-0.003173038799294542,-0.003956229827798263,-0.0031879172973416246,-0.002097655712332046,-0.00108811612094476,-0.0024071357765617822,-0.0015058511644183467,-0.0013759484819302447,-0.0035308695621027,-0.0022402380102954107,-0.001990985149881773,-0.003727087624819576,-0.0017052219514088383,-0.0018566761557070508,-0.009507457548469067,-0.00981205182112243,-0.009434465947121691,-0.00970585980906416,-0.009817191853921622,-0.008209033350004237,-0.00828785126967964,-0.00846776114053623,-0.009388432684559375,-0.00926114099708745,-0.009050059892389259,-0.010049488262054722,-0.009254865456519752,-0.008545621104172018,-0.00983437031399088,-0.0011993639319531793,-0.0032942462282774193,-0.0017663113708719356,-0.002425984434532587,-0.0039819444710344105,-0.0020646801810958073,-0.002728279649848983,-0.004360684854662462,-0.0032178919626764204,-0.0027431499287756725,-0.0009463422206985669,0.0006964818292393872,-0.0008005423329698806,-0.0018028262766648837,-0.0018263863929536528,-0.0012181202343646265,-0.002754794023297195,-0.0027929020147970723,-0.001796006974931974,-0.0029889244291586396,-0.008213223007789578,-0.006954257460869533,-0.008743609376598608,-0.008478914083338675,-0.00833304754370265,-0.009301281083678455,0.00147103819484097,-0.0006115306570052772,-0.002052586630458764,-0.00048682270926934013,-0.001161751954096866,0.0031116462232471703,0.001301641780271451,0.0028598183706250945,0.00033970465374242475,-0.001908152996344804,0.00031470107508787794,-0.0014357636062518606,-0.0019522894084965602,-0.001676319051095605,-0.0010281366576202979,-0.006429652912662217,-0.007779160407223326,-0.008419315102369566,-0.007551999057107672,-0.009497765613513254,-0.005027758903746185,-0.005840413448375434,-0.0050792576665615805,-0.008394495135184279,-0.008324466338356375,-0.006896478954752658,-0.010028934312958319,-0.008092905971185836,-0.009468853263695832,-0.009617756309370246,0.003795394332635304,0.0010816134264143497,0.0032624623039801542,-3.339597570172792e-05,-0.0013899461513675996,0.001455144937218888,-0.001373652055523915,-0.00180361540643267,-0.0025230830985723094,-0.0012488385218515114,0.004037696593084722,0.005968291040704676,0.001610342657789789,0.0032244603232241134,8.905186897292294e-05,0.0013580274042515215,0.00012105430436649777,-0.0023785796427966102,-0.0004465988129612528,-0.002422760143869183,0.001937139838742288,0.0010647844057330858,0.00010443834601398891,0.0013809859634680698,0.00012144609237095191,0.0034489614956431636,0.002080929041241459,0.00344499726152483,0.0011511998321539858,0.0004650103980955704,0.0022177477124711476,0.00012133025636075285,0.0007154385175242867,0.0003165266319727635,0.000586719825305312,0.027513900142150303,0.025006174837852557,0.027249362725380352,0.024707923228981826,0.023133565287361,0.025757668123208496,0.023856705822546724,0.023102992623457778,0.022903335015360227,0.024128471069761973,0.027464446364425105,0.029819712514098144,0.02650975276789133,0.02706794023781511,0.025076353918435785,0.02642960542476786,0.024747008835976553,0.023500696760750256,0.025232464542067064,0.02374514582120576,0.0038351453694747597,0.0016053799223079061,0.0036828057771119732,0.0005115754930325733,0.0004236896564382861,0.0028898030286131997,-0.00020629371760159674,0.0004926360674952841,-0.0008756862750546658,0.0001103913030340286,0.0038778394732909426,0.006025485827890876,0.0020258473716224354,0.0036709494991055435,0.0009473781480826199,0.0020219168431975854,0.002026976828400951,-0.0005147166607426891,0.0009483380947006514,-0.0002639883882841615,0.027251392032040564,0.030211787642759193,0.026057780884286712,0.026580818613810057,0.023830302701995307,0.025792769245551954,0.02497507697544461,0.022677442081605735,0.02501875765819156,0.02264685025693389,0.030075199917338327,0.026292385901994966,0.028367777899654945,0.025895262938976114,0.024291794364035137,0.00043318763119635373,0.025243556034951837,0.00026895305573004617,0.0003523119069817209,-0.0009242076936206903,0.0017545954916065767,-0.000957024253124485,0.0005840975084162117,-0.0003750694187370626,-0.010099638068278212,-0.009951685951011029,-0.010730066509916114,-0.009354903917910096,-0.010588043187754676,-0.008699697053942905,-0.0009385938635008448,-0.0012850893380233403,-0.001900117446048941,0.0012983559538474435,-0.0017691258021896852,-0.0008763485960419135,-0.010568123966733192,-0.01103110262947249,-0.010436948874905557,-0.01103949404561565,-0.009946051869915453,-0.009665906185034637,-0.009614415050900485,-0.010080991383954937,-0.00995596383907612,-0.010747076782870351,-0.010822274627176973,-0.010576324742647551,-0.010938428890647143,-0.008906583324392318,-0.010434335444723698,-0.0013424941850630643,-0.00962699021836814,-0.008095682157604549,-0.010641751524631064,-0.010206074624261062,-0.010223464183486596,-0.01012690359531647,-0.0010986420819673979,-0.0005795317198619512,-0.0023565814123778345,-0.00032423529494069126,-0.0020311206815581844,-0.0029100120664618022,-0.008030167836631007,-0.010136127479503253,-0.010617495105533182,-0.010003603086273885,-0.010692530335313382,-0.007107592038432247,-0.00796541794085843,-0.007355756683011255,-0.009913242495104425,-0.011210771331172044,-0.009931471603933937,-0.011708523012888446,-0.011249118630753199,-0.010976829135380407,-0.011289720463601013,-0.005740665311918047,-0.005281946773543589,-0.006475487074444555,-0.00537677740391661,-0.006089444633311443,-0.006391763608739077,0.0029167613566476393,0.0013025082764972816,0.0005942196325024206,0.0015874200273927098,0.0012949623219667022,0.004034758227698854,0.002834920184104526,0.003959034923726666,0.002086015455364785,0.0004767692189737833,0.00199037383561375,0.000901428834615478,0.0007340415390811872,0.0012981778076039251,0.0013760246420003025,-0.005485078147789225,-0.0063643932518642025,-0.006135254598798819,-0.006128133516781762,-0.007315869469511051,-0.004694832028357907,-0.004879060058523945,-0.004781085202423601,-0.007013610464068417,-0.0065072725795003354,-0.006019253104113868,-0.008051952166302565,-0.0063374861382497535,-0.00665722792162951,-0.007665253906055672,0.00400765540687761,0.001995834181862923,0.003742928357901803,0.001123396135837576,7.064379184007452e-05,0.0022080196242365412,0.0002501820371742409,4.567110401805255e-05,-0.00016682955212477506,0.0005354401773031344,0.0037909323605352747,0.005653199827405356,0.0022438377134933363,0.0033902534806570703,0.0013330216371189117,0.002167953336749032,0.0010026664817092473,-0.00028438691312094824,0.0009388754287211234,-2.6878263740211242e-05,0.0025911868412296845,-0.0064236060704291114,-0.0058985677301457914,-0.0068895797450936064,-0.006723577736991931,-0.00692277166517219,-0.005664772170584194,0.002791220120824888,0.002904641458842492,0.002078645378471813,0.004281338252603744,0.0021584816858355687,0.0020914100020853047,-0.00587644571702151,-0.006429198307087151,-0.007074993763944425,-0.006645186280355015,-0.006270954396361187,-0.004411987235041994,-0.005535382213806589,-0.005108310231172585,-0.0059030667460703845,-0.007018603230931087,-0.005926848981986953,-0.006736808197112569,-0.007681310579974167,-0.006276721234392337,-0.00676998749298048,-0.00945113360513339,-0.009358476032020493,-0.009683348842778291,-0.008769486997082524,-0.009551314865245256,-0.008945596318033832,-0.0023434147132245587,-0.0025092092765010097,-0.0035849615843384537,-0.002517568342571715,-0.0017271773372105749,-0.0007180197751229894,-0.002329249796358831,-0.0011290915059964939,-0.0012981569490619863,-0.0031597682123497713,-0.00157057299623586,-0.0016205629160797616,-0.0033493773503733408,-0.0016273997455773439,-0.0014798039850110372,-0.009647261330223252,-0.009656747155032265,-0.009574265363785826,-0.009633589975520865,-0.009957032124411649,-0.008348654292356745,-0.008722271140249706,-0.008690327262680254,-0.009823311675969906,-0.009400917630888381,-0.008977830785142313,-0.01018936076489348,-0.009477636933508704,-0.008980127933075977,-0.010057262802829339,-0.000829213457999075,-0.003216286073537889,-0.0013894421581320876,-0.002348106586501919,-0.0036106589036060755,-0.001395129691066131,-0.002357556527009459,-0.003982715020582977,-0.0031399438872749463,-0.0023659142599952235,-0.000868581501062953,0.0010723604439880317,-0.0007227997100891805,-0.001718490129816072,-0.0020412019370899593,-0.001133849221933262,-0.002377493987306513,-0.0027149888967374506,-0.00141915791219921,-0.0029044788828414855,-0.008058202877975281,-0.007093681913922754,-0.00858849653732469,-0.008618574945063151,-0.00826086871872999,-0.009441056566396457,0.0018400360392746822,5.045572471691743e-05,-0.0016820982238939905,0.00018155669876650013,-0.0007916071705965557,0.0034799750187296786,0.0013791917943869858,0.003234692404761274,0.00041735969323555404,-0.0015377122789894152,0.0009824940775507514,-0.0010655088593879915,-0.0015753175168125814,-0.0015984928035654505,-0.0006515584414074949,-0.00656899924419369,-0.0076242138619388115,-0.008558966791655397,-0.007479872037909687,-0.009637569142546296,-0.005166897757035293,-0.006273625663692461,-0.005300933573639812,-0.008828951457411362,-0.008464102278343051,-0.006824396061829034,-0.010168816200553186,-0.008315372517904108,-0.009903840566166661,-0.009840612917321261,0.0041634580785208306,0.0011591834733986849,0.003637182632828151,4.4290106209239684e-05,-0.001019726689869512,0.0021220909770190877,-0.0010034182391953626,-0.0014267082311622459,-0.0024451849632510575,-0.0008721616859868206,0.00411500012029096,0.006341884636617868,0.0016878879832433317,0.0033082765665486532,-0.00012531536335368248,0.00144205789807442,0.0004971099314328142,-0.0023006915146522393,-7.025417907944994e-05,-0.0023383572032224975,0.002215653701288394,0.0016351153026978045,0.0003835046697825958,0.0018693350174406507,0.00040052088183288777,0.003727033043058405,0.0020680688786040174,0.0036414729649917777,0.0011383214666089692,0.0007439722633954855,0.0027056825945765664,0.00040039780175515585,0.0009124391365986805,0.0003036334920100023,0.0007837507072860481,0.028191370273579867,0.025401354588317417,0.0279331736924257,0.025103393359387743,0.02381417313703587,0.02672642469689043,0.024536946685761143,0.02378983081351887,0.023299468061651084,0.02481471362263325,0.027858620497170496,0.03050169674607807,0.026904495840251643,0.027468439551298154,0.025187517943431204,0.02683055397556588,0.025432649690162994,0.023896589553106678,0.02591790650783621,0.024147139426185543,0.004113104501663839,0.0015925110909407838,0.003879233885900323,0.0004986857036946626,0.0007026675378673475,0.003377398833999717,7.287680484230977e-05,0.000689679103144876,-0.000888601331107365,0.0003075130561584719,0.003865012436892166,0.006221481552843933,0.002012984886515297,0.0035765275623461288,0.0006426779033402316,0.0019272744092843738,0.002223723124220874,-0.0005276252538956528,0.0011453037049452162,-0.00035891557759272383,0.027645657422971693,0.030893504256190446,0.02645271079035308,0.026981529319160202,0.02394158014870708,0.02619398194293034,0.025660528578579467,0.023073668749875296,0.02570436428421098,0.023049305389911293,0.030474446415434175,0.026403432939253894,0.028767944669982618,0.026012527673678874,0.02469356494237692,0.025864888153786108,0.0006156073898606544,0.000698930719358994,-0.0005771026154564375,0.0021006693290584254,-0.0006098973861620458,0.0009306050999591199,0.02648569898089628,0.02617115625102243,0.025081438455014208,0.030429363564690885,0.025159085471271724,0.025376874849537746,0.0011585544899794708,0.00031830945425494677,0.0021897133089592326,0.00010398001168721836,0.0007664697870361665,0.001883362268103702,0.003276519022387164,0.001192021975414356,0.0006940741466396719,0.0015170101547329403,8.71473946928559e-05,-0.0004259365934258624,0.0008615642052332376,0.0025424016121630517,-0.00045871892344118164,-0.0005914979583726842,-0.0009378515241169425,-0.0015526639674030634,0.001644585439162227,-0.0014217190405081065,-0.000529289189696822,-0.01051273967411064,-0.010975689302977534,-0.010381567357116267,-0.010984080507487662,-0.009890707070746175,-0.009610574751216303,-0.009559083266502826,-0.010025635003597523,-0.009900617975036025,-0.010691676209247436,-0.010766873475663359,-0.010520944355331206,-0.010883015543325481,-0.008851297137490732,-0.010378962705361023,-0.0007855164442290576,-0.0010873134641249589,0.0012865936240254888,-0.0010645489681693101,-0.001092890048963276,-0.00022891014378730425,0.0016917025727739724,-0.0005677822275628863,-0.001398932800566023,0.0007288634965357393,-0.0011453296317813731,-0.002054541035698295,0.0006528631929390019,0.00143598107488791,-0.0019235329245889385,-0.009280472254478807,-0.010010063440602776,-0.009845684356867609,-0.010516986789212241,-0.010703002481525727,-0.01014685493658593,-0.010821882473742625,-0.011077985911206605,-0.009932665476759474,-0.010830272335048987,-0.008381419870095164,-0.008098206520309115,-0.009614871243594716,-0.00923852978531444,-0.009268351817963278,-0.010029908833588775,-0.01019828895631795,-0.010242591965371488,-0.010613119241640188,-0.010433810540853369,-0.0007515059883255567,-0.00023259006583467855,-0.002008969665342848,2.2619789034333975e-05,-0.0016836300289428438,-0.002562169411046809,-0.00797494479094557,-0.010080767835334972,-0.010562099503043073,-0.009948251214596367,-0.010637134591538614,-0.007052425937483426,-0.007910196110184693,-0.0073005754929157795,-0.00985789354597945,-0.011155338799883245,-0.009876124275062806,-0.01165306660054056,-0.011193681850660053,-0.010921409067250658,-0.011234289455617583,0.0007259345418501202,-0.0006130433161326828,0.000519556001224747,-0.00046986072660648603,-0.002317973685945601,0.0013881772652526362,0.0023443791697898395,0.0012548836534346044,-0.0019543815232410714,-0.00011653076379447318,-0.0005496725020408105,-0.003577672208666255,3.0607736168478804e-05,-0.0012500224412896328,-0.0032517632420531847,-0.005920463762596047,-0.00769086505620089,-0.006452662085276309,-0.009792232341845852,-0.010188468064528496,-0.008280725563489378,-0.011146870224666651,-0.010600120552587354,-0.011333179570696178,-0.011014195426241088,-0.0054380752006327445,-0.004451091142948093,-0.008867613493944491,-0.006253943745646916,-0.009432317683254112,-0.009116320378293137,-0.009392840328467556,-0.011926970871784015,-0.010941976374585941,-0.011965375532115198,-0.005430001156929797,-0.006309264188075229,-0.006080134680326963,-0.006073018630520206,-0.007260679536183815,-0.004639800535438717,-0.004824014778625106,-0.004726049141031981,-0.006958435845622226,-0.006452129927921869,-0.005964143568129356,-0.007996719829574072,-0.0062823535422515024,-0.006602073608492027,-0.007610043613906736,0.0037714096638341342,0.001759071919826748,0.0035066180886391845,0.0008863553355956713,-0.00016666128176799093,0.0019712702396825323,1.2917869229665608e-05,-0.00019164029299583213,-0.00040420947369274393,0.00029825004009283195,0.0035546387629723547,0.0054173658811918135,0.002007084217034702,0.0031538563994846953,0.0010960285708294221,0.0019311809763650988,0.0007656014455083577,-0.000521797865791492,0.0007017880875724405,-0.0002642205991612057,-0.003810357650743974,-0.004862655294454868,-0.004045991082191082,-0.007161921668339254,-0.0060528045225705165,-0.004845721616731316,-0.00788546482402593,-0.006065798554659015,-0.007361619516484902,-0.00764879728079936,-0.0033064656862602146,-0.00241599403480285,-0.006370210254992472,-0.0035969577826488416,-0.006260778569308073,-0.00645661124458079,-0.005254345892305285,-0.007734169398551666,-0.007539761613039112,-0.007564147317281248,0.0037718939781795665,0.00625455487646425,0.001979892970439823,0.003089857394175794,0.00025517421299406547,0.001714547168453298,0.0014380504503752924,-0.0009283911400233799,0.0009197346678302322,-0.0009533920480490201,0.005951249285015024,0.002054157230879782,0.0036293751327130214,0.001652619586842916,4.70174890968319e-06,0.0031369218924205563,0.003250309679621983,0.0024246194718487465,0.004626453452658793,0.002504422572788176,0.0024373619438870105,-0.005821337592512785,-0.0063740554308972215,-0.007019806857512262,-0.006590029823153134,-0.006215827254445334,-0.004356967863148703,-0.005480291705584957,-0.00505324723085657,-0.00584796046973833,-0.00696341911702542,-0.0058717364742256984,-0.006681652928718822,-0.007626080241441747,-0.006221586385084944,-0.006714828746625748,0.0041625569955649365,0.003771240975266229,0.00517834201200196,0.003770300621399852,0.002637421600835251,0.005360530984742409,0.006491532717590031,0.004984289076584594,0.002791096574958662,0.005183874601954064,0.004329858359330026,0.0019247490840311116,0.005286549183216412,0.004418422724563006,0.0020045975444463525,-0.003271062729603354,-0.005203132374375821,-0.004148864549031391,-0.0058258408230426545,-0.0059426723591015276,-0.004224988403058223,-0.006221412652270314,-0.0066857333936699145,-0.00657278438588866,-0.006437329998521842,-0.002312736777995776,-0.0015085519712023546,-0.004361550543295085,-0.003747294373633096,-0.005191068983520702,-0.005057792269898216,-0.004548797678443588,-0.006516424340655809,-0.005719222983494678,-0.0071786514065825344,-0.00959193104992254,-0.009601416606277923,-0.009518936963240295,-0.00957826197781409,-0.009901686756778683,-0.008293399081752417,-0.008666992094359898,-0.008635052841880075,-0.009767973464277746,-0.009345598608686485,-0.008922540383319846,-0.010134002155812468,-0.009422314011393611,-0.008924837648359473,-0.010001911668534902,-0.0010667551906651783,-0.003454446319936621,-0.0016271240827352802,-0.0025860148449734824,-0.0038489294111503226,-0.001632818825212421,-0.00259546594019323,-0.004221083852501094,-0.003378067182921277,-0.0026038245832658495,-0.0011061310152470666,0.0008352964257044706,-0.0009602938474708522,-0.0019562672352054513,-0.0022790467794071537,-0.0013714499199947387,-0.0026154448696780203,-0.002953005133736896,-0.001656827047664714,-0.0031425497371754293,-0.0075452239164154125,-0.00874919227291201,-0.007995362584951088,-0.010056869146393236,-0.008988446901118653,-0.00784380603884176,-0.010107403783845245,-0.009146395410460561,-0.009729726901291662,-0.010084226582888364,-0.006641011697713782,-0.005813776359863489,-0.008757773402569011,-0.007178924279124703,-0.00883664907088342,-0.009099570955872622,-0.0076844666269108635,-0.009556358504313904,-0.00942818265967045,-0.009633086247941125,-0.0009307661258035543,0.0016338894609817076,-0.0010715163858002294,-0.001962718269767963,-0.0031659825455375257,-0.0016318548727639257,-0.0018823364277548923,-0.003403752533329014,-0.0014813848965270114,-0.0037756897638474137,0.0015564377043524198,-0.0008185458914104883,0.0008304322073766212,-0.001668356201567231,-0.0021709761227188176,-0.006513856420058494,-0.00756900708280554,-0.008503698974117194,-0.0074246744314810905,-0.009582238982465928,-0.005111839959371912,-0.006218501944687332,-0.005245869507704906,-0.008773667701309638,-0.008408840891581549,-0.006769238635432,-0.010113453919844374,-0.00826012163757721,-0.009848488515665142,-0.009785270005705974,0.003927256088223834,0.0009222177226725431,0.003400842008122481,-0.00019303082424664304,-0.0012573127182257775,0.0018853208290682323,-0.0012410134767433395,-0.001664413992957907,-0.002683155261577397,-0.0011097237210547838,0.003878850414546434,0.006106247143289966,0.00145099808131093,0.0030719032538952793,-0.000362664200932113,0.001205103493129583,0.0002599358704509686,-0.002538631151633305,-0.0003076089316211179,-0.002576314951595302,-0.0034330196437914076,-0.005439292748448276,-0.00374910572732694,-0.008247957159159776,-0.0068838567011230796,-0.004528219781546185,-0.009147518517377046,-0.006816705976834809,-0.009788792633653865,-0.009002913416845608,-0.0025107099115868033,-0.0011735716341184663,-0.006843124650881974,-0.0025607727301914583,-0.007657454177082685,-0.006977364848467085,-0.004641998199733792,-0.009693778354122665,-0.008346282609513528,-0.00954480434406384,0.005014246678790801,0.007858315305922866,0.0021361094357041977,0.0038414062296353406,-0.0005831774273276221,0.001608514912853345,0.0026289869501917506,-0.002020014292827547,0.0008336875198423763,-0.0024275260399057876,0.008548647548712906,0.002379362407118875,0.004319914874921133,0.0015707976583766317,-0.000501346101244124,0.003876846704165473,0.0013556090241865423,0.003642923237999959,0.0002614845296200931,0.0004655313364672887,0.0031409568267057398,-0.00016442544877640203,0.0004525426995843142,-0.0011261575195716817,7.027162813017341e-05,0.0036286999741886147,0.0059857540275812275,0.0017761663390156082,0.0033401490571365994,0.0004055077317738437,0.0016904362602639792,0.0019869850984645626,-0.0007650911350883987,0.000908272742584282,-0.000596338288102673,0.0271320529285251,0.030381586141191512,0.025938193891110503,0.026467543086357067,0.023425744860243694,0.025679326073617913,0.02514570566122002,0.022557329928502158,0.025189425779713857,0.022532952977660493,0.02996245204656303,0.025889007991619476,0.028254714371618975,0.025497880164789193,0.02417814444652623,0.004299736094455315,0.00736495889203106,0.0021630773287040187,0.0038304942076393417,-7.095430061930077e-05,0.0019287467870191196,0.003213189602152564,-0.0008064863799546533,0.0015813406615634651,-0.0008194769988755077,0.007264264691684654,0.0022059170554947047,0.0042760450850391095,0.0019169393333420845,0.0007172100663507207,0.030793026250240774,0.025675504730293394,0.028647532519968846,0.02500974947011363,0.024406394818972364,0.028511162206916053,0.0036024307892378172,0.0038187636610795698,0.002086727729731513,-0.007484562541871581,0.006533281441078254,-0.007796643427260547,-0.008358660767396376,-0.008735118256647925,-0.0076943121103715826,-0.00900903223967188,-0.007119462699665916,0.029001795185519496,0.026208966185729408,0.003999685626929317,0.032007959630878005,0.004057810100314403,0.003135329546732307,0.002518366589990648,0.00531581240296757,0.0022478011278579775,0.004361008362051065,0.032643169193534306,0.004215945921132887,0.032718252662805286,0.00423708275311944,0.0031008979909049757,0.003150183307599558,0.005745208639643461,0.0027091175212659593,0.005828630881647602,0.002484578293633855,0.03070277313786347,0.0031692269166316176,0.0025305582374299967,0.0018136582752206502,0.003518306298730086,0.0013943731918905056,0.0028463912094530445,0.006929362893223481,-0.007642084593973452,-0.008204018221234713,-0.008580418551748665,-0.007539765301626134,-0.008854286369378525,-0.006965002514199079,0.007278338171035233,0.006500038478760174,0.006135299755804471,0.008505457777420134,0.006024933678831116,0.006837381307673079,-0.007931710314598748,-0.007993139827681864,-0.007645788396066137,-0.008375568285970605,-0.0072769336059706246,-0.007553828948702886,-0.007672984116059905,-0.00825339870747316,-0.007844902355804968,-0.008239917363310471,-0.00851004943337817,-0.008214966713829729,-0.008821337821472599,-0.0069274953392961065,-0.008488734802727368,0.028164642210837802,0.02536938929945804,0.003688175233442304,0.031086035534441944,0.00374631906155585,0.002578816434962943,0.002206387975723568,0.004760557266021172,0.0019421851438712703,0.0038051593388255048,0.03180937184549106,0.0039044944324412296,0.03179696049530346,0.003925636766104448,0.0025443511059895,0.0028383933227941354,0.005190176212719052,0.002403636634199201,0.005273707432129638,0.0021725867885911067,0.02977959164531404,0.002857455458263148,0.0019737029046969956,0.0015014491631077085,0.0029620016394119896,0.0010884845629605228,0.002289694741459245,0.006528867268466505,-0.007493011104928877,-0.008302258310989635,-0.008431199421336437,-0.00763795149218084,-0.008698441286963463,-0.007063139659765616,0.00687798423792092,0.005855436205545852,0.005734472755249414,0.007862218221433917,0.005542665521790953,0.006192959640711126,-0.008029926032916771,-0.007844010986311004,-0.007743983878348111,-0.008219805305607172,-0.007375097796792034,-0.0076520134927219405,-0.008018521917703712,-0.0083450703780889,-0.008190492545835436,-0.008338164942780333,-0.008354263846281093,-0.00831321058280591,-0.008913058956509682,-0.007272796860327949,-0.008580427682245526,0.06832751144312486,0.028790657023800625,0.06953322537771,0.029168916765673087,0.027463443172065602,0.02751191469983133,0.031939787368000586,0.02708782369751391,0.03012184438733058,0.025997106290991983,0.06662523635782634,0.027024018321574004,0.02580288787438601,0.025102778633288778,0.028816132086216587,0.024700305123037676,0.026112237812969993,0.031710156679631646,0.004143519442971339,0.002976474249447461,0.0026041919750221733,0.005157330498710685,0.002340102638298365,0.0042023506765486,0.03240714794261401,0.03105344317327122,0.03069768986706097,0.03482245836115384,0.03051048725125762,0.03138417646353196,0.0036125238477902498,0.0035520400616184606,0.005418806189546114,0.00318045763700427,0.004260465420583307,0.003375056426406168,0.004781591600051916,0.0026895831185903374,0.003087277647735882,0.0042217657195163984,0.0024356869473867128,0.0027212632532345573,0.0036545479164956677,0.005518254617550842,0.0024571983290828784,0.03243302081443035,0.07339291108190801,0.033456750011217916,0.03199616979391224,0.032026808925306606,0.035787090967520516,0.03158383587209745,0.03375856078744862,0.03242068299631196,0.00432278180699442,0.0029420328277608844,0.0032359642279207973,0.005586793123252029,0.002801380845848235,0.0056702470137064325,0.03308149762332138,0.031331983976354054,0.031812714026721735,0.035876407941312576,0.0315378901854125,0.03381716860372643,0.003541114967755965,0.004146288894373966,0.0058518366398449765,0.0036450557966009474,0.0056913556685834095,0.003755693582934961,0.004960815353261794,0.0028998102234586965,0.004111277137853639,0.005147335770361798,0.0033935640574777517,0.004606190169714805,0.004537534508373896,0.007196950582525559,0.004172277843772082,0.030404510403537963,0.003255002964518274,0.0023716012797316945,0.001899538779728841,0.0033595130196991817,0.0014867522021942165,0.002687481676174131,0.031793162690337065,0.03079695757487817,0.03034476525419656,0.03376560683602343,0.03024672104281053,0.0300780344487978,0.003634184341730892,0.0035964034442457376,0.004396276678246216,0.0031037222140237763,0.003372020896939019,0.003787816115330558,0.004169469895550068,0.002943473257652609,0.0024824561940155693,0.0035477233016650515,0.0028425862475450095,0.0020166701263670066,0.0027816487638373066,0.0037210472720785423,0.0016039218783318527,0.007273939977469582,0.006251791173902171,0.006130877032569224,0.008257756279831685,0.005939143472110275,0.006589207097260514,-0.007875336608829019,-0.007689446928795401,-0.007589430993262949,-0.008065183870447048,-0.007220600209361921,-0.007497479331312875,-0.007863927156961726,-0.008190429474025252,-0.008035873543844269,-0.008183520315566182,-0.008199622012266148,-0.008158572205080442,-0.008758319963336147,-0.007118311291217503,-0.008425744932628541,0.007220931437281263,0.007410602902249199,0.008849434388287605,0.0071521873924147794,0.006938324760804349,0.007375432514936931,0.008438906233811529,0.006845022994384211,0.005714723249239717,0.008130825827234688,0.006842166058098403,0.00579481232769057,0.007877190384089953,0.008165981300219909,0.005603004689366515,-0.0063271271076074985,-0.00738567978730893,-0.007127903601451631,-0.007763608062745488,-0.007266660476030587,-0.006698899293595017,-0.007571517575710028,-0.007922063848749017,-0.007224292266311439,-0.007947223524569832,-0.0064554263425432015,-0.0059477679835304035,-0.00738578104224801,-0.007465893327305755,-0.007504913535448544,-0.008078671799526135,-0.007409930692975435,-0.00781818507979403,-0.008081650678115936,-0.008392781378623903,0.00803055057493278,0.005123129509062521,-0.0031752267040868346,0.004927613125734727,-0.003961842913346777,-0.004900645257687117,-0.005270570227992096,-0.0033201025915083737,-0.005146919399552959,-0.0028115384738706764,0.011198989678785253,-0.00340074495269066,0.005193266371918064,-0.004236364498997246,-0.005379494709772584,-0.005100948843605528,-0.0034131491045254576,-0.005186799146690544,-0.0017744082699135643,-0.005098364832887161,0.0029648194374758846,-0.005308070081182398,-0.005987435725686876,-0.006444398141651227,-0.005517252275829822,-0.006429976348206677,-0.004734055801707406,-0.0069142078955882185,-0.0020585172268871286,-0.0026264449480554557,-0.00274946659212286,-0.0021985273064513743,-0.0026261068508374053,-0.0005418862022969716,-0.0074649707915537345,-0.008292592376868878,-0.008410023479566155,-0.006963183672109036,-0.008276313557069283,-0.007008315951307502,-0.0032449141605355543,-0.003044199529315844,-0.003179331122717069,-0.003070286530875081,-0.0016952011358926068,-0.002599046779335951,-0.0032415737427017003,-0.0029556849448834736,-0.0022691731057464934,-0.0035630023434164476,-0.0029926590783757195,-0.002385932897090746,-0.0036828956684127356,-0.0015893435339959026,-0.002262611103284009,0.03537293772593842,0.008426082916170585,0.03092329645759789,0.00796534902441265,0.006469998937236636,0.006501646108054659,0.009926337396583816,0.006416741672611187,0.010031356679328333,0.005519779043693756,0.02760090460372216,0.005678266634492999,0.0046400907497294005,0.003943512861672235,0.00660912999824445,0.003957865555827292,0.00588060298210988,0.005324342990193157,-0.0038078739681051627,-0.004746534160415356,-0.0051164042282075845,-0.003166231713688909,-0.004992771293010142,-0.0026577372905344206,0.005146574485093366,0.003962640937025161,0.0036020990834762074,0.006714400805464487,0.003734163704614202,0.0052321135151916385,-0.00499627939462301,-0.005041833395091417,-0.003778421795860508,-0.005067960122510541,-0.003443986299242144,-0.004965642002099621,-0.004210283262821285,-0.005323121042368205,-0.004388563857709799,-0.004778560120892518,-0.00560691260862926,-0.004752095427653659,-0.004898606268956006,-0.002556490721164212,-0.004628500566860832,0.011593241283502581,0.03407957716780145,0.011714065675247645,0.01046980613404491,0.010438847862260557,0.013017560269544317,0.010283621003980978,0.013192781476486304,0.005589922133457957,-0.004082348141744918,-0.005225307431158245,-0.004946802313085044,-0.0032592565513735634,-0.005032639961723229,-0.001620793911580091,0.005363924589043957,0.0037825198849856453,0.00426016262739426,0.007196291440649638,0.004207201968835054,0.007276886161619509,-0.005524052558569947,-0.004921091117613789,-0.003908862313965802,-0.005145217419112995,-0.0024548136845862992,-0.005048888156813299,-0.004556170569565432,-0.005615978933017395,-0.0037991762005273816,-0.004453433351680163,-0.005228148290620216,-0.003317745640766164,-0.004745248006850827,-0.00138743233983309,-0.0034034349962758182,0.003362327786231465,-0.0051538970372050465,-0.00583315689908453,-0.006290049634603641,-0.005363038271175076,-0.006275628869606985,-0.004579964430903852,0.0038131760998952294,0.002914798211399063,0.002468072998571989,0.004616386859944213,0.0025541249823116444,0.003269798359628872,-0.005504692116718956,-0.005602387763636105,-0.005367185529149556,-0.005741328099124719,-0.004789572867942855,-0.0051180884581154065,-0.005463447861472067,-0.005655775686434655,-0.005474824897754656,-0.006143353340569419,-0.005948245324814509,-0.005925349541049955,-0.006452335106277919,-0.004752012608747032,-0.005910930715688374,-0.007310466002369313,-0.008137961226988804,-0.008255374926220988,-0.00680875244120256,-0.00812168630015877,-0.006853872589136664,-0.0033372390058316027,-0.0031365068187335344,-0.0032716505073628337,-0.0031625956686761256,-0.0017873891214384486,-0.00269131289494793,-0.003333899646501382,-0.003047983978779526,-0.002361411915702897,-0.0036553576875326638,-0.003084961240183907,-0.0024781820595552702,-0.00377526260203323,-0.001681520881503135,-0.002354849572210872,-0.008104693566069123,-0.007896841669978987,-0.007172994518574435,-0.007901819802613378,-0.007404635541834411,-0.007706087373758282,-0.007463113780203446,-0.00803182059338091,-0.008436875245507042,-0.00777968512952813,-0.008062753549815642,-0.008349689361177394,-0.007827390588026138,-0.006655768086203526,-0.008215979648518413,-0.0024493205663958543,-0.003778390329851222,-0.0029553773510165244,-0.0029797376348566413,-0.0037415770119750124,-0.0026343194957112108,-0.0027728434002888096,-0.004014608376468451,-0.002661858920532699,-0.002798925855717211,-0.0026429107401208705,-0.0015414985409505212,-0.00233402237961458,-0.003313474149109979,-0.002730292136787866,-0.0026905751389183262,-0.0034710070484207187,-0.0030453416580469607,-0.0027213162688451233,-0.0031651741095791845,0.03456168155957418,0.008056888200161849,0.03005017097046241,0.00759598582859358,0.005856136797207984,0.006131736140242951,0.009314646615103894,0.006047077503949616,0.009419787097426012,0.005149521121208859,0.0267248589828608,0.005308071873494888,0.004025118868127291,0.0035726598940633352,0.005995405074715199,0.003587298512425404,0.005266383318422782,0.004894550699838893,-0.0037518190307259,-0.004936999146333486,-0.005060273520768557,-0.00335640467583463,-0.004936340568492466,-0.0028478256809978805,0.004716702956104779,0.003287691232803774,0.003171555740015477,0.0060413512977613125,0.0032732634212557904,0.004557987706347425,-0.005186787931765767,-0.004985706725277052,-0.003968706394911592,-0.005011525128584584,-0.003634216971119712,-0.00515614645298688,-0.0046471562623753,-0.005513383926081957,-0.004825520275871774,-0.004969032865095901,-0.00555044417073209,-0.004942565497552239,-0.005088795219230602,-0.0029926654742626507,-0.004818642317495427,0.011225264191239098,0.033209387163768575,0.01134613501448909,0.009858446675090097,0.010070432121754382,0.012407817805733627,0.009915417292554607,0.012583212450507664,0.005160211957100292,-0.004026275098729401,-0.005415865094682131,-0.004890679216359687,-0.0034494560163019043,-0.0049762049606314985,-0.0018106545885523343,0.004934110211488322,0.003107359971054458,0.003829865728234541,0.006523515803988717,0.003746488506982987,0.006604356622977839,-0.0057146646525117984,-0.004864968670453175,-0.00409918161909546,-0.005088775479931289,-0.002644827167108785,-0.005239414744769325,-0.004993210627975703,-0.005806300281464225,-0.004235820657090979,-0.004643856858635257,-0.0051717007568158144,-0.0035079169080798607,-0.004935416378993687,-0.001823033295764029,-0.00359331845308316,0.0029316785545152844,-0.005097763649710156,-0.006023825833179691,-0.006233848864262182,-0.005553628540978929,-0.006219118037884747,-0.004770405549948541,0.003382722393212788,0.0022391248494564166,0.0020370239386197,0.003941885056302622,0.0020926626905623524,0.00259433593291009,-0.005695299427304827,-0.005546226837369025,-0.005557775387275953,-0.005684850246916951,-0.004980051523902908,-0.005308622641735236,-0.005900884537614018,-0.005846104480071027,-0.005912253495984856,-0.006334093593983472,-0.005891754965501694,-0.0061160414478807264,-0.006642826871852358,-0.0051891530449058604,-0.006101311232901858,-0.0073143897038067136,-0.008389306953609756,-0.008259299270198956,-0.007059777429333333,-0.00815643863704243,-0.007104917153426559,-0.0031389431684239535,-0.002692164946773084,-0.00307336660533445,-0.002717944056696664,-0.001589392118428651,-0.002493145234518638,-0.003381796040174918,-0.0028494433652708467,-0.002409266197891731,-0.0034569953410510702,-0.002640343665503725,-0.0022800514834160675,-0.003576571840328259,-0.001729345423535817,-0.002156443135166288,-0.008356030976143637,-0.007900765842410762,-0.007424112080889009,-0.007936564252447605,-0.007655816986442057,-0.007957332315575162,-0.007961633611576634,-0.00831397618691067,-0.008935905916719292,-0.008030956391047762,-0.008097504455255637,-0.008601101546913393,-0.008109495981260815,-0.007153910199826969,-0.00849819998603814,-0.0022511987458600407,-0.003826306252121213,-0.002756855435628876,-0.0030276187326386235,-0.0035431956622828855,-0.0021898973513615034,-0.0025746522866897316,-0.0038158696583113065,-0.002709726530701794,-0.0026004302463426584,-0.002690775840822689,-0.0013432573638385253,-0.0023818750629923235,-0.003361067431161212,-0.003024275748844929,-0.0027381429401130094,-0.0032723798443713586,-0.0030932266964454106,-0.002522836094579045,-0.003212762630238402,0.035183636893120714,0.0701123883943371,0.03565674655151975,0.03384929308482645,0.033819449911074266,0.03834185579710768,0.0336677525748631,0.03650511103627659,0.030675051075723603,0.007991687516880274,0.0062525174383161125,0.006528012584394828,0.00970964071788608,0.006443385216473039,0.009814703405764394,0.030811960284686232,0.02867534624222738,0.029140321076373654,0.03376554347579705,0.029058658022780365,0.032074680171598945,0.006322936332152889,0.006919258513179699,0.009433036011568231,0.006697805495703028,0.009354666037721,0.006183179278302103,0.008185955813454517,0.005622558029348242,0.007417538235580086,0.008287628158192504,0.006006275589089499,0.007893219410631362,0.007999607358602221,0.011312512824518124,0.007808714134673024,0.027351764764088994,0.005704647222471039,0.004422207833774847,0.003969927310672767,0.006391697736087366,0.0039845621858381084,0.005662992161520291,0.028149882789184486,0.02667633684275305,0.026240255601713912,0.03016694175607396,0.026294220658475403,0.02702406551225116,0.005113601774571463,0.005017053827886336,0.00675319451143972,0.004879805910392202,0.005821462255934347,0.004885772385244059,0.006048667801105157,0.004353893118342954,0.004532889770447182,0.005376754211362386,0.004064201079293907,0.004086887117691041,0.00507193350708411,0.006752226733210119,0.004101521388685033,0.005113520721747268,0.0036850748278673606,0.0035689838110563848,0.006437627231319951,0.0036706513844344413,0.004954891353340152,-0.005032635857857324,-0.004831583988662421,-0.0038147385580527987,-0.004857399731797381,-0.003480293602906344,-0.005001997761891643,-0.004493082854699388,-0.005359180600689533,-0.004671417252758536,-0.004814910296238569,-0.005396235613863039,-0.0047884451585924115,-0.0049346537248977345,-0.002838840131538988,-0.004664540292096241,0.004084611738996412,0.004290180992495848,0.00644411269510145,0.004254633112603154,0.004777043788323542,0.0038677459567038183,0.005548139705115965,0.0035151472423306514,0.0031463299932784493,0.005235748964111094,0.003484629245580209,0.003231895710970184,0.005158034604085492,0.006345570685937063,0.0033336034631398378,-0.0043897069973875035,-0.004568238616117596,-0.004896406448681368,-0.004921150640181582,-0.004531406613870286,-0.004574754869705035,-0.004713894266984908,-0.004804340994760815,-0.0034508537413263456,-0.00473970885695261,-0.004047640688974711,-0.004095705747758812,-0.004890514205482277,-0.0047188614584733396,-0.004135193594160296,-0.005247666688942559,-0.004876599196582,-0.004450693863769982,-0.005278499573914618,-0.004570396646485135,0.03383222718708368,0.01174033012843661,0.01025322927750473,0.010465137354682817,0.012801567701871444,0.010310178080196146,0.012976851131434033,0.034589526215346576,0.03272953283144989,0.03313138976666067,0.0371456006453509,0.03309715168426016,0.035226291462658335,0.010903914691910401,0.011468939225606226,0.013164321935588025,0.01120342332274326,0.01309748447408116,0.011126159254447028,0.012212151591118858,0.010428164045569394,0.011413072300137899,0.012285421428888381,0.010882162290144829,0.01182426447687743,0.011939643665724142,0.014398867885083414,0.011669522817831119,0.005330876606100116,0.003504866608602728,0.004227070504146584,0.0069196324394996764,0.004143720453812245,0.007000328670861644,-0.005560427467942867,-0.004710856507811856,-0.003945185374521137,-0.004934632287906856,-0.0024910820012232784,-0.005085247933529073,-0.0048390779226880135,-0.005652048253742323,-0.00408182830381719,-0.004489774941020168,-0.005017543543854412,-0.0033540419217731555,-0.004781292252483909,-0.001669411598613471,-0.0034394312730615427,0.003856175290090858,0.004899585983594175,0.006889257267174637,0.004690516963188329,0.0067747378272790225,0.004079855580515906,0.005585453812967349,0.0035422025651763553,0.004165362606239311,0.0061323704295865806,0.004372621282433659,0.005672875865457402,0.005965651610884977,0.00860388433195252,0.005589651070157156,-0.0045217147429585025,-0.004951636126133198,-0.005226514968704774,-0.004380204348844042,-0.004243689575777145,-0.004233674892952492,-0.003328351377193164,-0.00464724538611984,-0.002317886715659418,-0.003551810779977224,-0.003975284415149805,-0.0039700067326933096,-0.0039056205793115907,-0.004818302056399146,-0.0034134979612486763,-0.004471700517476724,-0.004222747158899143,-0.002861478637449473,-0.003634582189201843,-0.0031525004408107286,0.0037800690671222982,0.0026369302709265355,0.002434911597006158,0.004339007585205467,0.002490522584937846,0.0029920186018866654,-0.005541066161570296,-0.005392014780581768,-0.0054035565862813745,-0.005530618019686677,-0.004825924143979711,-0.005154449511882501,-0.005746610959432237,-0.005691846239064533,-0.005757982754856475,-0.00617975116174768,-0.005737491721600072,-0.005961738680256687,-0.006488432958346137,-0.005034984723308335,-0.005947009922364183,0.0036659667592478422,0.003819999347349203,0.005033566484675104,0.0037641635999616334,0.0034430627955844523,0.0038302191692028355,0.004553253145700577,0.003420063336848728,0.0020974980320530973,0.0041309564666447505,0.003380950688884109,0.0020973649258601633,0.004107811975837774,0.00424662710518874,0.002153002837183826,-0.0039300608507253035,-0.005212565218975998,-0.004619994832421596,-0.005429535261053587,-0.00516307097519717,-0.0041837263441641195,-0.005274275925219674,-0.005597317181134352,-0.005039132795872878,-0.00541286848011615,-0.004061795839986664,-0.0033062815435000283,-0.0050429521890775,-0.005030682765721326,-0.005388288931256912,-0.005580301143637573,-0.005044268987389264,-0.005815061671864265,-0.00561972554083734,-0.006123632341294652,-0.008201390607397713,-0.00774619269462851,-0.007269608804408715,-0.007781987907856815,-0.007501273950907969,-0.007802749621362194,-0.007807046229903034,-0.008159340282780597,-0.008781159151412714,-0.00787635735857069,-0.007942901055808083,-0.008446414689856564,-0.007954887329737913,-0.006999440751644541,-0.008343528832214123,-0.002343433827452641,-0.003918685149033518,-0.0028491357093979,-0.0031199256233181392,-0.0036355496612809936,-0.0022821264980426325,-0.002666919150494572,-0.003908247933450831,-0.0028020054820606303,-0.0026926987018306295,-0.002783049838715512,-0.0014354108416250906,-0.0024741232403706743,-0.0034534045028056124,-0.0031165836975830157,-0.0028304237708277817,-0.0033647077089553412,-0.0031855415840671584,-0.002615097578544381,-0.0033050888438463603,-0.006860359984637192,-0.007587234311106874,-0.007355188829495128,-0.00874786637699668,-0.007296882120029548,-0.006779463260347887,-0.008087796969406225,-0.007487730533322938,-0.007363774946677144,-0.008123601416525846,-0.006668579024440018,-0.006173727418850337,-0.00834897766513682,-0.007217579785025921,-0.008105839208823247,-0.008705795643976798,-0.00712229099939383,-0.007970618633761833,-0.008284584111189168,-0.008049159227714604,-0.002332540752961784,-0.00044979273833371797,-0.0022321748781676796,-0.003155593371315923,-0.003560989393528131,-0.0027378352095896023,-0.0025858407543471844,-0.0032717192076360774,-0.0021646468968172347,-0.003544331124092652,-0.0010954316388554523,-0.0024257311524196945,-0.0013242270673619236,-0.003095858768534132,-0.003000970996623518,0.0024787959856086505,0.0003879919847338788,-0.0046276489827847,0.009474096614584274,-0.0051481709264928795,-0.005048869780430692,-0.006293856620353187,-0.00471176137390307,-0.006312575184324578,-0.004207046731717245,0.003132111392508828,-0.008229623145222612,0.006237881702162428,-0.008789465223208753,-0.009104361137325746,-0.009481096858353348,-0.008180304916714405,-0.009755235362863704,-0.007864275146802392,-0.009072312883317375,0.005077330212485361,-0.009002319336083732,-0.008573447093039775,-0.010006608408890186,-0.00950762021792168,-0.010184181244273243,-0.008649362600758553,-0.0015331319466075053,-0.002291525786420235,-0.0018238259819354707,-0.0028185664675636087,-0.002670135948355968,-0.002837130732630019,-0.000984837423379223,-0.0017584538884697592,-0.00171399127906149,-0.002505415127809494,-0.0014117294855338827,-0.002445030845353691,-0.001767236958799923,-0.0021306719341809646,-0.0028122990323657874,-0.003394863089415501,-0.0029801775914505744,-0.0018721634357796281,-0.0013489140684719853,-0.00235350730929622,-0.00179083987391192,-0.0016076113786669176,-0.003620734474312119,-0.0027484827429010107,-0.0023989378710345677,-0.003953654476430937,-0.0020046435716811668,-0.0024174814923961525,0.026931370207214804,0.002876507251512516,0.03134524442002392,0.0026899890776679327,0.0020111809205681174,0.00139351471753471,0.004531635284547807,0.0011226092552626091,0.0032382068340346586,0.0007865638921921629,0.029094450467677484,0.0012236591675261945,0.001280031389088932,-0.0003839232210268831,0.0019540918607493974,-0.0005593974742135821,0.001204287506914784,0.009869023971382866,-0.00499400058040541,-0.004894724173741224,-0.0061395146623551625,-0.004557655528813818,-0.006158226364724196,-0.004053036713078223,0.010010812040970606,0.009690239713494432,0.008664364605086884,0.011504475775612909,0.008723991571982278,0.009637288944790108,-0.004832513315062838,-0.0057629471084849285,-0.004913734031287678,-0.00593135599779911,-0.00457320785199758,-0.004664883004546423,-0.0042403304929715694,-0.005108291911113266,-0.004677659464364916,-0.005756887110384868,-0.006316239681520491,-0.005718127504008203,-0.0060906162006915295,-0.003890697290020927,-0.0057368184195050855,0.0035295481216821717,0.03218593825695993,0.003969094886476743,0.0035754779702680995,0.0028593320052603126,0.00506873239860918,0.002440523744744261,0.003891020274694059,0.006634087958688343,-0.008634752459105463,-0.008949602691510482,-0.009326281189635344,-0.008025680817849412,-0.009600373475195795,-0.00770969926416373,0.006739451875849926,0.006204630230465519,0.005839775639551665,0.00855030657747321,0.005729383041709178,0.006542059499980138,-0.008924642761556157,-0.00898615439506599,-0.008379193253093931,-0.009368965547956439,-0.008269271623769867,-0.008298935988661072,-0.008158965145567201,-0.00899903376161639,-0.008590236823757473,-0.0087261840035971,-0.009255874508298657,-0.008960580814629493,-0.00930791605281834,-0.0074131212385044115,-0.009234573260244159,0.005474002453642598,-0.008847557131157134,-0.008418759586306468,-0.009851690026833596,-0.009352764861551616,-0.010029229028804537,-0.00849467243496459,0.006285119911245361,0.006371266202050275,0.0051616554637809115,0.007053686154794552,0.00518729241191666,0.005241356519861538,-0.007764257391878429,-0.008757048451976602,-0.009026715670921615,-0.009117566943641535,-0.008424724439765285,-0.007241732023954839,-0.00783205817210623,-0.007855609155075004,-0.008200718051653288,-0.009620871907748208,-0.009115554789090015,-0.009428320170816686,-0.010361761644507703,-0.008682034747367343,-0.009605747193551074,-0.0016048196390580764,-0.0015603643549633966,-0.002351669458175063,-0.001258144758169144,-0.002291295628926256,-0.001613606065043336,-0.0022229005034196847,-0.0029045957603314704,-0.0034872164406141624,-0.0030724908957446406,-0.001964364819955209,-0.001441071784943073,-0.0024457595248185823,-0.001883038775611129,-0.0016997872932181808,-0.003713109152233252,-0.0028407748569078545,-0.002491185031934548,-0.004046064052586034,-0.002096858267460228,-0.0025097327417067865,-0.0011603953850340826,-0.001638331641433445,-0.0012786117711998887,-0.0016861707999736224,-0.0018389407528937567,-0.0005992219598551588,-0.0005776075840862561,-0.0008801898064168943,-0.001800702262409006,-0.0016394651234394534,-0.0016338918501309328,-0.0025859412152499837,-0.0017698348306472683,-0.0012464615789584417,-0.0025255530050632235,-0.0008542725891231811,-0.0025887452120177145,-0.001445080627532674,-0.002006578129055179,-0.003419464260842877,-0.0019662009568550552,-0.0024849156619241508,-0.0039346206107322,-0.002821088413854194,-0.0026527169575566007,-0.0012979530210110739,9.316492798279006e-05,-0.0012249629231355832,-0.0020645013817859573,-0.0019834492256921464,-0.0016668065646963013,-0.003160282574840495,-0.0030468024729575186,-0.002421122759169142,-0.0033794690621904463,0.02609244422732156,0.0025646285933742883,0.030422626531061682,0.0023780511137620353,0.0014540177320560774,0.0010811670231024412,0.003975929396601591,0.0008166369270202452,0.0026817088749618665,0.0004739910584326848,0.028169628150751767,0.0009112257435042404,0.0007224321688135947,-0.000696877149221797,0.0013968477971204802,-0.0008659305086854205,0.0006466778948932265,0.009469745497261716,-0.0048453293174113045,-0.004992683003909369,-0.005990665979597568,-0.004655592602969371,-0.006002822277463089,-0.004150918145801021,0.009611590895733714,0.009047726270518346,0.008264588414997618,0.010863200990535848,0.008243112098839954,0.008994757988858243,-0.004930465530202077,-0.005614156096641437,-0.005011702586801773,-0.00577599045738803,-0.004671133852829903,-0.004762821817600411,-0.004584746207981065,-0.005199730839208664,-0.0050221909380719,-0.005854929825859896,-0.006160808353920608,-0.0058161505370310385,-0.006182141388336061,-0.004234976410414642,-0.0058282997298337615,0.003217890764404093,0.03126422991373128,0.0036575786931598627,0.0030192115040400406,0.0025474573840323475,0.004513334528864965,0.0021349580228900433,0.003334912435585561,0.006233461088680549,-0.008485520167446527,-0.009047908636285056,-0.009176942439544802,-0.008123911046751246,-0.009444400153714646,-0.007807902154620091,0.0063388646347166695,0.005559819732701113,0.005438817232204701,0.007907092490876115,0.005246951446003429,0.005897429689302394,-0.009022945955751977,-0.008836866666651105,-0.008477454413477265,-0.009213032203114428,-0.008367523218296792,-0.008397186327857709,-0.008504670706793671,-0.009090762736494526,-0.008936078223646135,-0.008824475666227124,-0.009099960751631352,-0.00905889054344701,-0.009399675649250934,-0.007758590344525745,-0.009326323467016963,0.005072884550984442,-0.008698274937681105,-0.008517025999707852,-0.0097022467309183,-0.009451128161955659,-0.009873158183903885,-0.00859293974663363,0.005884343583160437,0.005726569110054641,0.004760409450062871,0.006409452709994955,0.004704572703935389,0.00459591092170361,-0.007862466638081761,-0.00860777979109066,-0.009125049825963084,-0.008961653113928061,-0.008522986042246468,-0.007339895633350668,-0.008177677488731367,-0.007947258066627872,-0.008546423797487402,-0.009719259974705245,-0.00895964452581966,-0.009526670437075594,-0.010453627650364028,-0.009027937574195491,-0.009697526749921538,-0.0015474289697286075,-0.0017487762121440793,-0.0022942352695353154,-0.001446505632480835,-0.002316085888565444,-0.0018020226552902378,-0.001948915280146778,-0.002384367085929147,-0.0032128528573036677,-0.0025456585054450032,-0.0016904619219802427,-0.0011673017836186376,-0.0024176813326719365,-0.0016026455274084363,-0.0016717368554756702,-0.0034386808418696794,-0.0023140659208919644,-0.002217142949750454,-0.0037650064457509292,-0.002068793614730199,-0.0022291734437654763,-0.0013487311032588751,-0.0015809392339025475,-0.0014669778430208456,-0.0017109344418360362,-0.0020274001374438705,-0.00078745748935431,-0.001011462470453302,-0.0011505671290094692,-0.002235063094183507,-0.0018278968644913273,-0.0016586532187715843,-0.0027745353886719512,-0.002040480967907313,-0.0016805988034495033,-0.002796402554803739,-0.000580663730775944,-0.002560662129149475,-0.0011648157260826905,-0.001978517567220533,-0.0031451191097803793,-0.0014399651390069597,-0.0022108714217622264,-0.0036535983027033703,-0.0027929989383302335,-0.0023721159132947733,-0.001269914062054393,0.0003729947787651005,-0.0011969286622099395,-0.002029932229865032,-0.0022012990825554307,-0.001632258929856072,-0.0028794927063028474,-0.003018705142055324,-0.002140588635942276,-0.0033448409950613215,0.026719703061477446,0.06776921101841363,0.027507205754503414,0.026525624812714352,0.02582603233500599,0.03020145969571171,0.02542387722468472,0.026834775135808776,0.031047190146672406,0.0027758052971623864,0.0018521326717790268,0.00147942840030651,0.004373019572778962,0.001215012001143438,0.0030793565403732536,0.03150695142044083,0.030390015477245447,0.0300340078356354,0.03457062309119637,0.029846676760632095,0.030720938652127033,0.0022441022421924566,0.0021835052547495206,0.004390423428303436,0.0018114088743327714,0.002892867753065686,0.0022511582075542148,0.003996982326995916,0.001564896751094472,0.0019630345974764054,0.0034367058689241925,0.0013107122153336412,0.0015965959855491574,0.0028690051687123358,0.0047342052632862825,0.0013322040360680902,0.028795591548881533,0.0013095944313581077,0.0011208538662971575,-0.0002978637139281077,0.001795020152951934,-0.00046683494963620556,0.0010451065181409553,0.029945005997308965,0.02943329171550421,0.028251849544588148,0.03211824104815773,0.02819721514848002,0.02832929644386594,0.0021365492059286523,0.0011541372357222984,0.0024846372265555556,0.0008039885049183708,0.0014820457712796048,0.0020418512689233913,0.0030529131316728774,0.0014403126666285681,0.0010911563966404594,0.001284978971261114,0.00019251748513563738,-0.0001249562719300589,0.0005602286715342469,0.002212214211104865,-0.0002938733303294205,0.010006472419501563,0.009442830251207457,0.008659996171648242,0.011257562280329245,0.00863853383224701,0.009389872182283432,-0.004776341596376609,-0.005459918099084127,-0.004857551610867139,-0.005621726477355096,-0.004517055415960576,-0.0046087217191514524,-0.0044306694718418225,-0.00504556351535328,-0.004868060375738254,-0.0057006483325456984,-0.006006484900923722,-0.005661900650972765,-0.006027803299633436,-0.0040809624136157515,-0.0056740447470619414,0.010202735394733346,0.009730301150871073,0.011601341199828374,0.009601654777256738,0.009531724930184284,0.010150681338828401,0.01168692650609367,0.009791232065865985,0.008961579852328046,0.01063826931436104,0.009045570221210919,0.008184650552416222,0.010428329155678321,0.011026123827598662,0.008163171960659956,-0.003650573410990536,-0.004204198262637025,-0.004236475684574241,-0.004805855910354163,-0.005036346496303023,-0.004759182676212215,-0.005285550887002036,-0.005545850989677024,-0.004436826755993078,-0.0054473120871036,-0.0035268381104380194,-0.0033094757776359076,-0.004638241622072765,-0.00428861945350808,-0.004213729835002888,-0.005075069826960768,-0.005386935863507961,-0.005279474510867751,-0.005831960926310718,-0.005606439003356617,0.03188821230010035,0.004054810107415064,0.0034166959684424217,0.0029451327905791335,0.0049102081320617375,0.00253281116770858,0.003732285625644226,0.033037449407231516,0.0322800256092789,0.03182853480936785,0.035861178380631555,0.03173054331964821,0.031562315341679525,0.004433685429771117,0.004395937766396206,0.005701301385633051,0.0039036476463139734,0.004171762203401256,0.00483143128538997,0.0057187736257365415,0.0039879811302483805,0.003527462349331013,0.005098038552761803,0.003887136367145095,0.003062177824015412,0.004333292085940302,0.005271215131071294,0.0026498944786245275,0.006735042007297758,0.005956299637925209,0.005835346470353377,0.008302615358299053,0.005643554392301176,0.006293802034827384,-0.008868202557667551,-0.00868214867151889,-0.008322786125529962,-0.00905825674463563,-0.00821287178996272,-0.008242536388855193,-0.0083499986200464,-0.008936005934461741,-0.00878134334767962,-0.008669753675032008,-0.008945203018778986,-0.008904136269717255,-0.009244859219100638,-0.0076040275308419366,-0.009171524770153263,0.006682015400436142,0.0068717771391582465,0.008651034511808778,0.0066132388429364425,0.006399206267812895,0.007080287938130929,0.008483757464591422,0.006549725270509455,0.005419029865094171,0.008175689452615355,0.0065468658847283355,0.005499157914835442,0.007922061067802372,0.008210846620758959,0.005307291722024667,-0.007318487233700809,-0.008118878472305632,-0.008120037318847596,-0.008756388190779466,-0.0079997705201643,-0.007690598955096965,-0.008564135656672415,-0.008655665462825746,-0.007957399737159756,-0.008940212696875623,-0.006940788473848982,-0.006691689581352377,-0.008130773520684254,-0.00795176936579918,-0.007990817905391684,-0.008824183620493607,-0.00789574777318207,-0.008304252236328594,-0.008827168643983254,-0.008879154279866226,0.006280700279432405,0.006122981031331399,0.0051572116513262,0.00680558669515826,0.005101395318716616,0.004992771231386527,-0.007707890146982315,-0.008453079083233839,-0.008970256017722817,-0.008806893211977935,-0.008368316311626945,-0.007185399538302897,-0.008023045513888407,-0.007792665809954162,-0.008391751433788307,-0.009564371551910481,-0.008804888132865646,-0.009371844679064907,-0.010298604488371492,-0.008873174784880533,-0.009542668961612818,0.007553283527979855,0.0070211170006122285,0.00796689174108095,0.006884918649866796,0.005804274934845007,0.007933528842963599,0.008761105777660651,0.007646987488964095,0.0056402506492649026,0.007448534124673482,0.006852048498847401,0.004680279617196338,0.00748218211420048,0.00657322232138277,0.004624440179488699,-0.005510524590248227,-0.00711328695574127,-0.0062994498672369935,-0.007737313274938729,-0.007908538510589442,-0.006566710669494276,-0.008277858945265972,-0.008722589508511945,-0.008547323501761794,-0.008631567091723332,-0.0057191264191233625,-0.0047758160433347616,-0.007214839006773377,-0.006776902677171457,-0.007805106210733734,-0.007822086802855656,-0.007635036699487591,-0.00914111517723637,-0.008629566207547557,-0.009874899158631373,-0.0011951621445601315,-0.0014273333404850603,-0.0013133838885459352,-0.0015573101561000091,-0.0018737289327591443,-0.0006339713886647152,-0.0008579413198941542,-0.0009970294557049833,-0.002081361799543887,-0.0016742486142942632,-0.0015050368960879352,-0.0026207527255615506,-0.001886800207488428,-0.0015269771374855196,-0.002642614413715495,-0.0006727511295839119,-0.002652932912261479,-0.0012569556662059957,-0.002070725972069159,-0.003237449054959363,-0.0015321350282067477,-0.0023031020116472136,-0.0037459782673752483,-0.002885286086424156,-0.002464362011950619,-0.0013620656227915505,0.0002809923295943133,-0.0012890662397927245,-0.002122155727226658,-0.002293531124908126,-0.001724436630640074,-0.0029717990498573502,-0.0031110135925549254,-0.0022328135686759416,-0.003437183252637365,0.0007023095113732682,-0.0002536695989582293,0.00023169630944747316,-0.0016811940859984586,-0.0006339212385220285,0.00015950692928059872,-0.0019072477365114726,-0.0009270932837108895,-0.0015474510661817832,-0.0020372786871967782,0.0008988601511391469,0.0015887880307424356,-0.0011197601641076767,0.0004548572381642827,-0.0010981376400006067,-0.0014829691154444095,-0.0001897709172693813,-0.0019083892842492584,-0.001984981886469849,-0.002120984970572426,-0.0004888338097601548,0.0017318195979975552,-0.000702393634322588,-0.0014300936920550876,-0.00243648547834037,-0.001286579683877764,-0.0015398842155650173,-0.0028175813033289453,-0.0013588804413040367,-0.0033258271103573564,0.0008553082975016391,-0.0011459759806963495,0.00025131941952361573,-0.0019058513508876523,-0.002552067841176661,0.00640036073742736,-0.0037411999406607955,0.004806094475751667,-0.004774794765338785,-0.005467587182875398,-0.005837717308757987,-0.0035664233615673286,-0.005713999592145428,-0.0033773223485014177,-0.005841156143984775,0.0023523722952986824,-0.006260535762200172,-0.006279815566875726,-0.007607847243038477,-0.00605941907843116,-0.007338662117210478,-0.005419921543272526,-0.002925772534195092,0.0015680701997932143,0.0016459594971475558,0.000682741789067021,0.0017522752704283635,0.001036827183770066,0.0033307677986924925,-0.003671852138713265,-0.004046091212534823,-0.00481110872287588,-0.002847164366672464,-0.004468514233971615,-0.0031601648345756777,0.0008333432910236386,0.00019221524894240532,0.0005670488054104478,0.00038603706300559135,0.0019853969303233747,0.001280084437917399,0.0011606674213613683,0.0011558777590990298,0.0018612186293858663,-2.3446590826448847e-05,0.0002552289491232325,0.001100520901516534,0.00010996022193636418,0.0024143341884339986,0.00145442472897763,-0.0035007125432811714,0.005030001786580437,-0.003956428983800483,-0.004388363937455739,-0.004844602727580178,-0.0034525646598924566,-0.004830191646803946,-0.0031369308250231553,-0.006646715530710818,-0.002480900018362173,-0.002802945140028193,-0.002925985252576773,-0.0021377345834686723,-0.0028026060096863347,-0.0007180480813703018,-0.007444525270748862,-0.008024739183147415,-0.00814214062946718,-0.0063713648196761525,-0.008008467038718551,-0.006740782689234,-0.003667775640440775,-0.00346698216265904,-0.0033646764961407787,-0.0034930774267762747,-0.002117447829322132,-0.002775540968112467,-0.0031807246687050724,-0.0031322393171165598,-0.0024456176377397843,-0.00350213591378874,-0.003169219145102341,-0.0025623963206634678,-0.0036220223644612215,-0.0015285818538428322,-0.0024390550341774732,-0.007862464267193996,-0.0026480259878270637,-0.0022983269989941485,-0.0033746979016949286,-0.003194741832916307,-0.003106609908556197,-0.0014420696776514161,-0.0079873158211393,-0.008061568406751847,-0.008939500908713321,-0.007954515906668616,-0.008679823571736201,-0.008097887271840661,-0.0025486535571920513,-0.003267006237583376,-0.00381834705959287,-0.0031929959528554626,-0.0022284825032694248,-0.0017570886295474864,-0.0028454600748708684,-0.002039544852152979,-0.0020819791912459265,-0.004227311790826909,-0.003033844083316875,-0.002954770715736809,-0.0042898964848393445,-0.0025288576426316734,-0.0026868212969754185,-0.0017544553007079779,-0.0017591442742911285,-0.0022765128835019544,-0.0017133090141753335,-0.0019347637706461258,-0.0008752960223945906,0.016702983616573158,0.016314094625274188,0.015604484381110758,0.01650484833840056,0.017836409621911395,0.01774557724021162,0.016550773945579876,0.017623501396381025,0.01807567166683031,0.015627021916446313,0.0169794520625885,0.017567880908327088,0.01575843643096739,0.017784339757780245,0.01791620524277419,-0.002292139294734158,-0.0024861221160167525,-0.0026533509890453023,-0.002293676567617858,-0.001988605282410927,-0.0014782865048405993,-0.002112081300232061,-0.0015932982165761352,-0.0019995241025651924,-0.002850722691622761,-0.002047448996533612,-0.002510766907627445,-0.0027267822092855772,-0.0017016091799030553,-0.002168948047810744,0.017427785707718153,0.015547566926948775,0.017147737775529564,0.016914112123981136,0.014974905063097265,0.016854808110535198,0.01672368181696181,0.01491580588531204,0.016255848718514782,0.016914336656463465,0.017059583921907588,0.018931921237541137,0.017956420660089442,0.01665114633217155,0.017003190123266017,0.017834379460742646,0.015807952756747172,0.016278369041185233,0.017388690468526587,0.016409686699273722,0.006796499661397646,0.029318204664692538,0.006711053876983294,0.005917943702186132,0.005222257905805703,0.008522134636711625,0.005236601966705817,0.007156902583187353,0.005202880789081063,-0.004620699568269929,-0.005313387607874834,-0.005683462784277193,-0.0034125142353465827,-0.005559762976079671,-0.0032234329524160445,0.004780884767311118,0.0038409853699000202,0.003480392712329666,0.006994151026080429,0.003612476695958589,0.005110630832631884,-0.005810055015933641,-0.005855654720672503,-0.0042712659458153225,-0.005881797979645281,-0.00425654120838639,-0.005532616786550552,-0.004456823908234427,-0.005890301410873396,-0.004955226341973737,-0.005025241603929301,-0.006174254237845894,-0.005318964106802916,-0.00514531904750639,-0.002802630079673138,-0.005195302404308952,0.002750133050243876,-0.00610619919529387,-0.006125481390534863,-0.007453303605354472,-0.0059051088861975885,-0.0071841587092818125,-0.005265728941199591,0.0029936485555791354,0.002553357662495698,0.0014394780692466743,0.004144411965985678,0.0016964896773340704,0.0025169186565514425,-0.006006339103609626,-0.006974435733329473,-0.006159923695798212,-0.006900171702701594,-0.005684830418653869,-0.005828918728616704,-0.005554762793375904,-0.006112596931962654,-0.005908076580925129,-0.007187731446652871,-0.007358312484790173,-0.007031221265129284,-0.00725059407622611,-0.00523711811808652,-0.006762215833972297,-0.003517927602548692,-0.0038921075574528995,-0.0046570122145579715,-0.002693363695799014,-0.004314469426739627,-0.003006321966031856,0.000741387481338442,0.00010019659931281125,0.00047506441356481345,0.0002940360537978662,0.0018935498516473837,0.0011881697524355724,0.0010687408328654367,0.0010639510905084794,0.0017693605853162481,-0.00011548533207802603,0.00016321630490996128,0.0010085957214742843,1.7933214707326417e-05,0.0023225278971855294,0.0013625309236938571,-0.00405655446587118,-0.00449733248519573,-0.003264956263051646,-0.004304488537765298,-0.003752442001768727,-0.0038569844331840936,-0.0030925532573098016,-0.003972254483299387,-0.004132924129367584,-0.004078278885783903,-0.004673955283884846,-0.004891759414899304,-0.003954185021558377,-0.002681627281990227,-0.004549146644330363,0.0012327052566052847,0.0004180018953967201,0.0009481527289087814,0.0009568908561390879,-0.00040969835096158695,0.00040434153603698174,0.0005182822811408966,-0.0004697706152262648,0.001138096645644749,0.0007120202695954155,0.0013408353099327705,0.0021489592289775736,0.0014035497009259002,0.000925618604222694,0.0015292070195550276,0.0012793666411362262,-0.0001771932648476414,0.0005480035727823405,0.0005812677706865347,0.0006813228687699252,0.005426687834964742,-0.003802464256394625,-0.004234331529762151,-0.004690500805974659,-0.0032986755809436288,-0.004676090752128462,-0.002983085428180558,0.005632626756182918,0.004980112078101128,0.00453432030878504,0.007272045320628351,0.004620153767409644,0.00533447474563411,-0.004152775239903136,-0.004250323823495722,-0.003549060307786193,-0.004389083098473555,-0.0034385863698924504,-0.0035204135621856964,-0.0033988596208192083,-0.004057212815732637,-0.0038765308652355737,-0.00407730268018195,-0.004349236237876021,-0.00432632892942593,-0.004385574814980149,-0.002688866978490324,-0.004311920812356923,-0.007290022984877929,-0.007870148632255682,-0.00798753268183721,-0.0062170251008601745,-0.007853880379086586,-0.006586379853833795,-0.003760138746657239,-0.0035593277023514103,-0.0034570135537335357,-0.0035854248158763893,-0.002209673992522141,-0.0028678226272709543,-0.0032730455514573217,-0.0032245539027544734,-0.0025378719847217843,-0.0035944862345552854,-0.003261536859406087,-0.002654661022693293,-0.00371438427380709,-0.0016207541918321308,-0.0025313090400683248,-0.008084237826297597,-0.007876388917782312,-0.006828092343726663,-0.007881367388674081,-0.007384189760099021,-0.007438381819135962,-0.006870987322743789,-0.007764033956429457,-0.0081689546833139,-0.007187367264415284,-0.007794957357832757,-0.008081806128303974,-0.007235057178985992,-0.006064095562447144,-0.007948132748502559,-0.0028718620476579117,-0.00396385071836124,-0.003378123117302591,-0.0034025000677385692,-0.003927032769838901,-0.0030569373457087867,-0.0031955279800780522,-0.004200115142745704,-0.002847111550583434,-0.0032216186956155538,-0.002582094778645896,-0.0017178214386697984,-0.0025104764476355564,-0.00325262072159313,-0.0026694693058435634,-0.0028670893699440604,-0.0034101457331850763,-0.0029845013115031445,-0.0028978366244556603,-0.0031043268934271263,-0.007832726485790854,-0.007906964010705704,-0.008784763869386503,-0.0077999227325548865,-0.008525126425702965,-0.007943284642534054,-0.002640921913504591,-0.0033593452364284525,-0.003910736841008275,-0.0032853286113552808,-0.0023207150809727004,-0.0018492830697076912,-0.0029377564471247852,-0.0021317670204611516,-0.0021741996347118147,-0.004319742166760922,-0.0031261619373986723,-0.0030470700519307603,-0.004382335514866881,-0.0026211186212389613,-0.0027790966613073986,-0.007447473782877342,-0.00796500712256558,-0.007718668570083203,-0.007859234923245056,-0.008068142927092813,-0.006873251880676703,-0.007082276980422986,-0.007084592219289368,-0.008148614510193258,-0.008265639474038206,-0.007879553558139733,-0.009020380829811329,-0.00821451956845798,-0.0077879946343355315,-0.008760689294469246,-0.0012056618029540704,-0.003024123521958875,-0.0016817133309065275,-0.002424480899302586,-0.003924416556985502,-0.002194695763631423,-0.0029394229034463266,-0.004214098989710058,-0.003244299489517677,-0.002865443252760002,-0.0015110333732887358,-7.3120180556923135e-06,-0.0016330633660574878,-0.0022323705993343153,-0.0024751950841971856,-0.001915465178655597,-0.0033974521041443212,-0.0036529670438764103,-0.002706361406486667,-0.0037154910919027,-0.0023843795325144824,-0.00257837952078075,-0.002745625313870466,-0.002385915589464128,-0.002080815083603434,-0.0015704531630518362,-0.0022043079160075385,-0.0016854749381002277,-0.0020917351044262423,-0.002943016016376326,-0.0021396661090868807,-0.0026030229552240795,-0.0028190639980341893,-0.0017937930846061963,-0.002261173175848885,0.01709612917574357,0.01521531281873015,0.01681598904721891,0.016582305429108952,0.014642442556183384,0.016522945100953985,0.01639181393171607,0.014583322477862726,0.015923852449950152,0.016582531872097846,0.016727838884825128,0.018600759075804333,0.017624962806645675,0.016319259095301374,0.01667143907293956,0.017502878769438835,0.015475768004027496,0.01594638028095553,0.017057045864485025,0.016077739931718397,-0.001199209260862951,-0.0025633344772779936,-0.0014634604433385373,-0.002624886033321799,-0.00294414817753426,-0.0015598822771961476,-0.002812699657648205,-0.0029731688742341052,-0.0027338868915931015,-0.002620193965694572,-0.0012433501923923072,0.00011672891704378964,-0.0018107954792817868,-0.0015875851272435031,-0.002198815553702757,-0.001925839584735362,-0.0022441165749321652,-0.002931270117693361,-0.0023738951450019085,-0.0028073227440428465,0.01660317822097254,0.019001847051771405,0.017307151221608755,0.016004157923883582,0.015668413359177298,0.0170270867259059,0.015632515753320815,0.015294545772893377,0.016932426139166488,0.015235473188476558,0.01838279578273952,0.017180153710478163,0.018811375496529087,0.016771792538721297,0.016127234851547923,0.006426727320007526,0.028443735295015458,0.006341252429377379,0.005303772831727321,0.004851891676572041,0.007909662491680224,0.004866518135286526,0.006543482484039147,0.004773026505388662,-0.004564596164736316,-0.00550396019707718,-0.005627298100369734,-0.0036027337112722077,-0.005503296703804966,-0.0034136286258015015,0.004350844266301953,0.003165938706710447,0.0030497872069553105,0.006321296854544459,0.0031515092612545282,0.004436408246986759,-0.006000717349079104,-0.005799479495145324,-0.004461643151634454,-0.005825312165491469,-0.004446925339767776,-0.005723228874295778,-0.004893804807858079,-0.006080670410109843,-0.0053924318562491936,-0.005215760973355094,-0.006117750218684162,-0.005509541785451386,-0.005335553945756032,-0.0032389124742078948,-0.005385550168397304,0.002319206134028768,-0.006050003338909126,-0.006316217829778416,-0.0073970282036652435,-0.006095816363010121,-0.007127585745547401,-0.005456293059425907,0.0025628290527792788,0.0018774169075657236,0.0010079739481099106,0.003469586136693754,0.001234606818685457,0.0018409851716677918,-0.006197051858882234,-0.006918188212846626,-0.006350678376571388,-0.006843616028536754,-0.005875470061046025,-0.006019596257146175,-0.005992253673558953,-0.006303020325162617,-0.006345684577883338,-0.007378684420786769,-0.007301728524633785,-0.00722211245537462,-0.007441250832562629,-0.005674441923801978,-0.006952745657893518,-0.003521848614836023,-0.004142414272671146,-0.004660933980588471,-0.002943376769051319,-0.004349082026420386,-0.0032564026395188214,0.0009388778604067138,0.0005431389472975979,0.0006726170174079086,0.0007371841176197843,0.00209080308057801,0.0013855704012843719,0.0010210377161370971,0.001261667642392396,0.0017216908257865187,8.218586029707269e-05,0.0006064211435966842,0.0012060194762197323,0.0002158714621413915,0.0022748832479043126,0.0015601751145119958,-0.004306899410187296,-0.004501254188277841,-0.003515111266573846,-0.004339100783973645,-0.0040027052262899595,-0.00410728392951908,-0.003588929633403987,-0.0042532693223641125,-0.004629778571413097,-0.00432863667690101,-0.004708581442477323,-0.005142298649176796,-0.004235200183526074,-0.003177774938208885,-0.004830310563201331,0.001430098002595692,0.00037027039480361023,0.001145891771404917,0.0009091861056441842,-0.00021196766643375434,0.0008474424586334851,0.0007158039652604015,-0.00027173318553224215,0.0010904002144114294,0.0009097942150236896,0.0012931453602186387,0.002346460140581179,0.0013558648705971408,0.0008782001917780817,0.0012364652783358964,0.0012319658275006724,2.0784690166029022e-05,0.0005002808369073593,0.0007790674555076032,0.0006338972834401221,0.004996943719936123,-0.0037464108711006854,-0.00442470084035935,-0.004634394739210056,-0.0034888706304714383,-0.004619679067480856,-0.0031732274616548487,0.005202970741320842,0.004305851130914658,0.004104177621055384,0.00659941184897581,0.004159672109999719,0.004660424110725345,-0.00434312911706836,-0.004194242957066594,-0.0037393009495855856,-0.004332689078012248,-0.003628811848670669,-0.003710648444218985,-0.003835380862602524,-0.004247246498131519,-0.004313265767973255,-0.004267647234368667,-0.004292844974882979,-0.0045167211536604164,-0.0045756764346991385,-0.003125092909146105,-0.004502006092185141,-0.007293946687797781,-0.008121429217871826,-0.007991456847653075,-0.0064679032171966536,-0.007888622969408534,-0.006837359392475576,-0.0035617593978340156,-0.003114800384016994,-0.0032586911089709193,-0.0031405865836253823,-0.002011593660811009,-0.0026696210257311816,-0.0033209395325818304,-0.003025978843269031,-0.0025857337701520964,-0.0033961348693945124,-0.0028168433810519884,-0.00245649651418839,-0.0035157046623062785,-0.0016685763267452198,-0.0023328681900767474,-0.008335571228025187,-0.007880313091706104,-0.0070791239708687045,-0.007916111227910952,-0.00763536719963868,-0.007689561658489103,-0.007369213500593079,-0.00804611484721627,-0.008667855140452338,-0.007438491433973764,-0.007829698517163933,-0.008333153145301402,-0.007516993935085977,-0.006561944352177915,-0.008230278356129942,-0.0026736568227628114,-0.004011775229838948,-0.003179516567489185,-0.003450399669497468,-0.0037286128486902327,-0.0026123287216644623,-0.002997253418156524,-0.004001337321224233,-0.002894987736364455,-0.0030230384669353914,-0.0026299574691949854,-0.0015195458900714729,-0.002558336633840276,-0.00330021175792126,-0.0029634371246677364,-0.00291466419102586,-0.003211529674253716,-0.003032383938180819,-0.002699322018809669,-0.003151913168687968,-0.007836650671811631,-0.008158266984680237,-0.008788688773564908,-0.00805120780620799,-0.008559895407911102,-0.008194584628818204,-0.0024427496003308334,-0.0029148500382246492,-0.003712299725036688,-0.0028405630251190253,-0.0021226206216394556,-0.001651272008608251,-0.0029856387720184007,-0.0019333969015177504,-0.002222044979503442,-0.004121216570527479,-0.002681468553454671,-0.0028488299184828156,-0.004183486252338925,-0.002668983584158318,-0.0025806084747002946,-0.007698661926487885,-0.007968931470904618,-0.00796993379630844,-0.00789397921393128,-0.008319473396100332,-0.007124297658753863,-0.007580628290642322,-0.007366489049684266,-0.008647459414615088,-0.008517044554834761,-0.007914298500679023,-0.009271948430743578,-0.008496753255679883,-0.008286682677864513,-0.00904305383211518,-0.0010077770196186655,-0.0030720099520619914,-0.0014834323672298197,-0.002472337065571216,-0.003725972486716081,-0.00175042207374598,-0.0027412028715702295,-0.004015285100971001,-0.0032921921591574314,-0.0026669364348382973,-0.0015588482046655406,0.00019062591793918957,-0.001680883700241912,-0.0022799214364435205,-0.0027691014927628283,-0.0019630003231196702,-0.0031988162899364045,-0.003700879455798397,-0.0025078873011524718,-0.0037631041081337283,-0.0022461519676950994,-0.0021941595059314545,-0.0026073454895218133,-0.0020323805790582626,-0.0019426341193481526,-0.0014323385144864311,-0.002312045776800397,-0.001577936998622397,-0.0021994550913461593,-0.002804707075609343,-0.0017862145150691405,-0.0024647709853378406,-0.0027114060285115395,-0.0019014823873184953,-0.002153580055763067,0.017630868190276462,0.015509422124865785,0.017351120522098036,0.01687602792927089,0.015178464377834846,0.017299496357911986,0.016926888934060216,0.01511962937159475,0.01621773830864867,0.017117752762669268,0.017021507788298425,0.019134952092637963,0.017918383554675132,0.016613298812007578,0.016723839535049124,0.01779658110223533,0.016011597015527044,0.016240259645599473,0.017592010426463713,0.016371831352547023,-0.0010611456581297058,-0.0026711098540564706,-0.0013559462015828368,-0.0027326606557448695,-0.002805836929538445,-0.0012066298326985565,-0.0026744161590360246,-0.002865494377367353,-0.0028416747333887397,-0.0025125630197142305,-0.0013509878274038684,0.00022408169499834254,-0.00191848677417824,-0.00172585540105881,-0.0025525443150047774,-0.0020641509300185993,-0.002136518909154787,-0.0030390795101089122,-0.002266289213653472,-0.0029457600199186453,0.01689688604668719,0.019535834837080455,0.017600665437861842,0.016298291790449084,0.015720859357529014,0.017320926407195503,0.016168256500412714,0.015588614447599455,0.017467462590121375,0.015529810573682792,0.018676232589729138,0.01723252959494878,0.01910470338150806,0.016824435213542394,0.016421311790885205,0.029069546192697242,0.006737414191640161,0.005700350334880483,0.005248647286341148,0.00830515481695029,0.005263270007771422,0.006939580784768299,0.0296281133117892,0.028395321247907637,0.02796000942831022,0.032628452597832196,0.02801385598193014,0.028742523234477704,0.006146992881416825,0.006050557142636682,0.008422638139819543,0.005913444714568703,0.006854142524372894,0.006163311059327942,0.00796283061351365,0.0056321370800434456,0.0058109224614005354,0.00729230178545767,0.005342801459929599,0.005365499896941744,0.006988146346456177,0.008665020845028631,0.005380122015114584,0.0047478156801561795,0.0035633788970148603,0.0034472718830879582,0.006717458908275105,0.00354895382056812,0.004833368383358178,-0.005846438799300166,-0.005645230318255289,-0.004307599153171011,-0.0056710603256750584,-0.004292875774053903,-0.005568991673407612,-0.004739693076136951,-0.005926378527709286,-0.005238240361412551,-0.005061600062081382,-0.005963453100409801,-0.005355332959971945,-0.005181374101855413,-0.003085048899536367,-0.005231359672121405,0.003718510876116724,0.003924152939339792,0.006480171068565966,0.0038885967734706784,0.004411186297241862,0.0037460731581004745,0.00582823238177588,0.0033934255740676877,0.0030245439260352938,0.0055159332254862865,0.003362902578908787,0.0031101283959514585,0.005438236727295547,0.006625445766676291,0.0032118505215612855,-0.005203001098187693,-0.005061472845774093,-0.005710103825122503,-0.00573488298121158,-0.005024629051399625,-0.005388198217676678,-0.005527471737740266,-0.005297693880385285,-0.0039435511245013875,-0.005553300590860747,-0.004294137859001208,-0.004662199933730943,-0.0054574586430665446,-0.0049655290285977125,-0.004381721125047574,-0.0058148151183474665,-0.00512330325009346,-0.004697301421799391,-0.005845668747738875,-0.004817034800815777,0.002960508163212092,0.002275378299016207,0.001406275099767192,0.0038668975333634985,0.001632820135087404,0.0022389421330304003,-0.006042732019187405,-0.006763750003601544,-0.006196324228568606,-0.006689188870242354,-0.005721210184226527,-0.005865305364478346,-0.005837960877964052,-0.006148683356371003,-0.006191350092023249,-0.007224167253595594,-0.007147231080079758,-0.007067645673814126,-0.0072867195991295495,-0.005520208401384918,-0.0067983195036013305,0.0030972172174257157,0.0025850814568315894,0.00431379603790892,0.002659181412789788,0.0024825785042375476,0.0030539559145834876,0.004331855749720894,0.002814175932090079,0.0017908922092049974,0.003162231081343515,0.002026963625578935,0.0009276377417067462,0.0031822317494544137,0.003633917984189071,0.0011542825222843815,-0.004849203980466741,-0.005554353963015241,-0.005326732747652881,-0.006072207083835183,-0.006457070347784976,-0.005841680609367027,-0.006589012898830057,-0.006747265831138151,-0.005774897545772296,-0.006514472472611494,-0.004653374830080247,-0.004262177588678932,-0.0058947856474970035,-0.0053768973401479665,-0.005620631766164073,-0.006178155273887006,-0.00654579722558946,-0.006802182411050395,-0.006972384752457142,-0.006864689467907936,-0.004152877600632412,-0.004347203687969749,-0.003361207867887983,-0.004185075443917645,-0.003848734290505224,-0.003953290472623567,-0.003435011282105606,-0.004099253467465098,-0.004475710940569761,-0.004174606920665191,-0.004554498017414622,-0.004988155666445447,-0.004081184128524931,-0.003023927921467722,-0.004676213735149838,0.001338196923239283,0.00027827258103564216,0.0010539651986971597,0.0008172431338444424,-0.0003040236583808106,0.0007554839310690119,0.0006238439085106116,-0.00036379475654658614,0.0009984743808577644,0.0008178520347918568,0.001201233253695266,0.0022546411276416715,0.0012639630130790401,0.0007862486175958411,0.001144551520709673,0.0011400522435195733,-7.124999940877673e-05,0.0004083007089237803,0.0006871136519957262,0.0005419291317785757,-0.0032118380641826864,-0.003425038218936919,-0.0035072396961289315,-0.004640242088911502,-0.003806178597968814,-0.003603856389599967,-0.004828432317288906,-0.003865887198970709,-0.0035956940791831275,-0.004666229626897812,-0.002718920642128068,-0.0025388224196783832,-0.004440572030411179,-0.0030942934973072775,-0.003675741271499167,-0.0045866009373671125,-0.0037518094386876323,-0.004409264793618523,-0.005035824191245183,-0.004315823522564314,0.0014421050951556966,0.0030291456629154396,0.001308492698554656,0.000833948516444797,0.0004939024457834072,0.0010242699543739338,0.00045612014548333113,0.00011427615345526384,0.0009280897750025351,5.45369802403754e-05,0.0026375603738062704,0.00141660636834848,0.002224907936864226,0.0010017393497276101,0.0003469274170219159,0.005599592661384409,0.004702833321852473,0.004501241791873743,0.0069954450792208064,0.004556708608765104,0.005057283910797919,-0.0041891042904966275,-0.004040239297580568,-0.0035853692524152893,-0.004178665288221103,-0.0034748926959321845,-0.003556721478956827,-0.0036814324003748167,-0.00409323462761482,-0.004159241429143756,-0.004113630139615274,-0.004138828111854618,-0.004362664865637539,-0.004421608026732384,-0.00297124937273982,-0.0043479512583999,0.005485716598241651,0.005639503731178302,0.007444567739154595,0.00558370280660933,0.005263311240040502,0.005893665150824588,0.007209074403347367,0.005484308998136652,0.0041647447371798135,0.006787996246945696,0.00544526756391276,0.004164518808190787,0.006764746313485018,0.006903478694489691,0.0042200124530010425,-0.0025802517869070642,-0.0033947072062782777,-0.003269249580451544,-0.004077689486829163,-0.0033453065551840785,-0.002833608433203984,-0.003922613592830001,-0.003778739982125022,-0.003221562037682895,-0.004061028917851077,-0.002000345762096277,-0.0017114855716271477,-0.003445361258896592,-0.0029670576374874465,-0.003323812546102048,-0.003981826738552836,-0.0029807488866249892,-0.003749639088866032,-0.0040211956765077335,-0.004057506197970497,-0.008180933365589471,-0.007725742448769347,-0.006924674243577274,-0.007761537388213123,-0.007480826668358293,-0.007535019544706851,-0.007214717770774922,-0.007891519544131776,-0.008513149021637809,-0.0072839840640172284,-0.007675135706139956,-0.008178506910149886,-0.007362476953921637,-0.006407566452721875,-0.00807564781807818,-0.0027659301102172353,-0.004104171816968066,-0.0032718350747332333,-0.0035427448104438483,-0.0038209845307857113,-0.0027045960704821293,-0.0030895585078678364,-0.004093733286431505,-0.002987284349195354,-0.0031153451491474017,-0.002722226450143481,-0.0016117148836567272,-0.0026506003504849864,-0.0033925438076381,-0.003055740053702858,-0.0030069605691156465,-0.003303852517663252,-0.0031246938055379645,-0.002791599045379916,-0.0032442343611341334,-0.006839923591193531,-0.007242184313549033,-0.0073347449701438566,-0.008727398024886123,-0.0069519253712751,-0.006759028309796344,-0.008067339948484808,-0.007142721010109344,-0.007018786854475507,-0.008103144121681805,-0.0060769176613897444,-0.005906413553036612,-0.008081074698762737,-0.0066256081609308275,-0.007513268392449537,-0.008437801922774331,-0.0065303774976356145,-0.007378153572148047,-0.008016712829969212,-0.007456657075566367,-0.0025177263063124247,-0.0008715242461559999,-0.0026546359044804088,-0.0033409366941957574,-0.0037464123212778626,-0.0031604992955764485,-0.0027710701507729124,-0.0034570907253498977,-0.002587082180987766,-0.003729753101259597,-0.0010346996594839627,-0.0023649256318568766,-0.001500516908101357,-0.00303501595875854,-0.002940133516285907,-0.0075441146853733685,-0.007814342849968512,-0.007815338596580363,-0.0077394031370332465,-0.008164837369619527,-0.006969839136279417,-0.007426093545905007,-0.007211993758928581,-0.008492770545131438,-0.008362362233726287,-0.007759719733974884,-0.009117164635300356,-0.00834207478320482,-0.00813204280946352,-0.008888304341276044,-0.0010999035806964375,-0.0031643273936346815,-0.001575603972323845,-0.002564592508465734,-0.00381835541435267,-0.0018426209276998957,-0.0028334829527271337,-0.004107697793492261,-0.0033845229714228125,-0.0027592099262772765,-0.0016510183979664783,9.860938691398535e-05,-0.0017730652448890894,-0.0023721643514375895,-0.0028613849447989216,-0.0020552093338238623,-0.0032911483489126087,-0.003793250820667218,-0.0026001460032910916,-0.0038554838613179022,-0.00556828917076968,-0.006760903903256718,-0.005963502202607564,-0.008033026305708638,-0.007213110028699492,-0.006027749547731059,-0.00829716356442014,-0.007318933965518417,-0.008050764414309356,-0.008222186591229624,-0.0053778137872310915,-0.004461604310221089,-0.007458489609322161,-0.005816086210802282,-0.007667651534062969,-0.007700752320962832,-0.006534125113631886,-0.008597906699811936,-0.00824251106884689,-0.008577613908706776,-0.000721045148861239,0.0015616578141979755,-0.0011295328100135768,-0.0016679692206700548,-0.0029477395320278896,-0.001605218864220929,-0.0018021822076858766,-0.0033981828162306265,-0.0016692777235991635,-0.00368735799466237,0.0010626160171669978,-0.001434867561992464,6.894298456084909e-05,-0.0021557992896191866,-0.002871265075183739,-0.0011532745300774797,-0.002763387718597841,-0.001448100975746668,-0.002824938046010256,-0.002898127249272847,-0.0012987708059575417,-0.0027666882489772427,-0.002957789419435203,-0.002933963747328888,-0.0026048200524610007,-0.001443144065684738,0.00013206835590135743,-0.0020106905421019045,-0.0018180456868354174,-0.0026448080759418307,-0.0021563680946916266,-0.0022287466919313414,-0.0031313875283164117,-0.002358524331031162,-0.003038059831908259,0.01656508109728209,0.019204867398385814,0.0172690845953237,0.01596628265534443,0.015388681156706802,0.016989254304026598,0.015836193631053694,0.015256391825207887,0.01713583969652571,0.015197567979616916,0.018345021810529116,0.01690086027695554,0.018773617626206166,0.01649262465128262,0.01608936751149559,-0.000863734623558735,0.0012898690618377904,-0.0016393016125796345,-0.0013911805975799448,-0.003003979437537807,-0.0019342546896220696,-0.0013212271391003963,-0.0031325227945051535,-0.001778629918805677,-0.003192195429661846,0.0008508418874490437,-0.0016834635392331773,-0.0003533928622659059,-0.002058441196446543,-0.0024630005488172685,0.01902671749260161,0.01677622974938189,0.019174616062009882,0.01617759752324034,0.016245996851028104,0.01855568464310993,0.007746213209505044,0.005756196213281893,-0.007067444838286869,0.012264309730396779,-0.007589215942662956,-0.007646830826440799,-0.008737624758920128,-0.007026767869310492,-0.008756452145916294,-0.0066455479616046795,0.012786063550139608,-0.006252669151064796,0.013375987524326722,-0.006811413278148404,-0.007282963071140538,-0.007501729357193192,-0.006074847956410892,-0.007775277045306912,-0.005887973133897599,-0.006982400137121283,0.012352931505477628,-0.006912543415302013,-0.006641825194237081,-0.007914725751439597,-0.007287435321622585,-0.00809184218995384,-0.006560558458486675,-0.002045192580528229,-0.008078979593872769,-0.007765542970524199,-0.008608898439650705,-0.008404008709095643,-0.008627720026031478,-0.006764140064597996,-0.002270635916236129,-0.0023826086815203693,-0.0030179803562091624,-0.0017138411209268135,-0.0029575602731008563,-0.0022794079322666534,-0.008074142419438015,-0.008602677627423115,-0.009132917824889144,-0.008771597721250106,-0.007656551126232143,-0.007287809049780487,-0.008242673327981231,-0.007732394559640202,-0.007547681266538424,-0.009360116846605602,-0.008538571569733493,-0.008186201316895077,-0.009695209533327283,-0.007734066305726081,-0.008205002009547912,0.039543838247672734,0.008141831083908339,0.04150568170408833,0.007956283233097125,0.007126014257655709,0.0066665112836793725,0.009981867474188513,0.006397167841950872,0.00850180576684154,0.006152635016401156,0.039383645066976926,0.006587413636084545,0.006488138801991185,0.004988484506973535,0.00748472903200493,0.00481417334695691,0.006567534708701442,0.012658138359185389,-0.007434669446508194,-0.007492284380644519,-0.008582906027552064,-0.006872307616609244,-0.008601726522930099,-0.006491162399238995,0.01279954591084991,0.012325740036240434,0.011456786032107787,0.014562178572620573,0.011516225601718569,0.01242697661855204,-0.00742988032254945,-0.00820545425142399,-0.007229214402109938,-0.008374303392486704,-0.00701258135454403,-0.0072618468487079535,-0.006711293226191151,-0.007706422297645246,-0.007274497747323851,-0.008074319789152065,-0.008760131011698093,-0.008160221205205147,-0.008408922289891475,-0.006203560953535517,-0.008179020807833625,0.013179673142501855,0.04659846381040791,0.013614991633513032,0.01307114735832195,0.012515966324939743,0.014828657267545007,0.012101565175530961,0.013537991705798889,0.013769367979155898,-0.006657005146937135,-0.007128484616510461,-0.007347218621650609,-0.005920550463608897,-0.007620720231236264,-0.005733701485603572,0.01387406085770739,0.013188951018138108,0.01298069604230665,0.01594782979225367,0.012870892012796521,0.013678426588736296,-0.007103580351529096,-0.007007720987159963,-0.006273315613606443,-0.0073897747578388,-0.006292176670935875,-0.0064789710473075685,-0.006210629270351843,-0.0071777931405556305,-0.0067697222209811,-0.006619569808954847,-0.007276910377109385,-0.006982171225769271,-0.007199983049243812,-0.005309213026013769,-0.007255573286882479,0.012746720524223234,-0.006758102827209197,-0.00648743430926513,-0.0077601294743046625,-0.007132924237115328,-0.007937212191569343,-0.006406189666815302,0.01355191707778959,0.013483373722492906,0.012436591682738968,0.014615849699473082,0.012461853880042827,0.01251557976131885,-0.005834185888434623,-0.006667770181102869,-0.006807613864059533,-0.0070274661293603475,-0.0063363783515412424,-0.005312661359025262,-0.005772850213037697,-0.00592531934077346,-0.006269927698705129,-0.007400405692871718,-0.0070255013272696705,-0.007337869630293155,-0.008139328697556954,-0.0064639288823709375,-0.007514840775047095,-0.0021169206366789656,-0.002228876139460475,-0.002864153568214597,-0.0015602131441254754,-0.0028037439469714956,-0.0021256960122501495,-0.008166919741688905,-0.008695508830108702,-0.009225801247927472,-0.00886444564767164,-0.007749286130642067,-0.007380514889415754,-0.008335469620131692,-0.007825141954037986,-0.007640405450088798,-0.009453021781723896,-0.008631398122011181,-0.00827898248805095,-0.009788149679773518,-0.007826809847853042,-0.008297787311585503,-0.0018286256302796184,-0.00215044791471447,-0.0015806881602732179,-0.0021982961030154393,-0.0023511521026243418,-0.0012670807574836488,-0.001035722845787246,-0.00154820930904988,-0.002469356528441617,-0.001941640968630402,-0.0021459897859277114,-0.0030985357921805823,-0.002072040660938451,-0.0015485189323515833,-0.0030381117786414716,-0.006790289557565511,-0.008479301132712716,-0.0073845596183097955,-0.007948949247660372,-0.00915767140072627,-0.007751719720505995,-0.00827275969429837,-0.009676008522414858,-0.008555217443626346,-0.008441601772253934,-0.0071808779962399495,-0.005837431454083886,-0.0071627599404474945,-0.007952097855422407,-0.007870075329112804,-0.007607262466523234,-0.008897085326465597,-0.00878225769569781,-0.008208677216459948,-0.00911709454595678,0.038716248366237355,0.007831642408885123,0.040593162291262856,0.007646035722387612,0.006571743857229105,0.00635585728361415,0.009429260459809359,0.006092830289239966,0.00794828508792636,0.005841784338201744,0.03846905936212304,0.0062767012438774885,0.0059334825592378335,0.004677255829828657,0.0069306262247337625,0.004509305308577379,0.00601295784431045,0.012260018345634028,-0.00728561001824571,-0.007590470835277691,-0.008433668521746103,-0.00697044577062561,-0.008445905691646858,-0.006589257069635618,0.012401482987532434,0.011684957652401858,0.011058170392269208,0.013922948869874533,0.011036792329558764,0.011786281165931247,-0.00752806013627108,-0.00805627462937432,-0.007327384141947813,-0.008218521253466277,-0.007110720749072111,-0.0073600132111757595,-0.007056530467159354,-0.007798059254707598,-0.007619897928171754,-0.008172563934789297,-0.008604282836683533,-0.008258457970803736,-0.008500622646298365,-0.006548607389335378,-0.008270687992226945,0.01287110537708461,0.04569105635060618,0.013306562980490258,0.012520237247862318,0.012207184464197907,0.014278769934785282,0.011798985401738188,0.012987326897037021,0.013371720014467871,-0.006508087257566752,-0.007226631665838367,-0.007198194590839412,-0.006018595120677679,-0.007465084374414306,-0.005831731667438356,0.013476452111414771,0.012548758040897461,0.012582720121435416,0.015309537683206796,0.012392177264398577,0.013038516772838392,-0.00720172465779473,-0.006858747827747974,-0.006371391107781728,-0.007234178755394937,-0.006390255418938678,-0.006577062634979565,-0.006555680128831421,-0.007269383969313049,-0.007114956943030331,-0.006717675712195428,-0.007121333902871367,-0.0070803079448119,-0.0072915808873027475,-0.005653974482636405,-0.007347173001674323,0.012348642067100119,-0.00660915258543699,-0.006585532400289568,-0.007611018644693868,-0.007231091970601751,-0.007781497808984015,-0.006504274566902215,0.013154176424055081,0.012843380334538527,0.012038386515277263,0.013976657652679416,0.01198292294955313,0.01187495027443807,-0.005932226969873224,-0.006518833429936676,-0.0069057525461769555,-0.006871908255983361,-0.006434457559220357,-0.00541065692944667,-0.006117778511032656,-0.006016822040207291,-0.006614990719594086,-0.007498598112429793,-0.00686994700452854,-0.007436037235901973,-0.008231024284675663,-0.006809086104261657,-0.007606461475041776,-0.0020594983971928297,-0.002417415829163459,-0.00280668777451929,-0.0017486262927714057,-0.002828556988491205,-0.0023142106729859718,-0.00789126818577216,-0.00817223264948351,-0.008949828034206403,-0.008334498963382467,-0.007473762835749427,-0.007105080482077211,-0.008307189934396893,-0.007543015520089414,-0.007612151961558293,-0.009176983274171924,-0.00810157597022905,-0.008003318815396213,-0.00950541544763218,-0.0077985493278566066,-0.008015540399839103,-0.0020170891015175315,-0.0020930239356972235,-0.001769106508762829,-0.0022230825023614874,-0.002539709591941147,-0.0014554439374658975,-0.0014697681068042293,-0.0018187851017316965,-0.0029040143281489827,-0.0021301250130958994,-0.0021707739099925583,-0.0032872281766509618,-0.002342768753475125,-0.001982777645361023,-0.0033091139521420894,-0.006515017734162759,-0.00845101651027202,-0.007102562695569763,-0.007920685540873076,-0.00888171677769869,-0.007222374840564294,-0.00799709383262905,-0.009393309906466245,-0.008526931873638417,-0.008159312746211098,-0.007152637912408692,-0.005555873475795253,-0.0071345227818317885,-0.007917260236621908,-0.00808917384261586,-0.007572444144332067,-0.008614621201628685,-0.00875396419785102,-0.007926455699066812,-0.009082204780253884,0.039335525874156174,0.0847106979086355,0.040113016373450154,0.038993982831876106,0.03845329887771704,0.04293181836909963,0.03805668848980624,0.03944956039670674,0.04121130470825102,0.008041696168580985,0.006967825303108095,0.006752020948240638,0.009824171982828383,0.006489106732007417,0.008343839818126475,0.04166645464838542,0.04041112303716862,0.0402085040009296,0.04502746614674529,0.04002303388948188,0.04088902001063912,0.00735776370049483,0.00745249851256413,0.009841481752415665,0.007082344948236442,0.008158321143519609,0.007364879937066798,0.0092956044422153,0.006682124546627172,0.007078291599215264,0.008893006428274267,0.006584274810616839,0.006868750338041384,0.008328626883205919,0.010183561236106765,0.0066058604032483,0.039088514225417384,0.006672938441229933,0.0063298355368321966,0.005074132598209032,0.007326590267157127,0.00490626350303976,0.006409254618410186,0.04022594461055335,0.03956953562655681,0.03855035208463088,0.04270670037179684,0.038496239509090494,0.03862680474443612,0.007340261688908819,0.006518343850431378,0.00801234877349187,0.006170230649672696,0.006843878575920086,0.007246056888223575,0.008422181611652564,0.006647729723065245,0.006299977518815107,0.006819451369419875,0.0055619217252293835,0.0052455246934469645,0.006099489099273824,0.007740864117951756,0.0050777092313120525,0.012795265961793686,0.01207902474578241,0.011452477421010134,0.014316084517860551,0.01143111326924308,0.01218029585860251,-0.007373535452513666,-0.00790166023875543,-0.007172878604004274,-0.008063880783820714,-0.0069562665214714684,-0.007205512453388332,-0.006902074665530763,-0.007643491008818533,-0.007465366599719856,-0.008017927428562163,-0.008449582675752257,-0.008103831671527612,-0.008345929342271347,-0.006394239322867358,-0.00811605657361967,0.01283691023285734,0.012519849926367095,0.014658817831178322,0.012391533176777617,0.012321767824275616,0.012785048652268424,0.01459033878442013,0.012426471384992935,0.011598947739187503,0.013698717118437188,0.011836997096774968,0.010978383583619447,0.013489427152466206,0.014085287049516308,0.010957003253588123,-0.006244901372467786,-0.006675047377718367,-0.006832291313689296,-0.007402968970518533,-0.007352089251792006,-0.007199219522677891,-0.007726598522051952,-0.007862844663359198,-0.00675093115623365,-0.007888771689025381,-0.005996012922858294,-0.005902997174706608,-0.007234951591872612,-0.006759719619763092,-0.006684451491190986,-0.007672916468428183,-0.007703507332516261,-0.007595529353754474,-0.00827436354196004,-0.007923340053962067,0.046305944558537655,0.01369997019627314,0.012913956375777766,0.012601029267562224,0.014671769649568766,0.012193005317917938,0.013380873783090622,0.04743833229278857,0.04654288079380811,0.04624692577359435,0.05050265630935044,0.046149453197873,0.045985664340690825,0.013921284710117837,0.014037797312178413,0.015454773130844214,0.013550239046933536,0.013816123006652335,0.01431523291634894,0.015318246746440445,0.013479902823860832,0.013023915835646804,0.014857278323726667,0.013533382888159329,0.012717273858206703,0.01410061695597932,0.015029583823039035,0.012309287704825127,0.013869803950555183,0.012942471709261417,0.012976420091326919,0.015702111215910895,0.01278595016464538,0.01343206143456609,-0.00704726120783334,-0.00670433447891738,-0.006217049564562367,-0.007079708112415636,-0.006235908446011607,-0.006422692393419063,-0.006401310050642041,-0.007114907154417237,-0.006960501996481274,-0.006563280636539558,-0.006966880932875328,-0.00692585842654315,-0.007137091678771665,-0.005499738084270512,-0.007192679194621779,0.01366310077390801,0.014005620444216296,0.016047959576994807,0.013748637754577523,0.013536794195711991,0.014058787852253233,0.015728202487343256,0.013531596290277772,0.01240971733919304,0.015576077856340383,0.013682714143984063,0.012643061449697277,0.015323899848339512,0.01561147332743735,0.012452518227539905,-0.00550028317059193,-0.006170647665185774,-0.006300427097344875,-0.006935602491398485,-0.005894728044525818,-0.005714768105475431,-0.0065864866155030365,-0.006549231100877841,-0.005852363441908753,-0.0069618292951987345,-0.00499487085000761,-0.004874588022790108,-0.006311085050776805,-0.006003843694337144,-0.006042780694527546,-0.007003240511026487,-0.005791036835102757,-0.006198479816922758,-0.006849011763876611,-0.006772087993512842,0.013547653310321185,0.013236974343865926,0.012432304066184651,0.014369770704351293,0.01237686069839251,0.012268925328080247,-0.0057779467802279326,-0.006364454146621191,-0.006751302801371473,-0.006717469967806265,-0.0062801091380796726,-0.005256456905074742,-0.005963465306935003,-0.00586252613286063,-0.006460614923619048,-0.007344054072449463,-0.006715512211095613,-0.0072815332748156734,-0.008076345979464217,-0.006654667257101959,-0.007451925589374193,0.01465698242534569,0.014282504193918345,0.015521905153932142,0.014147011794038624,0.013074503946043346,0.015034440543239517,0.016155673676444764,0.014749366412607398,0.01275743430525228,0.015007119972470999,0.014113936874452176,0.011958653414219986,0.015039596570982448,0.014138985124922778,0.0119031871813811,-0.00358480358280093,-0.005055602134827759,-0.004372197567484363,-0.005807430310037178,-0.005692117865289057,-0.004482194630332204,-0.006189827639444529,-0.006504164670135021,-0.0063295540806759375,-0.006542737868196221,-0.003664547854962565,-0.0028515377568753848,-0.005285956698191027,-0.004719995047759524,-0.005746099849981145,-0.0058920075422698856,-0.005419493954282974,-0.006921982665350804,-0.006540784279877026,-0.007653827338879945,-0.0018634145858367702,-0.0019393370350755273,-0.0016154693009342326,-0.0020693771951249373,-0.002385957328687938,-0.001301852364939405,-0.001316179174534772,-0.0016651419043015167,-0.0027502073399888484,-0.001976433487324286,-0.002017076572155315,-0.0031333643667174654,-0.0021890447040939964,-0.0018291127153843125,-0.003155244659308392,-0.006607652629111653,-0.008543831533039862,-0.007195250597549907,-0.008013442500120984,-0.008974576591796603,-0.00731507810036529,-0.008089858290874032,-0.009486220180430821,-0.00861974849192463,-0.008252092849981614,-0.007245332655458163,-0.005648422670834558,-0.007227208284283174,-0.00801002755934482,-0.008181949764626436,-0.007665170128634701,-0.008707457213165471,-0.008846802303611916,-0.008019214453348484,-0.009175076995340984,3.5345359526185876e-05,-0.0007116372942901573,-0.00043555705788311507,-0.0023497578839370707,-0.0009358097559656796,-0.00035164189990342904,-0.0024194914131063726,-0.0012290536391314794,-0.0018495946501363913,-0.0025495857496497156,0.0004414083092969799,0.0009224378511464552,-0.001787952252813569,-2.7554637459421156e-06,-0.0015564659524098172,-0.0021513928262304866,-0.0004915041090939246,-0.0022106323576090037,-0.0024972615675360414,-0.0024232876848519305,-0.006366912900275665,-0.0041889129945633435,-0.006637110777256546,-0.007313804574496995,-0.008325749637018211,-0.007224689996417967,-0.007266744668811034,-0.008551666466700518,-0.0071401827260955016,-0.009063023960949672,-0.005014742851633568,-0.007027611957286651,-0.0056779116487498905,-0.007792090060007904,-0.008284684868518691,0.014101572520322032,-0.003687867140647279,0.010065725714180985,-0.004721391579016633,-0.005548676297943056,-0.005784241793444382,-0.0035154849030512958,-0.005660532275776674,-0.00332401295739248,-0.005717909384133175,0.0077141457984358005,-0.006137237506207858,-0.006291167008823629,-0.007484377771710239,-0.005987347439159464,-0.007215225942125326,-0.005296741906834366,-0.0053565475506235916,-0.00611674221726804,-0.006172467552447692,-0.007008605596180327,-0.006006247780164189,-0.006651894934767738,-0.00433990224550679,-0.006104425745588156,-0.006614284871124596,-0.0072464020951872946,-0.0051978648748413625,-0.00690298994574069,-0.0055914468169667945,-0.006991242252155513,-0.007502887772487362,-0.007200561059623756,-0.007307590990959304,-0.005695357786541596,-0.006541002808648712,-0.00673674999903679,-0.006666229043188839,-0.005955049217508924,-0.0077956667200232725,-0.007439371852844172,-0.006586763299218701,-0.007661264521167564,-0.005338168582475996,-0.006230236410986989,0.0009744146970127734,0.014670196713307748,0.000520692763611211,-4.309062036300807e-05,-0.00036349708112040163,0.0009266094444361886,-0.00034911584741075625,0.0013367255894909539,-0.0046683705375220146,-0.005772878644732634,-0.006230560116028218,-0.006219331945306403,-0.0055001171268533895,-0.006095573003570232,-0.004004454551768445,-0.00546459795199038,-0.006178301231607444,-0.006160857009713273,-0.004310025478386052,-0.0060274566427424734,-0.004762132176553374,-0.007098278594807672,-0.006762120551039238,-0.006731154093016599,-0.006788281329573892,-0.0054083498817027965,-0.006203035667647461,-0.00668130397641574,-0.006560950258859246,-0.0058721043064570285,-0.006869099472955039,-0.0064633697168602405,-0.0058546658042439624,-0.0069894105265782,-0.004889022650143107,-0.005730944995291751,-0.005770707822604351,-0.005850517771797149,-0.005634154446976368,-0.006579500821207801,-0.00649482054046773,-0.0063105830529627,-0.004640413459907888,-0.0058953022001022514,-0.006103970795502978,-0.006845487213706298,-0.0057784012086687965,-0.006586350084157535,-0.006005693553248962,-0.005885287678775199,-0.006471490744655354,-0.007120491971910368,-0.006397261225181549,-0.00542928407498886,-0.005091059315394403,-0.006278888593611643,-0.005374514926029838,-0.005416886049065093,-0.0075309204290900855,-0.006237597242577448,-0.006157881463409385,-0.00759381653789595,-0.005826358529814738,-0.00588910296843131,-0.007533582410990509,-0.007673185850618867,-0.00805854036741771,-0.007481400145122598,-0.007714852034730843,-0.006649228238500361,0.005694198707227439,0.005433653464691561,0.004574883436569599,0.005626478414340546,0.006973465532760448,0.0067483774444978785,0.005399029437351964,0.006624878636205522,0.007082522346552733,0.004597671967172034,0.006106340413012105,0.0067023793533253035,0.004730490251159738,0.00678008844766651,0.00705438592736738,-0.008209277186877485,-0.008269440726101978,-0.008426902285452963,-0.00807584176556516,-0.007768937059481386,-0.007390701901182714,-0.008017514668828298,-0.0075063594466791474,-0.007914785143758957,-0.008625466693086201,-0.00782823971970394,-0.00829399991493258,-0.008500802036822103,-0.007469484406194721,-0.00795024125761912,0.006426998483244305,0.00438462092766331,0.00614389026958862,0.005908343444949743,0.0039382394602248795,0.005980222060093823,0.0058489414530930985,0.003878442452862621,0.005234749717429441,0.006041665790982128,0.005913837356313274,0.00794754355411028,0.00696223197952878,0.005500595451067184,0.005857240341581905,0.006838768450887329,0.004780561010081497,0.005257520732255319,0.006521273443813459,0.005390240484436122,0.014494661028203626,0.04190575222777485,0.0144098068094571,0.01349083307582778,0.012932513106883462,0.01615574419644809,0.012946805873122975,0.014852550003986598,0.010460422800471408,-0.004567307070316582,-0.00539446702932099,-0.005629997975086467,-0.0033615835239177295,-0.005506306363855234,-0.0031701342268553624,0.010040665727012867,0.00897304920879555,0.008746965260788138,0.01239153789859782,0.008878329274537975,0.010368976240135008,-0.005891164325237289,-0.0058021776107249805,-0.004220292734503743,-0.005828319377190688,-0.004203172149853616,-0.005613709352286172,-0.00454025018805032,-0.005971416509955964,-0.005036285327446005,-0.004974230093203877,-0.006120755230345826,-0.005265522774058932,-0.005094301191975227,-0.0027517283298012425,-0.005141869264414565,0.008109776888081495,-0.00598292057043605,-0.006136832043601922,-0.007329853805108374,-0.005833044284717268,-0.007060742197586608,-0.005142568907226034,0.008351980802524235,0.007781380453725931,0.006806169694185015,0.009622877972969814,0.007061808194706081,0.007877674080726831,-0.006017689064643825,-0.006851045914298809,-0.006087847649484803,-0.006776790688782634,-0.005561618944088546,-0.005840267661444558,-0.0056172829850125216,-0.006123947524990693,-0.0059194254351864735,-0.007115606271889593,-0.007234873345768104,-0.0069078387618797055,-0.007178463785377358,-0.005165091908070247,-0.006638866590949617,-0.0059501272167036354,-0.006459906578379584,-0.007091930970595521,-0.0050437034741440834,-0.006748570709704258,-0.005437230257224355,-0.007083917705221306,-0.007595614540413481,-0.007293263414385854,-0.007400299915354482,-0.005787910975875266,-0.006633636654106364,-0.006829406122008791,-0.006758875014771259,-0.006047625743480426,-0.007888424062427476,-0.0075320925451473645,-0.006679395479205729,-0.007754009993876743,-0.005430690714517707,-0.006322836858385755,-0.006624750971196205,-0.006931896464450933,-0.005616646297341752,-0.006738566579705615,-0.0061851490077226325,-0.006424708276252376,-0.005578446399821517,-0.0065402589665031294,-0.006701252863807255,-0.006431898073527698,-0.007108951917547559,-0.00732718637319689,-0.006307510072442571,-0.005031879228993188,-0.006983755885903286,-0.006588793821634484,-0.007485206775437361,-0.00687553707760592,-0.006866252087700503,-0.008184950461154389,-0.007289186848255435,-0.007173461891423259,-0.00824551770567428,-0.0066241990202941985,-0.006978249980473408,-0.006554979359481211,-0.005665579072846488,-0.006416096020615561,-0.006973622825305465,-0.006364805868644677,-0.006541298320172601,-0.00795065938867974,-0.007218897379314858,-0.0071099745419468665,-0.007084583758852945,0.015063063314843687,0.0006739705404400394,0.00011027460873363653,-0.0002100830289023982,0.001079833378394538,-0.00019570281789974044,0.0014898848186679918,0.015267065851332754,0.014489009032149176,0.01417946163276244,0.016971029191663715,0.01426428025219408,0.014972319037277632,0.00019147331041083752,0.00022819242904092814,0.0008305036796717658,9.003018900799181e-05,0.0010363769856461397,0.0008210776522819235,0.0008464084652668055,0.00028668264578439706,0.00046663675337284825,0.00030466457786475877,0.00012967590485526146,0.00015261550587708045,-2.1509998050069976e-06,0.0016871552749989362,0.00016699378805386733,-0.005310400907160096,-0.006023995769791357,-0.006006554614654281,-0.004156004072699949,-0.005873175471868393,-0.00460803429617755,-0.007190956251680199,-0.00685476829075624,-0.0068238030856651805,-0.006880930926848221,-0.005500877668061145,-0.00629563146338534,-0.006773948973396468,-0.0066535791490942055,-0.005964672656050602,-0.006961761797138608,-0.006555989494152086,-0.005947232314229949,-0.007082084499107804,-0.00498150609449028,-0.005823500757824457,-0.006237690835355135,-0.005895585686132609,-0.004765789598814773,-0.005900594851441614,-0.005404261828234665,-0.005592981459408121,-0.0049430421003982625,-0.005918063630573849,-0.006322047671682178,-0.00512429217176335,-0.005814326448084255,-0.006100521852868267,-0.005171928019326774,-0.004003265205339438,-0.005967121705015555,-0.006299733339566029,-0.007467156199054881,-0.006807674370828915,-0.006832187727677307,-0.007295460186258045,-0.0063507733838480285,-0.006489890359157475,-0.007569442175693482,-0.006211955618722124,-0.00651604656962072,-0.00608054055832948,-0.00514184921443502,-0.005937156887517858,-0.006753477985030304,-0.006168343832541315,-0.006294985631921317,-0.0067767923787685844,-0.006349830991955872,-0.006191211522411644,-0.006470080870838905,-0.005741035159741701,-0.00594966833275223,-0.006691072932423411,-0.005624144003463569,-0.0064319755714877976,-0.005851413256619369,-0.005977862403991844,-0.006564124210835327,-0.007213189127940447,-0.0064898883214791,-0.005521810594228671,-0.005183559754981216,-0.006371504121295804,-0.005467043234584857,-0.005509412614778948,-0.007623658387746814,-0.0063302094634711545,-0.006250475059885548,-0.0076865631987689505,-0.005918926221722098,-0.005981672479637556,-0.005491085299473054,-0.005873004752875164,-0.005543064397114955,-0.00576747815691236,-0.005976014346977526,-0.004917988256456317,-0.005042545892659311,-0.005128933258141943,-0.006190913423254601,-0.006088806207125182,-0.0057877603609297595,-0.006926252036072699,-0.0060378195652889,-0.005612297529874538,-0.006667100745668222,-0.004537854094435288,-0.006458187726027657,-0.005015538560421858,-0.005760500306701087,-0.007226984410785795,-0.0053957664185391,-0.006142509721157438,-0.007517749341294874,-0.0065441710607841395,-0.006068310988779027,-0.004939575610370997,-0.0033355479100552077,-0.004966420157820462,-0.005663648878472812,-0.005907135125082023,-0.0052498210478105194,-0.0066981940181129835,-0.006954300726115841,-0.005908717394008291,-0.007017135821438264,-0.008302062927858386,-0.008362231493276103,-0.008519710430698036,-0.008168613988325897,-0.007861679804683287,-0.007483413413372233,-0.008110286981910464,-0.007599081109950796,-0.008007541382418474,-0.008718294005835483,-0.007920989845223467,-0.008386789302617471,-0.008593617712916321,-0.007562201337324774,-0.008042999458976728,0.006091657854435025,0.004048607225223456,0.005808455913349832,0.0055728502675054074,0.003602057984466376,0.005644715561885341,0.005513430215002053,0.0035422397183330206,0.004899042539539391,0.005706218691155382,0.005578341411417284,0.00761270549846138,0.006627093468622396,0.005164954853970385,0.005521738354155711,0.006503586375735328,0.004444661958760046,0.004921821188898017,0.006185989175230793,0.005054583629446972,-0.007110034807760675,-0.008471440590085838,-0.007375735199737885,-0.008543789952346014,-0.008719522642109937,-0.007337924332660522,-0.00859775771032401,-0.008748630656551565,-0.008507755690269358,-0.008404098093767232,-0.0071436465501291575,-0.005786467043957673,-0.007724974882267883,-0.007489854136506036,-0.008104560626003053,-0.00784066509410875,-0.008015355472235794,-0.008706331706401735,-0.008156424203529626,-0.008581660108186734,0.005452162272459806,0.008018053807278675,0.0063056942315656474,0.004846209850673359,0.0045075145558531576,0.0060225692699539144,0.004603251651750366,0.004262676193089091,0.0060598955525050496,0.004202906277577891,0.007251832545707484,0.00603644909130271,0.00782632903530852,0.005623285079633835,0.005104632591170429,0.0141277898299546,0.0410427412295454,0.01404290682950599,0.012881366923178475,0.012565054902994366,0.015547986531468787,0.012579608910760043,0.014243906809188536,0.010032868118807601,-0.00451120772242211,-0.005585051349001501,-0.005573837353726975,-0.0035517935818732064,-0.005449844306809202,-0.003360316882494404,0.00961292630860114,0.008301506752757967,0.008318665307228636,0.011722376217724284,0.008419856178597918,0.009698340567777047,-0.006081838396335758,-0.005746006448954089,-0.0044106605106137954,-0.005771837780490603,-0.004393543242573512,-0.0058043331737948015,-0.004977266597151164,-0.006161797028712576,-0.005473518075079433,-0.0051647400222467185,-0.006064255430727151,-0.005456087392562905,-0.005284526789626687,-0.0031879889250533656,-0.005332104124169203,0.007681194175646663,-0.0059267322413085995,-0.006327569422828199,-0.007273585946275313,-0.006023743285716735,-0.007004177118423316,-0.005333109178260378,0.007923504636057154,0.0071090071445624745,0.006377014436824222,0.008951796161244965,0.006602466140824159,0.007205397173522565,-0.006208402759785732,-0.006794805931232304,-0.006278593851878873,-0.006720242895779976,-0.005752234724966607,-0.00603094612967482,-0.0060548116004374404,-0.00631437182853044,-0.006357035633902321,-0.007306550756592583,-0.007178297272383209,-0.007098706042352086,-0.007369112243677863,-0.005602395994618621,-0.006829372858912817,-0.005954050006296819,-0.006710846624711534,-0.007095854512485999,-0.005294295461351491,-0.006783273104769561,-0.005687910655543361,-0.006884856989469481,-0.0071492394772168675,-0.007094144255959351,-0.006953698808197867,-0.005589116959856084,-0.00643466672888178,-0.006877462763442183,-0.0065595672073931735,-0.00609564356979288,-0.0076891849155871165,-0.007085434012094539,-0.006480428986218929,-0.0075544825317352465,-0.005478682276015358,-0.006123629437691129,-0.006875729390142051,-0.006935819943634683,-0.0058673807132842435,-0.00677326862000306,-0.006436012618234069,-0.006675641077841959,-0.006076045257140486,-0.006822000037924708,-0.007199372702868281,-0.006682835990374707,-0.007143667922484755,-0.0075783269901829155,-0.0065891902616450684,-0.005529183139726162,-0.007265608969069555,-0.006389831888343921,-0.007533292129597622,-0.00667620651744373,-0.006914305302458038,-0.007985651118094593,-0.00684263341982711,-0.006974396333734486,-0.008045889886116892,-0.006672242953798359,-0.0067789113033787035,-0.0066030226771123255,-0.005466489441037398,-0.006464129086661458,-0.007021372930773819,-0.006659845313997275,-0.006589025773097713,-0.00775109174839831,-0.007266967918930701,-0.006910609828981066,-0.007132335548381253,0.0146375232544019,0.000729760086888129,-7.92834809449728e-05,-0.00015424115995747893,0.0008904469441889011,-0.00013956773834221048,0.0013005770979750086,0.014841612626025442,0.013821220055383911,0.013753528810125494,0.016304988983748263,0.013808353347916523,0.014304825866176546,1.9305541534916325e-06,0.00028400926701847227,0.0006410719433840561,0.00014614772578838136,0.0008469863707556316,0.00063165312150887,0.000411703836451129,9.744796062727272e-05,3.1780021700105347e-05,0.00011512960709185324,0.00018579070400857973,-3.6940744080637005e-05,-0.00019145475176241276,0.00125280098869363,-2.2267929534172343e-05,-0.005314323151868944,-0.006274818814467054,-0.00601047732297408,-0.004406371314348841,-0.005907844806108175,-0.004858524414156696,-0.006991890463713918,-0.00640877596071851,-0.0066248000252754746,-0.006434618504640029,-0.005302139120297177,-0.006096744331046823,-0.0068220000192409655,-0.006454308679792818,-0.00601268650342717,-0.006762729666456507,-0.006109822536949705,-0.005748409184136155,-0.006882714635302557,-0.00502947900732178,-0.0056243922737505515,-0.006488566550645644,-0.005899508402385472,-0.005016309875321034,-0.005935265430538658,-0.005654949262305821,-0.005843704030222988,-0.005440312170486604,-0.0061996200380509655,-0.006820033636550683,-0.005374904701496725,-0.005848994354779883,-0.006351378366435131,-0.005453278193472472,-0.004500093705560147,-0.006248705065545858,-0.006100842560236712,-0.00751523793214853,-0.006608372248749815,-0.006880239578564325,-0.007096359146603802,-0.005904691686423954,-0.006290956631144366,-0.007369973599954785,-0.006259982849405576,-0.006316798019779837,-0.006128560151761914,-0.004942879783213627,-0.005985169127187688,-0.006801216357716251,-0.006463332427553552,-0.006342703076975371,-0.006577486396049661,-0.006397864695889911,-0.005992028919567054,-0.006517808901909143,-0.005744957814137649,-0.006200486739210111,-0.006694996305944618,-0.005874889878295666,-0.006466667180141926,-0.006102195943705215,-0.005779021532466312,-0.006118201509034754,-0.007014081388968445,-0.006043686488477291,-0.00532307470166402,-0.004984880945894306,-0.006419541154072698,-0.00526799581557897,-0.005557406227257944,-0.00742446171229262,-0.005884080180410729,-0.006051592794034842,-0.0074870335608303844,-0.00596693987259914,-0.005782533529245889,-0.005741789211760046,-0.005876927569674808,-0.00579379048873446,-0.0058021451529949464,-0.00622682742224913,-0.005168550218891785,-0.0055398867185232825,-0.005410275233260771,-0.006688790171970594,-0.0063396716942067536,-0.0058224280069081435,-0.0071773015029898855,-0.006319434679778811,-0.0061099086628218675,-0.006948871452355724,-0.004339302189234177,-0.0065062288852263195,-0.004816580739763222,-0.005808504792756199,-0.007027869675220919,-0.004950058845282059,-0.005943647650858738,-0.007318255257861594,-0.006592212553680232,-0.0058691533154148325,-0.004987544801416591,-0.0031369348424289704,-0.00501438863705552,-0.005711344732696024,-0.006202046776343652,-0.005297495161296024,-0.006498878929874539,-0.007002362059826788,-0.005709592591506749,-0.007064888601132606,-0.008162998542020818,-0.007975771454893222,-0.00838061175640689,-0.007813048466699302,-0.007722681295000788,-0.007344462947536369,-0.008218643022578144,-0.007490920730750326,-0.008115878982431417,-0.00857916595620752,-0.007565508454080784,-0.00824771917480083,-0.008485349901284023,-0.007670494477419729,-0.007934797454702767,0.006632261659174203,0.004345968533710686,0.006349484666789047,0.005869761231319753,0.0041440003843574436,0.006429744538012698,0.006054305133691941,0.004084497990563366,0.005196138333576466,0.006247267560252179,0.005875254861675958,0.008152780261837451,0.006923697681079977,0.005462271728794086,0.005574655424532862,0.006800502828521485,0.004986434324539279,0.005218910380575373,0.0067267774854237496,0.005351914431327862,-0.006971135839957738,-0.00857983447705419,-0.0072675987280965,-0.00865218266530785,-0.008580392258361708,-0.006982643803768016,-0.008458655772014495,-0.008640346174037434,-0.008616148218334691,-0.008295857937423696,-0.0072519014832795456,-0.005678493445629943,-0.007833283539829036,-0.0076289556214663235,-0.008460363196937168,-0.00797980756285567,-0.007907148484387077,-0.00881474597304184,-0.008048209274981484,-0.0087209113232064,0.005749115317531647,0.00855791997519081,0.0066023934683603555,0.005143622482173014,0.00456047789741842,0.006319625344482145,0.005144934247564257,0.004559957859823556,0.0066007569625251014,0.004500487162958917,0.007548536298211134,0.006089341182068468,0.008122864862465986,0.005676474771693224,0.0054019486689304425,0.04166059325501826,0.014436017914994223,0.01327494052048296,0.012958752983302157,0.015940468828285464,0.012973303288905263,0.014636955099648933,0.04221211902315505,0.04086662721648844,0.040565394352711774,0.04529099678846146,0.040618379310920986,0.04133848717213294,0.01371819307313204,0.013754593129221174,0.016057010753554785,0.013618479736446582,0.014552108330983807,0.0137343546718792,0.015469034481997462,0.013207323522955625,0.013384868590342408,0.014935486470370976,0.013052192748518628,0.013074966439125667,0.014633843359802355,0.01629785511082517,0.013089516146898789,0.010007807024628812,0.008696904486403634,0.008714055246416804,0.012116385955792884,0.008815206316695516,0.010093210035596495,-0.005927550146320464,-0.0055917679776014174,-0.004256624269320094,-0.0056175966464752786,-0.004239504360241141,-0.005650086276143899,-0.004823142250662723,-0.006007495444896366,-0.005319316887169901,-0.005010586876970642,-0.005909969023340233,-0.005301889268208721,-0.0051303547131625925,-0.0030341330941626274,-0.00517792432698297,0.008851237429410115,0.009188542581988162,0.011880442899544633,0.009153095102347408,0.009673268445769895,0.008878781157998485,0.011099748563533756,0.008527889212080473,0.008161402643720943,0.010921526452541495,0.008630248142134594,0.008379006810551582,0.010844166021980135,0.012025198873228301,0.00848019773694236,-0.005284073843540555,-0.005144947797951128,-0.005791207218065942,-0.005815989393154633,-0.0049736173018210626,-0.005334753208467779,-0.005474015751075225,-0.00524666885192674,-0.0038925928372701415,-0.005499843265760057,-0.004377549800236786,-0.0047432404718325575,-0.0055385483123789065,-0.0050489970910625485,-0.004465143139644215,-0.005895927099890162,-0.005072287175628663,-0.004646304851560556,-0.005792191027263267,-0.004766032029972375,0.008319054729982116,0.007504889260638377,0.0067731815761044945,0.009346925294920316,0.006998546142912299,0.00760122291623046,-0.006054082131284582,-0.00664038737276286,-0.006124246744067154,-0.006565835386154571,-0.0055979944634150835,-0.00587665444834215,-0.005900505427371542,-0.006160034070849635,-0.00620270035921556,-0.007152040638780456,-0.0070238194900508555,-0.00694425891596283,-0.007214588060561203,-0.005448169505127282,-0.006674966352001849,0.008322408928703173,0.007945728105371294,0.009791374767090341,0.008019396602349627,0.007843546737994552,0.00827936312877269,0.009676780714945616,0.008040818256677726,0.007022757064327881,0.00864623606220302,0.007390549019650415,0.0062969714610950755,0.008666101269755087,0.009115085261558013,0.006522434994691421,-0.004860548045308089,-0.0056168742513037365,-0.005338079406226943,-0.006083556659042097,-0.006384979443725476,-0.005718435392996802,-0.0064656860738912195,-0.006675159283261148,-0.005702847212590413,-0.006391154790027781,-0.004715811743921296,-0.00427351868798398,-0.005906134194568087,-0.005439401211634383,-0.005683153687093643,-0.006189505451418221,-0.006473704042217668,-0.00673008298344717,-0.006849008992051074,-0.006792585120194177,-0.00672131279865145,-0.006781394992947059,-0.005713116223101843,-0.006618868921648104,-0.006281667525901278,-0.006521252945074164,-0.005921745345292268,-0.006667589421054205,-0.0070449101187207396,-0.00652844469620678,-0.006989209925627003,-0.007423809226992523,-0.0064348127161806355,-0.005374975235290819,-0.007111137526782536,-0.0064824519685559995,-0.007626020322270374,-0.006768852388016011,-0.007006967743643401,-0.008078425913404309,-0.006935299371594654,-0.007067063791341742,-0.00813867032632781,-0.006764886022115339,-0.006871560677827359,-0.006695664136104083,-0.005559026499433127,-0.006556749930326523,-0.007114054333727405,-0.0067524884296154206,-0.006681658482315665,-0.007843844991617601,-0.007359665919026916,-0.007003270959427431,-0.007225021432798845,-0.0057779265795509125,-0.005911748600217486,-0.006074050324181106,-0.007209839062412874,-0.006159188287075442,-0.0060362869759747,-0.007263730951087591,-0.006219017202853787,-0.005948092241495904,-0.007101130166180536,-0.0052038807396856245,-0.005103264466604232,-0.007009695974887706,-0.005580170908394771,-0.006162987397504873,-0.007156098610019012,-0.006104669555721958,-0.006763592957424941,-0.007471643780894178,-0.006669942436900177,-0.006452957891378759,-0.004778602211240702,-0.006511912989283592,-0.00706603218156812,-0.007408197999684008,-0.0067983042608509,-0.007312295171802092,-0.007656001502868383,-0.006760516164531951,-0.007716213587317994,-0.005248044813564237,-0.00647810186730366,-0.005588517025415801,-0.006896372917673763,-0.007421544509690639,0.015234416000521332,0.01421443000009698,0.01414676803979648,0.016697179221948518,0.014201565331037915,0.0146978635885839,0.00015528825268968825,0.0004373257103578366,0.0007943382235988536,0.0002994841674004314,0.0010002188669474565,0.0007849135952257392,0.0005650069847689729,0.00025079278335314175,0.00018513722680568772,0.0002684807243983881,0.0003391202669551941,0.00011642796910059368,-3.8052661240471945e-05,0.0014059796636703714,0.00013109933733655872,0.014989887678043719,0.015274225649071932,0.017141917183409797,0.015218608455084763,0.014901953208080973,0.015394002827085322,0.016777035470911503,0.014988311261799642,0.013682497269394751,0.016491858443213846,0.015081442528427035,0.013813870400756408,0.016468219354147582,0.016606690075403028,0.013868694078235082,0.0017572505714500255,0.0008505364363395107,0.0010712491607573582,0.0002663316051516339,0.0010334228097325002,0.0016384903806391069,0.0005545785211915796,0.0006018735221573251,0.0011567215813819847,0.00041674758271547903,0.002238681244695154,0.002622210942103307,0.0008959026833728056,0.0012762954315887615,0.000921236542079911,0.0003618292605642493,0.0013960237228618313,0.0006310467570513186,0.0004563797703227957,0.000324623444188741,-0.00633421390774727,-0.005745243204377623,-0.0048621788029847264,-0.005780997042968223,-0.005500714094166191,-0.005689446874359249,-0.005286114847924767,-0.0060453098385371655,-0.006665612941941666,-0.00522071616745323,-0.005694736965426839,-0.006197037806126495,-0.005299080075461483,-0.004346034246549675,-0.006094380155931345,-0.006193429943325369,-0.00760795903147747,-0.0067010050798445705,-0.006972899182078503,-0.007189042941433402,-0.005997260852945658,-0.006383563727279633,-0.007462681799801315,-0.0063525911967022225,-0.006409406714928549,-0.006221152971090188,-0.0050353623442236425,-0.006077746892474899,-0.006893872580859574,-0.006555959379716288,-0.006435313669967589,-0.006670121102162256,-0.006490486366015671,-0.006084607814011552,-0.006610441955155309,-0.0049955972560327844,-0.005313515377428285,-0.005489556132996855,-0.006879467353619615,-0.004889297623896461,-0.00478040332118839,-0.006086045745663379,-0.00507977950486714,-0.004955972416784584,-0.006121808797118637,-0.004150486753841305,-0.004063765044912544,-0.006234291992134055,-0.004698167019691381,-0.005583876647761178,-0.006590381525869286,-0.004468708930799156,-0.005314566474675492,-0.006035519194405115,-0.005392940963975982,-0.0060159912292557655,-0.004292735003269968,-0.006081844879603793,-0.006842095954637498,-0.007249033033354388,-0.0065893782531654226,-0.00613549939454426,-0.006824034392136288,-0.005879474739131588,-0.007097586451201545,-0.004527723924771829,-0.00586268800983566,-0.004923873950168036,-0.006535179415021782,-0.006305288219936822,-0.005587543735241494,-0.005722661243693018,-0.005639531264144919,-0.005647891330785441,-0.006072513832128536,-0.0050143932008456325,-0.0053856673548079645,-0.005256081554128539,-0.006534403477731229,-0.006185325635535896,-0.005668171502846698,-0.007022840607229675,-0.006165092456402535,-0.005955604910820183,-0.006794444754872064,-0.0044317344139716,-0.006598865592215787,-0.004909058234641446,-0.005901066530453342,-0.007120559945896122,-0.005042551496203685,-0.006036221900958729,-0.007410975447613961,-0.006684850427967627,-0.00596172094471288,-0.005080033480541868,-0.0032292564905246463,-0.00510687610715496,-0.005803906522632128,-0.006294649306449701,-0.005390010236573025,-0.006591518073402814,-0.007095040694533401,-0.0058021453606179035,-0.0071575756705470495,-0.0036155655372294895,-0.004721840441577379,-0.00401003877338177,-0.0060755671626466085,-0.005038609692520058,-0.003939855107578011,-0.006204528840993587,-0.005144264622964288,-0.005874501148077808,-0.006129721784909916,-0.0033417691379786043,-0.002511092697372276,-0.005502156227619639,-0.0037791911198512573,-0.005626801705472603,-0.005743952362434638,-0.004361374310668975,-0.0064204137932876455,-0.006150009814666838,-0.006400175291102807,-0.0041468395542417725,-0.0017613761833931197,-0.004461259780362124,-0.00509728557619241,-0.006381320346150881,-0.004938569139370321,-0.0050972817547982755,-0.006698625703263395,-0.004868303243181324,-0.006988873066702948,-0.0023566750354806418,-0.004862927758395066,-0.0032588193349077166,-0.0055865853313707215,-0.006169874734650669,-0.007063809232324842,-0.008672658493939252,-0.007360298248904565,-0.00874500587854368,-0.00867321654324062,-0.007075317132968698,-0.008551461344133524,-0.008733175220067946,-0.008708971172699304,-0.00838864832119307,-0.007344602792322891,-0.005771050288233401,-0.007926032481003265,-0.007721691279276557,-0.008553172975336533,-0.008072570019674673,-0.007999909686051482,-0.00890758809929865,-0.008140977555364977,-0.008813745173020996,0.005413558409238303,0.00822327985098747,0.006267129892865403,0.004807857889446273,0.004224541497238686,0.005984268997700414,0.00480915913845073,0.004224020501177855,0.006265494736812071,0.004164529494810258,0.007213583665822794,0.005753922346673328,0.007788104592521624,0.005340912260905989,0.005066294336099929,-0.006761837263358103,-0.004606461649454978,-0.0075525076103453844,-0.007292296637464276,-0.008914472632434787,-0.007849124338644516,-0.007087050343568069,-0.008908819870784198,-0.007557800546318364,-0.008968789095975243,-0.005036963161219704,-0.007586142397578787,-0.006259177941405974,-0.007963307557182844,-0.008235370139369341,0.007902984538998343,0.0056277739165127355,0.008193361779237136,0.005022242678768571,0.005224763486272956,0.007427304481251098,0.006474754647356578,-0.008119498101357316,0.011669392234169766,-0.008889390100844026,-0.008699421473050565,-0.009791388161331073,-0.007795267710543075,-0.009810262490748683,-0.007697043445092691,-0.007917634978744632,0.011335375826803648,-0.008098858650023135,-0.006531284665046982,-0.009353592577063342,-0.008021793139798401,-0.009080046465775534,-0.008711045637117458,0.0015299051448187525,-0.00467301109746065,-0.0031106183512495185,-0.005410498189289455,-0.004642112380972185,-0.005092714526722054,-0.0043638231762220415,0.0010973346078930754,0.001640897250646491,0.00014436221355881078,0.0019450827826397452,0.0004572839316892867,0.0002346300225151264,-0.0036266458134532353,-0.005613604385685653,-0.005618717678638434,-0.005486538471161075,-0.005463576993343101,-0.0030527588146462797,-0.0034400056860776273,-0.003159624639388198,-0.0046952337430726685,-0.006095717716239013,-0.005504769725044831,-0.006201686716589462,-0.005980125504930012,-0.005185919625414123,-0.00588362694373234,-0.005946646945972425,0.013845030273490051,-0.006123758605799724,-0.005606470661956556,-0.006878003018366444,-0.005919628430501922,-0.007054894612569057,-0.005525351474117406,-0.002259928235020289,-0.008988085711738583,-0.00842680728035769,-0.009270722371696363,-0.008864656727207043,-0.009289573119003709,-0.007424733075839124,-0.0027314648586236746,-0.0025974161220113806,-0.0032329161524309283,-0.0016431006936892957,-0.003172481767781885,-0.00249418709769536,-0.00898318074905989,-0.009512234875189811,-0.009841729648257665,-0.009681315947956237,-0.008565181935288473,-0.007948767217432767,-0.008703224272329332,-0.008393641368697234,-0.008208765749797358,-0.009821213423353854,-0.009200368909445769,-0.008847681136339568,-0.010156482798619944,-0.008194352521255234,-0.00886651096194564,-0.0012941038225500337,-0.006779233456217897,-0.004844284631192359,-0.007414030202748296,-0.007468913249722509,-0.00714104104839824,-0.0070197076932891145,-0.0010951679906443716,-9.883118276027282e-05,-0.0018617450242954048,-0.0009984079498745284,-0.0015906927854410107,-0.0025933750596170493,-0.0048121606053099205,-0.006943513189369931,-0.007867216505478697,-0.006955144728446992,-0.007571623610942969,-0.003925589526959376,-0.005065070581692769,-0.004088849067286278,-0.006432116199784291,-0.008195036070254793,-0.006688022974534318,-0.008206991787307907,-0.008309219008999785,-0.008014505763216889,-0.007933752183173647,0.0006264591320957312,0.001537845194361799,0.00028648389702662743,0.0005932892925198726,0.0005993596371192298,0.0001314177747362354,0.010118314807200225,0.008405535407284769,0.0072659980429438656,0.008530858023912248,0.008311811188052192,0.011291051541704417,0.009777541725929697,0.011185499910976199,0.00943365429794862,0.007404390217863954,0.009121057563665455,0.008192031492614238,0.007518318934215365,0.008059540581313378,0.008505624595916049,0.001361178052009897,0.00042203623181339447,-4.411784742817145e-05,0.0005860759291272924,-0.0006700938079084845,0.0023252327493679076,0.0015637538924029098,0.0022972351150878207,4.017298921521716e-05,-4.005742959285632e-05,0.001002269979614844,-0.0010105157093778304,7.441782968167505e-05,-0.0004577675970335891,-0.0006971862663047364,0.011300756518361666,0.00902512397075439,0.011007537729242822,0.008558778267239171,0.00708208945731838,0.009373826205826183,0.007626500637149363,0.00691579109185568,0.006729785105808149,0.007751931560709976,0.010660949502122251,0.012886478719486253,0.009733715848461862,0.01034523994368927,0.008460798249603404,0.0096279884578531,0.007943118809135775,0.006868259844810984,0.008342643952602464,0.006982264735084354,0.0068709091299632595,0.04054167773689753,0.007061715489845734,0.00720613792359096,0.005707603233762092,0.008706216601270222,0.005533447137031808,0.007285432327815029,0.012063460969364965,-0.00873464351358054,-0.008544713080192367,-0.009636507209767812,-0.00764068884452684,-0.009655374634632672,-0.007542496192024517,0.01196249971208413,0.011730856753722273,0.010861385696717941,0.014329956961802353,0.010920866099844188,0.01183217355096072,-0.00872975738124045,-0.009506406116678478,-0.00824529945120015,-0.009675489496412573,-0.008311865908933992,-0.008314034608047622,-0.007479513882409785,-0.008759081389008104,-0.008326634479570763,-0.008843631580733388,-0.009813947550547401,-0.009213263299215181,-0.009178526164685985,-0.006971344193998257,-0.009232109785678453,0.011729520023559805,-0.007944250979998102,-0.006376961321636633,-0.00919878964707095,-0.007867190878190669,-0.008925287453062935,-0.008556330380116809,0.01228948963913129,0.012908401027574765,0.01092658282531958,0.013620266196280277,0.011193888799782696,0.010448684682700724,-0.005974525026969535,-0.008356168774800238,-0.007894576437257418,-0.0083678311281234,-0.008737691460053579,-0.005703555154393517,-0.005462149375086846,-0.005867053396489127,-0.007967750227474656,-0.00884124051819796,-0.008719033216863093,-0.009993350389299918,-0.008955522527493417,-0.008413063523426011,-0.009719597029172985,0.0012505139615446629,0.0017939867717232199,0.00029768343948545977,0.0020981307431505503,0.000610556021716442,0.00038796038224134775,-0.003718983892250313,-0.00570615019203336,-0.005711267512805197,-0.005579072733307519,-0.005556120258596056,-0.0031450445816393643,-0.0035323287927340194,-0.003251918884062314,-0.004787701354540813,-0.006188312430360572,-0.005597306185010921,-0.006294294766680151,-0.006072708831579676,-0.005278437489644446,-0.005976206163123437,0.001984738684697746,0.0008010634752505472,0.0018291648259668358,0.0009650331002073025,-4.515563097802501e-05,0.002336412090400192,0.0030670378896030864,0.002308414190691496,0.0002967402772620965,0.0012207114771650832,0.0007683145047615089,-0.0009993020659405047,0.001335016718164437,0.0010488505523188838,-0.0006859757873908683,-0.0027661714359155324,-0.003925439708902358,-0.0030632909972727273,-0.005304726403413773,-0.006144608023033322,-0.004970737659944008,-0.006497606178679414,-0.006313317484041147,-0.006255759868545297,-0.006370418024503652,-0.002883075103952263,-0.0017726099321302964,-0.0047297061465088365,-0.0032027511616234037,-0.004871110881118609,-0.004836760006567077,-0.005889290926317395,-0.0067331137242229045,-0.006388671991722069,-0.006617432246356382,0.014238231858080538,-0.005969438316087546,-0.005452237976749374,-0.006723565260876472,-0.00576532813691755,-0.0069004231888935745,-0.005371140843397926,0.014800467075169962,0.014973758289055509,0.013928554923923947,0.016559889197306586,0.013953740684528702,0.014007397679214826,-0.0050462814626794405,-0.005879171479245511,-0.0056872804953061774,-0.006238559550496528,-0.005548129021486172,-0.004278667497094808,-0.004407252718622994,-0.004890675177592582,-0.005235016881981377,-0.006032426476480902,-0.005989678747456088,-0.00630185231497303,-0.006770144433712182,-0.005097395600712721,-0.006478598870265556,-0.0025776796264253203,-0.0024436514046437883,-0.0030790571601400627,-0.0014894841251859659,-0.0030186332407410484,-0.0023404430093036314,-0.009076040490411066,-0.009605148570615667,-0.009934679152296686,-0.009774246389774071,-0.008657999301076642,-0.00804153252146515,-0.008796063662026041,-0.0084864482672854,-0.008301549413374082,-0.00991416153327222,-0.009293255042973042,-0.008940521841219705,-0.010249466145486425,-0.008287139122711508,-0.00895935580243739,-0.002289249098103162,-0.002611220003368788,-0.0017557617766393201,-0.0026590753895711174,-0.0028120058741924765,-0.0014816572223866607,-0.0009650333174385631,-0.001762834189030415,-0.0026841748174603595,-0.0018708836061790042,-0.0023607398936152835,-0.0033134829445188186,-0.002001275189616146,-0.0014777925943786827,-0.0032530446283993803,-0.007698208862962392,-0.009187611422044101,-0.008292998733055843,-0.008857821283829911,-0.009866502215254598,-0.008660527007218272,-0.009181923676718827,-0.010385235702173869,-0.009263540337382999,-0.009350926617682075,-0.007640934588845116,-0.006497490189419188,-0.007823597855346085,-0.008412524370850707,-0.008330425351794974,-0.00826838893417925,-0.009357971812469829,-0.009243035040842932,-0.008870189993325443,-0.00957804838147572,-0.0009416535424513704,5.4519946730161095e-05,-0.001708112892439635,-0.0008449049171809925,-0.0014371057958467894,-0.0024396120581429647,-0.004904605429985015,-0.007036181363281053,-0.007959972929917302,-0.007047814903254617,-0.0076643572764360955,-0.004017952984822769,-0.005157535550203405,-0.004181224704980947,-0.006524739446076109,-0.00828782756058349,-0.006780669513863859,-0.008299785359108625,-0.00840202393722574,-0.008107282149098597,-0.008026519441763084,0.0008770517186031122,-0.00044864379285520844,-0.00039238327369933755,-0.00035964036925347767,-0.002240424372368492,0.0016236603751818258,0.0016630491488215748,0.0016619009123185456,-0.0014455833348926421,-0.0006509395977150273,-0.00012871625903106268,-0.0030079725876469266,-0.0004907271107033602,-0.0018976629473181417,-0.0027365505806604185,-0.002967610030987144,-0.00497202072266852,-0.0034140645618525732,-0.0064925585795904996,-0.007357705723471143,-0.005269067187981613,-0.007828809210507241,-0.00784380218107113,-0.008505892520387729,-0.007840460965064014,-0.003317337469181766,-0.0016315178378347303,-0.005604226447218915,-0.0037568917015538502,-0.00649889182049323,-0.0057677592499661735,-0.006782756330131807,-0.008833984398143315,-0.007573088254648101,-0.00894827062152076,0.0012692889731543264,0.0003300569489621507,-0.00013614296568811849,0.0004941137079563108,-0.0007621863365462437,0.002233430925414361,0.001471882967264562,0.00220543515403026,-5.185478400050964e-05,-0.00013208186180483272,0.0009103456570531744,-0.001102637049407165,-1.759428731129068e-05,-0.0005498409015091566,-0.000789278060742721,0.010967167114133437,0.008690790105072538,0.010673856150900852,0.008224165731117606,0.006747007411624503,0.009039503620455143,0.0072915607718342865,0.006580648520008706,0.006394556256898235,0.007417033210684212,0.010327164717710492,0.01255341134863849,0.009399495974977789,0.010011358334739075,0.008126170137638125,0.009293738035042796,0.007608319188319689,0.006533074494309167,0.008007942323700445,0.006647120326371181,0.0029912891702104016,0.001458607891788274,0.002814793760869514,-0.00022880754090435454,0.0002897190481135749,0.0019548886919569827,-0.0009668940449425856,0.00022261677778131068,-0.0011880673082462572,-0.0008025767268856642,0.00297225764044425,0.00453100887126383,0.0007369221131795169,0.002854736317245943,0.00021949662981406262,0.0007089519812065001,0.0012222166468257105,-0.0011839978663851205,-0.0003857597708541086,-0.001069355596068502,0.010579542599162396,0.013377306394465814,0.009409214254507766,0.009984557722529245,0.007372257020928359,0.009115379473382819,0.008312410616456826,0.006210461203541527,0.008261021127401917,0.006043989732757973,0.012503327299860456,0.009011317052548184,0.010998401000097136,0.008695028562770863,0.007072306233097086,0.006560288005037846,0.03962823791943863,0.0067511543133325505,0.006651886021712556,0.005396604521489842,0.008152833976487738,0.005228801027851976,0.006731259705582431,0.011665088060752737,-0.008585377560111351,-0.008642991448853924,-0.009487102260014618,-0.007738894349254962,-0.009499374321281262,-0.007640682636404151,0.011564082618747085,0.011089673431053666,0.010462516701722083,0.013690578388126526,0.01044111738093476,0.01119107724663352,-0.00882805074307089,-0.009357019732678116,-0.00834355820975089,-0.009519485687176617,-0.008410118774433924,-0.008412292854240243,-0.007825008206434352,-0.008850798279159902,-0.008672385584711437,-0.008941943194739276,-0.00965791984893801,-0.009311592051842827,-0.009270285225216248,-0.007316647487711677,-0.00932385694590141,0.011331065119634666,-0.007795127242900438,-0.006475017649715308,-0.009049464512771176,-0.007965408885804564,-0.00876942805094313,-0.008654612988014107,0.011891268720929896,0.012268137048518419,0.010527792125033084,0.01298048542993181,0.01071435106972063,0.009806670593060863,-0.00607254663508736,-0.008206977570995769,-0.007992799341662632,-0.008212063320424125,-0.008835990705592715,-0.0058015535065485055,-0.005806848303719285,-0.005958517545743046,-0.00831339720586891,-0.008939551254240563,-0.008563203824526133,-0.010091760746575484,-0.009047262690287682,-0.008758892971000068,-0.009811390309753637,0.0013077274618421523,0.0016062254878341637,0.00035495235127587624,0.001910419659433909,0.0005858952853325644,0.00019990729083752427,-0.0034446642649098415,-0.005184500699049524,-0.005436306717132125,-0.005050952017347585,-0.005281179921607893,-0.0028708838406656173,-0.0035042224197092964,-0.0029712207081155203,-0.004759543355491305,-0.005913215406221338,-0.005069172727731393,-0.006019157480116317,-0.00579110060289474,-0.005250261204692038,-0.005694611483373543,0.0017970158018455855,0.0008583028616266435,0.0016414017791236647,0.0009403879062389491,-0.00023328884935764534,0.00214875158816991,0.0026348352766740156,0.0020390019318633885,-0.0001367398851152664,0.0010328362437251784,0.0007436606333846369,-0.0011876072343910968,0.001065304260323997,0.0006157016943865032,-0.0009563013310166164,-0.0024921154938192043,-0.0038973197990596776,-0.0027826475749889467,-0.005276551254862943,-0.005869523165426097,-0.004442942690127361,-0.006222409702519546,-0.006031632941635,-0.006227549950251929,-0.006088707168833652,-0.002854990757719215,-0.001492328694061312,-0.004701550470690361,-0.003168142771270972,-0.005089585392893954,-0.0048020665933918485,-0.005607727977531672,-0.006704887219382729,-0.006106954241827803,-0.006582654543114619,0.013840772719663878,-0.0058206123010174915,-0.005550246332836938,-0.006574618108911254,-0.005863376190837219,-0.006744884320550244,-0.005469136030135501,0.014403244090798286,0.014334744771150926,0.013530969359514927,0.01592200416787931,0.013475581811532595,0.013367749491097713,-0.0051442544240826085,-0.0057303589391333445,-0.005785321111250801,-0.006083134911613736,-0.005646140068089889,-0.004376573483376474,-0.004751725020738918,-0.004982099951874124,-0.005579737150663468,-0.006130499167332893,-0.005834299682828314,-0.006399930085037778,-0.006861735768587958,-0.00544209636433416,-0.006570141477172644,-0.002520230084590512,-0.0026322300085269107,-0.0030215787897788647,-0.00167788346219629,-0.003043455544887308,-0.002528996575861189,-0.008800138544167883,-0.009081401911892115,-0.009658505300985224,-0.00924381882803774,-0.008382225792292022,-0.007765917432941549,-0.008767768042647882,-0.008204133599911687,-0.008273273782380698,-0.009637991948745466,-0.008763085616064972,-0.008664677275081726,-0.009966595450481975,-0.008258862683936209,-0.008676920547310873,-0.00247779715091455,-0.002553768720873192,-0.0019442119683186151,-0.0026838817928225224,-0.0030006480080480096,-0.001670059262089288,-0.001399046533172642,-0.0020334706565628795,-0.003118923055629234,-0.0020593538310169045,-0.0023855332698911693,-0.0035022142895743827,-0.002271981832647889,-0.001912019238262672,-0.003524107611858788,-0.007422687152517059,-0.009159302379466992,-0.008010741458074155,-0.008829526948058252,-0.009590346974470847,-0.00813070205364199,-0.008906007413080912,-0.010102328156268957,-0.009235230347168298,-0.009068376856071137,-0.007612678600712717,-0.006215744522426806,-0.007795338570788139,-0.00837766553508296,-0.008549622801075197,-0.00823354104043983,-0.009075371418654828,-0.009214725599701766,-0.008587780156860965,-0.009543137359936884,-0.0008843093083435046,-0.00013355776972432204,-0.0016507227510508362,-0.0010331666485635278,-0.0014618559934141079,-0.002628188567885392,-0.004629961489902614,-0.006513834116641717,-0.007684384717581551,-0.006518902502429931,-0.0073888384763070684,-0.0037435561481576284,-0.005129376109322415,-0.0039002688284669315,-0.006496523489209401,-0.008012133177583385,-0.006251894919286552,-0.008024084719598552,-0.008119716187981466,-0.008079009916332047,-0.007744330383040762,0.0006891293767321035,-0.00039133012032493893,-0.0005805590421418889,-0.00038434291783549676,-0.002428963879784492,0.001435878073753752,0.0012302979154448742,0.0013923304166268825,-0.0018798005395749683,-0.0008391598903589314,-0.00015340800635028562,-0.003196654788320197,-0.0007609508512339919,-0.0023320931512502362,-0.0030074708235451925,-0.0026935079833332333,-0.004943867003270316,-0.0031333269800183734,-0.006464343601906235,-0.0070822904947706105,-0.004741142112282559,-0.007553240605753933,-0.007561663903072814,-0.00847760591904573,-0.00755832005944621,-0.003289242560255049,-0.0013512983964947618,-0.005576041726488036,-0.003722263585645334,-0.006717692478466878,-0.00573302501615897,-0.006500951647734462,-0.008805685104615503,-0.007291022264496696,-0.008913384104903752,0.0014518264236176332,0.0007579868061865941,4.666218983887961e-05,0.0008400803277757127,-0.0005792484026370671,0.002415796781869248,0.0014093985973051392,0.002306068968201161,-0.00011444858061596659,5.072193825908507e-05,0.0012561793895120533,-0.0009196424967818237,8.322031546832545e-05,-0.0006124665644881784,-0.0006883941220635612,0.011515659936901427,0.00899736268470159,0.011228845157110715,0.008530983466926725,0.0072978602977816255,0.009838553562364169,0.007842192038223353,0.007137996112293083,0.006701898387582789,0.007973989200797038,0.010633270154663232,0.013107411450474796,0.009705979786195203,0.01032390646542436,0.00818963301945399,0.009606618946250372,0.008165114319296245,0.006840379825325527,0.0085645814344117,0.006960792029115552,0.0031735172062781307,0.001396122897599379,0.002915378504353354,-0.00029141171924040366,0.0004724451342012044,0.002300377683877799,-0.000783922210476237,0.0003234113288546933,-0.0012507347868465626,-0.0007016921276104079,0.002909870743914654,0.004631465399797678,0.0006743791753384846,0.002710667201563073,-8.847429996570002e-05,0.0005644880274226309,0.001322930363418054,-0.0012466648700334515,-0.00028490708148769044,-0.0012141231227483624,0.010885574991048374,0.013930857810401988,0.00971569662491233,0.010297119477144574,0.0074357514417739785,0.00942831353255156,0.008868785715076915,0.006517858918278509,0.008817521383994461,0.006357847612900691,0.012815141655786347,0.009074743515919696,0.011310791103849492,0.008764846911773101,0.007385860682733269,0.04024696419919632,0.007147204250047185,0.007047954776489509,0.005793196495653953,0.008548291392653784,0.005625474335328305,0.007127272326076464,0.041147667903269645,0.04072739810205219,0.03970942668746432,0.04447139477293444,0.03965537252804246,0.0397857680582001,0.007814187775095285,0.006992685452646931,0.008989994079640051,0.006644751133229297,0.0073180114317444684,0.007963519941900652,0.009642352998384743,0.007365634005185921,0.007018074680211113,0.008041817642844208,0.006280640132735087,0.005964386517193975,0.007322946660698094,0.00896190098924629,0.00579671791752409,0.011958201795501255,0.011483980852964934,0.010857064277325567,0.014083803158063629,0.010835678881919166,0.01158533221593617,-0.008673326018605978,-0.009202205121678474,-0.008188895898537501,-0.009364644945777089,-0.00825546464696648,-0.008257630222002444,-0.007670433800084254,-0.00869606805272111,-0.008517692338715764,-0.008787187871958589,-0.009503057495981989,-0.00915680368749529,-0.00911547303669313,-0.007162160921337656,-0.0091690634524756,0.011999889504152888,0.01168255454623001,0.01418472812646465,0.011554136742530958,0.011484320861513771,0.012190428447114767,0.014358121391050608,0.011831648622183975,0.011003631314638992,0.013466295740025332,0.011241814473286905,0.010382696485195454,0.013256958503862616,0.013852959325680496,0.010361294895255151,-0.007543261518040823,-0.0076905071213835205,-0.008131393972983186,-0.008702718849393097,-0.008368290368206471,-0.008498857290970288,-0.009026773515840641,-0.008879598681870226,-0.0077664085344162585,-0.009189165855409716,-0.006763674212114894,-0.0069537942664014635,-0.008287036434563931,-0.007527983249324212,-0.007452596978083034,-0.008725460550948708,-0.008472530914713615,-0.008364380624145183,-0.009327538683043833,-0.008692474327508793,0.012285199365773276,0.01266189143164018,0.010922263356198308,0.013373950103547114,0.011108747699038241,0.01020147545435493,-0.005918294787612777,-0.00805235280415906,-0.007838199216212385,-0.008057436976755358,-0.008681256589622259,-0.0056473426963073075,-0.005652639169574388,-0.00580428814279166,-0.008158752222153174,-0.008784797352674414,-0.008408521682036365,-0.00993683112206558,-0.008892488135905725,-0.008604164267936535,-0.00965650642866719,0.01383693671635198,0.012529200400557293,0.014182765877257138,0.012535992751262603,0.010762383387805502,0.013969136737352431,0.015601731480064778,0.013925170400231687,0.010940076604115112,0.013322682385331217,0.012157793096638623,0.009397191671215105,0.013399126243938533,0.012095522663138762,0.009583987125672416,-0.004225650453596124,-0.005097091784993117,-0.004666129834489805,-0.007755484974275935,-0.007483203902716626,-0.006523783278277692,-0.00909352112086709,-0.007962817604605578,-0.008631591011479381,-0.009098616393276327,-0.004057712012480975,-0.0034966152958787146,-0.007483957861092427,-0.004491054041245785,-0.007242020412544779,-0.0076411746420768445,-0.007519549112587087,-0.009579067502713305,-0.009450109932956629,-0.0096868744356629,0.001950078539031666,0.0010115158106904082,0.0017944975876035634,0.0010935882808097144,-7.98873219480101e-05,0.002301762732914323,0.002787768447693673,0.002192025778566856,1.664787216840678e-05,0.0011860247882435125,0.0008968918005783728,-0.0010340635202412045,0.0012184881528227527,0.000768971533955486,-0.0008027909744121568,-0.0025843494478156636,-0.003989684885986024,-0.0028749061289374154,-0.0053690702380221975,-0.005962096465150087,-0.004535379868730112,-0.006315019840956771,-0.006124222024887762,-0.006320164121966261,-0.006181304695245401,-0.002947259815821044,-0.001584472827828333,-0.00479401698058442,-0.003260437710784815,-0.005182089359399725,-0.0048945405531719164,-0.005700278619932333,-0.0067975463200975516,-0.006199553968559695,-0.006675301187455832,0.003426418907235195,0.003141453804579786,0.0031683360620734674,0.0002078001437755599,0.001974653014158187,0.0023087370551736434,-0.0005299667037265684,0.0018258387842959793,0.000499600790070327,-0.00044775772635919405,0.004041792882927334,0.004273390987707897,0.0005601318964395078,0.0038427350919889684,0.0012922212812784162,0.00045023158347194355,0.002211927521449647,-0.00010973038288076042,-0.0006447879728878627,-7.722372357303934e-05,-0.002322510356621431,-0.000380508223595424,-0.004414409056781948,-0.002918695843361017,-0.005575977414382495,-0.004705546344377982,-0.0046159044552870655,-0.006753811707926497,-0.005572555135959392,-0.006916087530966357,-0.0009807323448495137,-0.004531571561413506,-0.0034124319903557957,-0.004845293473980293,-0.0064917754361985295,0.014796229955703205,0.014727751782134731,0.013924299186392628,0.016314333747678992,0.01386893179258068,0.013761136697765223,-0.004990094342298109,-0.005576099882522569,-0.005631044063218459,-0.0059288169206914865,-0.005491911830698588,-0.0042225313654843935,-0.004597622190553478,-0.004827962099308334,-0.00542551952567145,-0.005976165986030517,-0.005680023161021796,-0.006245584492387704,-0.006707268611561589,-0.005287888106692478,-0.006415764011839664,0.01590413314429038,0.0155301317242777,0.01722296570656583,0.015394759527382104,0.01432363905314112,0.01652249286291315,0.01809636598761869,0.016237724173508602,0.01424887623875409,0.01695023361827135,0.015603241364486545,0.013451317006270072,0.01698240966603562,0.01608395830990508,0.013395926796137981,-0.002798662745875494,-0.0039373603828653965,-0.0035854359580508523,-0.005019602628009107,-0.004573130672487231,-0.0036953778320134773,-0.0054016960796770715,-0.005384171096527993,-0.005209890037269257,-0.0057543076709415395,-0.0023020061354364772,-0.001820100006374345,-0.004252063552171768,-0.0033559159301767023,-0.004380635704533042,-0.004857475951264144,-0.0040545306691048,-0.005554820769170699,-0.005505588177173528,-0.006285477213224023,-0.002324052710736016,-0.0024000118871646105,-0.001790548432081629,-0.0025301065403415734,-0.0028468257679982556,-0.0015164355579871203,-0.0012454690047265149,-0.001879795311935156,-0.002965083869585067,-0.0019056737207239593,-0.002231803767993158,-0.0033483182642799077,-0.0021182692024230136,-0.0017583657206135458,-0.003370206101728759,-0.007515404278755924,-0.009252183408155182,-0.00810351166092598,-0.008922366296642312,-0.009683272844169269,-0.00822348763658627,-0.008998854270789971,-0.010195304540951348,-0.009328112971168652,-0.009161239380319638,-0.007705416370093847,-0.006308353033613326,-0.00788808351620732,-0.008470475935339993,-0.008642441804963477,-0.00832632650632586,-0.009168250556753747,-0.009307606831014904,-0.008680598424003986,-0.009636052725309817,-0.0004244397589136833,-0.0008865576183200027,-0.0008955328418031501,-0.002810601641302532,-0.0011107692001963087,-0.0008115780592808406,-0.0028803729555675808,-0.0014040571208385336,-0.0020247094150461008,-0.0030105218204317524,0.0005119863922666815,0.0007083210961585387,-0.002002629843264553,6.785016798254357e-05,-0.0014857403469114906,-0.0023661406759356188,-0.0004208624844250884,-0.002139857009311818,-0.002712083752820068,-0.0023524965966867225,-0.007073710058972018,-0.005094536911942215,-0.007544833562651165,-0.008021284702030871,-0.009033903510128083,-0.008132922155921027,-0.007974161380110353,-0.009259983909327633,-0.008048336944881457,-0.00977172917532988,-0.005473779839811297,-0.007487566743776336,-0.006337820920265549,-0.008252409343414585,-0.008745231122676913,0.0008423570450786204,-0.00023792685067293328,-0.0004271220996723324,-0.00023094197420919698,-0.002275226508936284,0.0015889900079000346,0.0013834264898900418,0.0015454371910661807,-0.0017261503911511304,-0.0006856861067520164,-4.6999034712787285e-08,-0.0030427994703033723,-0.0006074962098966411,-0.002178367219163629,-0.0028536448097473115,-0.0027857570418473782,-0.005036322252894285,-0.003225615224985304,-0.006556969659431937,-0.007174972486217902,-0.004833601503793512,-0.0076459732446753186,-0.007654396611794118,-0.00857042690539502,-0.0076510536437298,-0.0033815376539251445,-0.0014434227228513775,-0.005668586165498399,-0.003814594961697841,-0.006810338739609526,-0.005825580615862836,-0.006593578530337725,-0.00889854119647114,-0.007383732188369339,-0.009006252589499981,0.003466330540204702,0.002457605876166284,0.0032417467111463126,-0.0009019887917679582,0.0011277908018213147,0.0024348383439398353,-0.0017814764361085771,0.0011247579279412758,-0.0017251746725065347,-0.0017744672941430754,0.00416515024421463,0.0049779670395326495,-0.00015391026840659997,0.004490649617412048,-0.00011427209581510437,-0.00019741169168652472,0.002527901959054288,-0.001984081776448195,-0.0015431423262754508,-0.0019057203867537096,-0.0018759033483582359,0.0006386812400396549,-0.004616180417514192,-0.0026780449549581122,-0.006624496358610785,-0.005056956242377082,-0.0038434922066364102,-0.007967731599848583,-0.005871054104384729,-0.008447634742493812,0.000349523130797556,-0.004966434381445403,-0.0032709438497265644,-0.005400252480461875,-0.0073858115116034765,0.003081793597087522,0.0013042367315336408,0.002823634912816016,-0.0003834686869205726,0.00038046838939207974,0.0022085726358346677,-0.0008760237908931445,0.00023142128283726987,-0.0013428822987304172,-0.0007937861414587033,0.0028181248367768388,0.004539875146049689,0.0005824097081432886,0.00261890974143693,-0.00018051306297930904,0.00047251092008484305,0.0012310353080808153,-0.0013388116942692554,-0.0003769631127435868,-0.00130626714516231,0.010551859267239087,0.013598136999630193,0.009381461805621275,0.009963209854157405,0.007100769886956385,0.009093990029219484,0.008534314748440497,0.006182548130559613,0.008482974647807989,0.006022480020912398,0.012482077171476017,0.008740312731247986,0.01097708367058476,0.008430322784399431,0.007050836405538464,0.0038605983099958773,0.0062010280557111405,0.0013416593962071515,0.003480582808082622,-0.00019380630905887965,0.0010830773770968253,0.002829445525896263,-0.0009164407075322054,0.0006691050088763482,-0.0010656934980044614,0.005981485252287868,0.0013226277753530088,0.0028025209836825787,0.0011231903212259831,-6.461845195651748e-05,0.013753945338111116,0.008993184317709632,0.011802572679540031,0.008403441866406663,0.007755439157308996,0.010927057751971607,-0.004490532017157769,0.009403403157477914,-0.005156022945050105,-0.005063154299036876,-0.006254867520515812,-0.004293136039979401,-0.005986034317235736,-0.004070012658073282,-0.005440647874410627,-0.006892591870017348,-0.006701228993617759,-0.007537815363485031,-0.006272499519182414,-0.00718092485109858,-0.00486769484820695,-0.006435543777745175,-0.006698500703445765,-0.007330673463818868,-0.004933869620550473,-0.006987230348516483,-0.005675566506324596,-0.007767701378521759,-0.008279774734480256,-0.007714420733217958,-0.008084329259390887,-0.006470797874787551,-0.007069943369389299,-0.007003183120681175,-0.007195238320648427,-0.006483664931623884,-0.008062394818162235,-0.007968804552073121,-0.007115694151354278,-0.007927957990502934,-0.005604211242493521,-0.0067589875634084156,-0.005880720265020723,-0.006152598153716757,-0.004683620988093543,-0.007091398144696118,-0.006439633169750922,-0.006485414478318598,-0.005944827932932668,-0.006214764963129589,-0.005763154136067081,-0.007374833327611704,-0.005800634460535612,-0.006861009439303235,-0.007186505780966105,-0.0051436536736905025,-0.007193018679793224,-0.007316162657813183,-0.006822908417690955,-0.006944457353961454,-0.004559338013471938,-0.005179941046828445,-0.004506386258505829,-0.006271233337646577,-0.007977766355357704,-0.006914023747962013,-0.007884080646140434,-0.007590463747005462,-0.0069845950133595154,-0.0072775516485742535,-0.00319509178956214,-0.0026873268863541327,-0.003915328820074607,-0.002857067036875186,-0.003341029824025473,-0.0031834818780876674,0.010993166648395215,0.0093204032612221,0.008932125136117791,0.009752873876864647,0.010053890852620734,0.011846891027061154,0.01098213005371156,0.011975147161875086,0.010800265944265258,0.008748356982810684,0.010024488952965576,0.009588456682816509,0.009212027046264571,0.010143885233040849,0.010191122854069949,-0.003418142801827594,-0.00432287408488708,-0.004007099859972786,-0.003909381655758203,-0.004497046717694536,-0.0028008390179880827,-0.002941100595752171,-0.0026840842559395692,-0.004192051625925349,-0.004413819531497212,-0.0038717737928034048,-0.005218269807261751,-0.004035827177088362,-0.003912176165608547,-0.004643169561561588,0.011332635550284109,0.009767420465750553,0.011290959850467727,0.009435204005388293,0.007885099419643467,0.009692645521170254,0.008542144815765965,0.008116856576788758,0.008396936045396437,0.008974990364513128,0.011081971067728692,0.012879333846943609,0.010290551500766673,0.011001748806718458,0.009667257762559452,0.010419039388689483,0.008768194321133165,0.008213055136650115,0.009246851635793196,0.00867702564296532,-0.003751319577693728,-0.004561979237130374,-0.004099489631777218,-0.005043344255272126,-0.004672646001299295,-0.004774823714349091,-0.003107349475576313,-0.004122049858545371,-0.00408387482728059,-0.004823935869280522,-0.003338359411212295,-0.0045653163925671175,-0.003985886561002274,-0.004596761367304803,-0.005182152201211455,-0.005543958580531943,-0.005108010672641045,-0.004141424533037767,-0.0035572481002369353,-0.004457184724795432,-0.0038402442446732496,-0.0038826445839425035,-0.005706824320433546,-0.004701943209308485,-0.0046225353638252985,-0.005769550108854888,-0.00400558975348003,-0.0043541537615706645,-0.007474144726311323,-0.007366497969791113,-0.007751740273413837,-0.00690849946026832,-0.007408157981270836,-0.00634287059178218,0.005313326045343727,0.005052669958972071,0.004371984753695262,0.0052455637992219325,0.006593065880516679,0.006611707257227451,0.005440420711026063,0.006488193219885403,0.006945895870344109,0.004639092096654542,0.005969589645135644,0.0065657124949369365,0.004771906094249267,0.0068214304513474055,0.006917758356958182,-0.008149793734443826,-0.00820995353581256,-0.00810082345023864,-0.008016368122834652,-0.007709484943628572,-0.007084100962948146,-0.0074442923165049515,-0.007199723950261418,-0.007608031814038266,-0.008051903413943852,-0.00752150734702771,-0.007987133718204148,-0.007927310882074583,-0.00689660522232588,-0.00764348113339579,0.006046388767478836,0.004181692222021842,0.005763179993993443,0.005527571250758866,0.003735206131286426,0.005599433269717177,0.005468149981744159,0.003675395842885976,0.005032012411571505,0.0056609431530121705,0.005955210170834933,0.007811008823378336,0.006825595001033991,0.0055419830446801766,0.005898613482683683,0.006702116249852381,0.004821975141942794,0.005298913795895155,0.006384586107577115,0.005431629266528387,-0.005892815934504109,-0.005071370926293463,-0.006434944255690619,-0.006249867496652341,-0.005921599333859032,-0.006493639893484258,0.009293857306771514,0.007521187303022863,0.006403246749272072,0.007885832976359058,0.007524036235641646,0.010476685078152866,0.00887134224555966,0.010528823987804232,0.00855223477714601,0.006360973491029483,0.008404634254572071,0.0072071154504482725,0.0067424198361793995,0.007097109216623221,0.007804397168270581,-0.005192314468294439,-0.006196823246691043,-0.00678994341562317,-0.005878120870295276,-0.007198611722292045,-0.00421246429207235,-0.005217412112422153,-0.004169345642889022,-0.006580108643576569,-0.006969372837457976,-0.005531996896835725,-0.007741512662471569,-0.006672036444470324,-0.0073089844791617365,-0.007227437866224661,0.010542363946388694,0.00817431001003249,0.010362766691693765,0.007732698814183385,0.006138730609866882,0.008713672930024018,0.006741347151579175,0.006195601024797775,0.0058664841872469,0.007106316275120255,0.010029751606985278,0.012376370718336898,0.008917783901809277,0.009759165116425184,0.007553088200220848,0.008970023511519947,0.007264978231387028,0.005824165446196842,0.007625570545537519,0.006205864867653456,0.009234566839450111,0.008584813040453696,0.007741307610376513,0.008993032667474405,0.008171351950323855,0.010451428289197292,0.009159329288656199,0.010566646077464449,0.008837686323418898,0.007948128105550758,0.009637917649087144,0.008067573457414028,0.008321452568044936,0.0082017163755478,0.008635263478017541,0.03770284821385713,0.0353387098994699,0.03766222296461786,0.035627113951982155,0.03374840253365876,0.036349317347194855,0.03499496041838702,0.033973999574047946,0.03401256857805445,0.03541655395929614,0.03721012373017018,0.03979897608876608,0.037051199926966524,0.03713191051006619,0.03560478255800496,0.037176433377990356,0.035200850257438035,0.03442600262447272,0.03627273313706471,0.03487745322323593,0.010259273576934062,0.008233020227272066,0.010215585239518259,0.007749684877324207,0.0073752551195669,0.009640344235034168,0.007299514690972378,0.007556836373993342,0.006698636688426805,0.007708309442888285,0.00993978429338083,0.012178009511116082,0.008968560335672025,0.00984968000660157,0.007917848274424088,0.00908396995096712,0.008639444157861243,0.006905696198392675,0.008354102249823516,0.007279457843517597,0.03653289748518484,0.039638046802169896,0.03619471254335264,0.03622909694485592,0.03406358358640141,0.03615401446066943,0.03475872706560944,0.03322880952695653,0.03559449266336536,0.03345455046878477,0.03890898411648058,0.03593803900362632,0.03829469244004212,0.03585970393351263,0.03468216237781519,0.009798366415358755,-0.005001856159798952,-0.004909007438299324,-0.006100532006755674,-0.004139099555157666,-0.0058317389528241195,-0.003916027461899805,0.00979718268533279,0.009470558170750964,0.008496969310315064,0.011899313683584909,0.008752177227544011,0.009566612135302584,-0.005036633910563785,-0.0058691308061913266,-0.004639998416630898,-0.005794942729692247,-0.004581072281412805,-0.004612826554954282,-0.0039237866009109645,-0.004896137993535404,-0.0046919400979085054,-0.005419395756342479,-0.00600565315382099,-0.005679166728345658,-0.0054820917378863715,-0.00347248746134355,-0.005410512842439097,-0.00628119311703109,-0.006544108258325812,-0.00717618817391189,-0.004779749671413079,-0.0068327969544622,-0.0055213358172514155,-0.00786044816172889,-0.008372572893272895,-0.0078071709021755595,-0.008177109554157248,-0.006563422252371848,-0.007162625667334935,-0.0070958641912818145,-0.007287932754357095,-0.006576289864384293,-0.00815517714972826,-0.008061573765866439,-0.007208374780972429,-0.008020728447628163,-0.005696758267169824,-0.0068516364359206185,-0.006956044589626788,-0.007263291990144562,-0.005599282590020903,-0.00706989442155441,-0.006516285826883677,-0.006508907215423418,-0.005314342043542763,-0.0066244680144780695,-0.00678547380424721,-0.0061675675051145835,-0.0071932119497818735,-0.007411462990418398,-0.0060432132966818305,-0.004767935369186955,-0.0070680015350394225,-0.00736494704224378,-0.007999187732267675,-0.007651907421152782,-0.007642567970880141,-0.00869931908399724,-0.008065915091374278,-0.007950009744194837,-0.008759919288614639,-0.007137704927260221,-0.00775464924520084,-0.006821357727669257,-0.006194078538900765,-0.006944939206860436,-0.007240118335176405,-0.006631122720107113,-0.007070210201816433,-0.008217430801585606,-0.007485440775897066,-0.007639176617555546,-0.007351092563747536,-0.006060466094125271,-0.005608928057603711,-0.007220355884921393,-0.00564639069645563,-0.006706610943336249,-0.007032037505639932,-0.005236132441583199,-0.007285710716914175,-0.007408870262032784,-0.006915565834068804,-0.00703713575789376,-0.004651761319123262,-0.005272426544154844,-0.004598804538875199,-0.006363846765597711,-0.008070538321512374,-0.007006689794652378,-0.00797684509947026,-0.007683197888399876,-0.007077280578058591,-0.007370258931618213,-0.0053598437569786555,-0.006611489672903093,-0.005815857806957924,-0.00629265559088845,-0.007366497309704632,-0.004996109262235177,-0.004614573058862751,-0.00495295018850034,-0.0071185632572059315,-0.006612442803404464,-0.006563659599872826,-0.008528039718694825,-0.006315210262292842,-0.006704813301461881,-0.008013564024842572,-0.004215599952924118,-0.0056094308267583435,-0.004397954768105016,-0.0068247742331144145,-0.007924822334790919,-0.006322384655551749,-0.008078566187804993,-0.007867293878431922,-0.007954450684941933,-0.0077080903084306976,-0.004342744250891377,-0.002969307384915893,-0.006239264412465015,-0.004617531681439195,-0.0066141173032452346,-0.0061862044608729,-0.007400213622074502,-0.008616559800256735,-0.007799296671608785,-0.008228960300397454,-0.003510470920237342,-0.004415288001728694,-0.004099488935985739,-0.004001757547059825,-0.004589490140338134,-0.002893110813460998,-0.003033389410620916,-0.002776345272353885,-0.004284468539180678,-0.004506246341777815,-0.003964146410750319,-0.005310777071785252,-0.004128219026974993,-0.00400456788474102,-0.004735624855368678,0.010999048597864233,0.009433317091065404,0.010957359476163287,0.009100869795004858,0.007550275897749029,0.009358421319215413,0.008207501866582314,0.007782113190793553,0.008062249617382309,0.008640491204760294,0.010748313968668545,0.012546258006926263,0.009956507679671187,0.010668065940992375,0.009333008320083765,0.010085036600129415,0.008433668417292805,0.007878308981136336,0.008912447398485582,0.00834244016831543,-0.0027187488375529137,-0.00360157853557355,-0.002762864697131208,-0.005016546445679942,-0.004716558224291072,-0.0035923228538988087,-0.005718946238855588,-0.004532718181967468,-0.005156056088984951,-0.00530482906552295,-0.0024891307697697553,-0.0013894385917213594,-0.004398161809484239,-0.0025802331739364684,-0.004292245484833863,-0.004281200436995645,-0.0040526958544941415,-0.005563294457091953,-0.005267167180841944,-0.005184821393768359,0.010416813219634129,0.012743947276891961,0.009441117288384124,0.0101047534553133,0.008115928988227012,0.009399352215826804,0.008344603951505394,0.007014219210144001,0.00858019795380682,0.007246206621161139,0.012250981659959076,0.009433103514721534,0.010991205804865505,0.009352728402698414,0.007898171327090468,-0.0039680538024332605,-0.00392988131834717,-0.0046698308746701,-0.0031844805825014927,-0.004411251047470841,-0.003831915144686164,-0.004689217992918477,-0.005274667452687375,-0.0056365112571964,-0.005200519566085706,-0.004233833048595832,-0.0036496078717957706,-0.004549633222163702,-0.003932631820459483,-0.0039750304251728414,-0.005799394912165067,-0.0047944145031365935,-0.004714988084255609,-0.005862129376683815,-0.0040979905496126776,-0.00444658245101578,-0.00371851382013177,-0.0040997616873260645,-0.003349795399741431,-0.003994441724549849,-0.004202665627968504,-0.0029002806436621573,-0.0026043193512473887,-0.0031108212283362225,-0.004170712015795675,-0.0036479554597767944,-0.0037683368914007915,-0.004904590674443145,-0.003597118735342478,-0.0031727256150404443,-0.004645957072661231,-0.003251040010449147,-0.00488274462355885,-0.0037280949508632054,-0.004472211175500651,-0.005650251673084195,-0.004107798369692179,-0.004853732736231812,-0.005940506859951372,-0.004968709075401404,-0.004779621933327669,-0.003120431088016119,-0.0018043729276233142,-0.0034328913043799067,-0.003843070576325701,-0.00408621184713167,-0.0037158328710226196,-0.004875658694504834,-0.0051314455719232745,-0.004373732596840762,-0.005194110546632033,-0.008242573183304383,-0.008302738010349336,-0.008193601285952583,-0.008109134054943163,-0.007802221401335669,-0.007176783361264992,-0.007537011493713966,-0.007292416494916931,-0.007700758918128208,-0.008144677543854176,-0.007614228340596224,-0.008079893955848004,-0.00802007338537202,-0.006989269066555991,-0.007736210199451315,0.005710926966050809,0.003845607687167863,0.0054276244155825985,0.0051919568237618,0.003398953767660354,0.0052638055077060715,0.005132517484862697,0.003339122213572305,0.004696234501368995,0.005325374828371441,0.00561972566645909,0.007476131746794414,0.0064904174218660795,0.005206353895083774,0.005563122935794612,0.006366895099128802,0.004486087550723263,0.004963225702361345,0.0060492627469168544,0.005095983859377885,-0.007050624378086897,-0.008145340044954024,-0.0073163078922850126,-0.008484285837961058,-0.008393340310543904,-0.007278499506793862,-0.008538249778693167,-0.008422443355485374,-0.008181658806157115,-0.008344603716025354,-0.006570924400431922,-0.0054803590260903805,-0.0074182793981687305,-0.006916939902429851,-0.007531307913064843,-0.007533935037073753,-0.007442141285671071,-0.00813273679490907,-0.007849596607310435,-0.008008137326140528,0.0052494583367458545,0.007638002138525793,0.005925063749073583,0.004643375399679537,0.004304624045737439,0.005641838221897039,0.004400359376419377,0.004059733604956616,0.005679177472032465,0.003999950418001978,0.007293160381910542,0.006077815219212522,0.007689788451799974,0.005664665982294104,0.005146031111023308,-0.005284808004096974,-0.006289412929813226,-0.006882591428545057,-0.005970680970617597,-0.0072913047261566315,-0.004304866685084728,-0.005309909567086497,-0.004261743257604838,-0.006672747111252937,-0.007062039487041805,-0.005624525142460331,-0.007834255868691352,-0.006764674965040273,-0.007401691211739469,-0.0073201336580032425,0.010208511911797634,0.007839682888413163,0.010028852388090304,0.007397794240990649,0.005803322271551693,0.008379117387148192,0.006406096667091638,0.005860208223347141,0.005530962354436507,0.006771190150577824,0.009695774747593762,0.012043134179965156,0.008583283361743731,0.009425091540444443,0.007218149121078455,0.008635541040719336,0.006929953878518343,0.005488617657186803,0.007290618267720434,0.005870452906623382,-0.0034853220301262018,-0.005266457687936657,-0.003636324387261665,-0.006793886289342492,-0.006535478244581904,-0.004516220852016765,-0.007595778933492329,-0.0064658746148645654,-0.007942458428817188,-0.007276590807470885,-0.0035201762135487267,-0.0017731625224340175,-0.005812290029581456,-0.0036814004601660654,-0.0065720017279383355,-0.005769081246316369,-0.005417063511655996,-0.008122141507078339,-0.006929943438465753,-0.007824419060500009,0.010004289121094231,0.012879489731737925,0.008649090861307057,0.009410288647230184,0.006519722446403278,0.008469083272645672,0.007690689787188337,0.0052661647237622605,0.007600030167931076,0.005323080908738108,0.012368452422135207,0.008378969126414981,0.010487171568359448,0.008107818467006766,0.0063935172638541335,0.0099252833677836,0.007898360104568696,0.00988158399275922,0.007414796887336551,0.00704029353398522,0.009306137048000266,0.006964483251080351,0.007221937083409464,0.006363410896604849,0.0073734150933593545,0.009605699657118,0.011844654354194899,0.00863407997373919,0.009515568654753835,0.007583023144323897,0.008749528443518118,0.00830490778567901,0.006570539225792549,0.00801942428947294,0.006944426946793093,0.03597119704720302,0.03907800036440549,0.035632537491410834,0.03566722038312454,0.03350028406105031,0.03559181705015237,0.03419586046978991,0.03266500934977328,0.035031953290953884,0.03289088347974419,0.03834864286282902,0.035375821778949657,0.03773370637791335,0.03529744379621896,0.03411919661583499,0.009608125994958343,0.012419801410631832,0.008441539127685308,0.009326378348645612,0.0066550972909471,0.008397783241501915,0.008590997247872025,0.0059967913386170645,0.008021846037538426,0.006178651035359869,0.011904067542460825,0.008364866931711238,0.010364060129157209,0.008274621280645409,0.007262883873461355,0.0384232043231382,0.03469710751044687,0.03757236380803741,0.034392634642828705,0.033676549474169565,0.03707839159624425,0.009370518824217492,-0.004945725519583205,-0.00509951612394494,-0.006044336551267112,-0.004329474198282079,-0.005775249664280925,-0.00410633940351656,0.009369335216358304,0.008799331793849298,0.008068550631557203,0.011229831037243839,0.008293631953320418,0.008895481889017311,-0.005227165065426693,-0.005812948588799137,-0.004830466226448704,-0.005738455424558192,-0.00477150566969213,-0.004803276438523646,-0.004360564347874021,-0.005086337018515579,-0.005129020766879544,-0.005610015240979245,-0.005949152891904638,-0.005869805087768661,-0.005672419876680708,-0.003909041287840625,-0.005600793690963105,-0.006285116178221928,-0.006795071041733116,-0.007180111807448453,-0.005030275116825905,-0.006867502726993427,-0.005772038915797609,-0.0076612317829207344,-0.007925851737943556,-0.007607947419993468,-0.00773016029479967,-0.006364472884490893,-0.0069635500008815255,-0.007143932930069942,-0.0070885177145838365,-0.006624331128019406,-0.00795588348549578,-0.007614678532122871,-0.007009302552953983,-0.007821145734916735,-0.005744761899964828,-0.006652321865358085,-0.007207106781498515,-0.007267215740771753,-0.005850011314577003,-0.007104608961162777,-0.00676723315092525,-0.006759862753126442,-0.0058118078936599225,-0.006906235111934716,-0.007283639048102645,-0.006418438739812219,-0.007227931334161067,-0.007662626372183245,-0.006324817079825574,-0.005265106395560361,-0.007349880659534148,-0.0071658295599414615,-0.008047296265017974,-0.007452419088173133,-0.007690655711670496,-0.00849991527656152,-0.007619013564978668,-0.007750788523197075,-0.008560185560593684,-0.007185772007382903,-0.007555152791255559,-0.006869413137261964,-0.005994881845526992,-0.006992995721605345,-0.007287879797688738,-0.006926240746995796,-0.00711795963806655,-0.008017807894278564,-0.007533523417999115,-0.007439704631487706,-0.00739885571071238,-0.006064388541274276,-0.005859623381991166,-0.00722427917863514,-0.005897114650763318,-0.006741308580188319,-0.007283121999481505,-0.005037500011450718,-0.0068395038049146855,-0.007209739462701514,-0.006469215556073877,-0.006838068852342009,-0.004453249856917101,-0.005320399602122784,-0.00439999868929157,-0.006411882733445194,-0.00787126718857345,-0.006560297433482755,-0.007777590399544381,-0.007483695201505839,-0.007125351706623797,-0.00717081578642504,-0.0056104747438097445,-0.006615412538068678,-0.006066624775614718,-0.006327337989490306,-0.00761766247398204,-0.005246648407965911,-0.0051116239745327904,-0.005234195144491445,-0.007616922163283111,-0.006863412066925436,-0.006598352031458638,-0.008779492094622286,-0.006596876067952302,-0.007202981919751346,-0.00829572413598987,-0.004017174425909471,-0.005657419376049585,-0.004199186582295761,-0.0068728301625602655,-0.007725581811301193,-0.00587629980667648,-0.007879290683643974,-0.007667748273387602,-0.008002561130615923,-0.007508576338739561,-0.004390672317593469,-0.0027708317623406694,-0.0062872933378023904,-0.004665166781864643,-0.0069092548715472876,-0.0062339204005204705,-0.007200768670830164,-0.008664701566632434,-0.007599763596451915,-0.008276767395537628,-0.0033721079873064797,-0.0040304102166965105,-0.00396103273137584,-0.003647701601542122,-0.004450950893050896,-0.002754834298065292,-0.003141197228398419,-0.002668711440294622,-0.004392421919400393,-0.004367732261440026,-0.0036101029260965432,-0.005172139795978336,-0.0040204355985515245,-0.004112492747125382,-0.00462776877805788,0.011536858560982294,0.009729024137048254,0.011495452384875733,0.009396778901481025,0.008090055979133582,0.010140466206673594,0.008746995298625286,0.008322035995977034,0.008358463430717113,0.009180023790416002,0.011043634913754149,0.013083511712007412,0.010252165557473266,0.01096367218160438,0.009385753571244207,0.010380923754616729,0.008973243252263322,0.00817457441162545,0.009451828055037364,0.008638836022402644,-0.002580496806774009,-0.0037094450363346116,-0.0026552333062048357,-0.0051245743405352005,-0.0045780131152471926,-0.003238407909331498,-0.005580250531383442,-0.004424891436751987,-0.005264101010080003,-0.005196913647974814,-0.0025968804585088556,-0.0012819476697640154,-0.004506125757650722,-0.0027186198439150154,-0.004646725549499201,-0.004419846758778404,-0.003944919359778471,-0.0056713822086411295,-0.005159255505543426,-0.005323597304192149,0.0107122313526879,0.01328110089890334,0.009736923730075868,0.01040052791412332,0.00816872948770618,0.009695436887500766,0.008884224356334602,0.0073107345776544305,0.009119759015035218,0.007542925065298746,0.012546126334965066,0.009485842322610578,0.011286831256190058,0.009405738123229597,0.008194699723766028,-0.003971975203760347,-0.004180203931683317,-0.004673752815869046,-0.003434619145903897,-0.004445868486731042,-0.004082202156299056,-0.004490634849838867,-0.0048293178391023905,-0.005437718821588393,-0.0047548943414531305,-0.004035354674248563,-0.0034512360347150766,-0.004597589371597126,-0.0037338957708661974,-0.004022955887014221,-0.0056005634834570455,-0.004348972669358051,-0.004516413246881742,-0.00566297011258056,-0.004145923381026969,-0.004247755069105544,-0.0039687830220087456,-0.004103683251132245,-0.0035999749594485364,-0.004029043706283739,-0.004453043716097964,-0.0031503475796511317,-0.0031004482631499515,-0.003391595414249211,-0.0046675981407606265,-0.003898213190426835,-0.003802930441543595,-0.005155143668450758,-0.003878037235873748,-0.003669123851994762,-0.004927158708778242,-0.0030527452800934085,-0.004930715909011741,-0.0035293980666565657,-0.004520158498431283,-0.0054514522607450626,-0.003662666456405435,-0.004655128427009226,-0.005741332641991931,-0.005016680696013489,-0.004580725570819634,-0.0031683195771471133,-0.001606070232522624,-0.0034807916893535044,-0.0038906906834698515,-0.004380597485865694,-0.0037634431147684213,-0.004676713383189825,-0.005179425959562043,-0.00417491933093313,-0.005241787432487017,-0.008103518421827438,-0.00791630437173166,-0.00805454910199256,-0.007753592508076519,-0.007663232508876934,-0.007037877529142175,-0.007645307339798722,-0.0071842893943440825,-0.007809063488553524,-0.008005631073571334,-0.007258857907033639,-0.00794086851768121,-0.007911866311472499,-0.007097502067034592,-0.00762804149270951,0.00625172352737959,0.004143030306682185,0.005968847044363311,0.0054889725159731504,0.003941009062025032,0.0060491165537926266,0.005673585296585414,0.003881493952320662,0.004993391520435587,0.00586661757696482,0.005916629271888017,0.008016268859083681,0.006787055285714205,0.005503660807357696,0.005616038481751514,0.0066638455792042035,0.005027841611252648,0.005260305041249595,0.006590113519448535,0.005393304698419585,-0.006911735017113422,-0.008253699594554194,-0.007208178616560261,-0.008592671393422463,-0.008254256433396254,-0.006923242922725588,-0.008399157468612323,-0.008314193508974523,-0.008290016998276683,-0.008236370766387547,-0.006679119225021932,-0.005372418618883475,-0.007526555039676375,-0.007055960451073968,-0.00788690855112703,-0.007673033113978831,-0.007333994983669759,-0.008241090818484766,-0.007741414982533645,-0.008147307476620876,0.005546472563269969,0.008178061570435885,0.006221867602870886,0.004940849830146385,0.0043575971760403225,0.00593899999606416,0.004942155254642759,0.004357076555787022,0.006220232662687067,0.004297593153891422,0.007589854200772462,0.0061307057866827105,0.007986358244491657,0.00571785403846788,0.005443337226638896,-0.005146191387237351,-0.005903797065339157,-0.006743738089536538,-0.005615923462795472,-0.007152382625770826,-0.004166389853524032,-0.005417953685533564,-0.004153953403701332,-0.006780951502842088,-0.006923157631884828,-0.005269888940388716,-0.007695256757589305,-0.006656609699767064,-0.007509972963314072,-0.007212002831853034,0.010746743869694627,0.00813584270427192,0.010567447643741415,0.007694196626561519,0.006344033276380164,0.00916193327601486,0.006946557283620625,0.006401170179900516,0.005827898395161118,0.007311725910583402,0.009991371591533894,0.012580644918060038,0.008879336178918685,0.009721038566735807,0.007270988874351223,0.008931846906503626,0.007470326181950304,0.005785576382875248,0.00783087587067981,0.0061675702806642425,-0.0033469610759236054,-0.005374497383959894,-0.0035286006591793385,-0.006902102115351364,-0.006396672917342138,-0.004161980218853176,-0.007456813102597381,-0.0063578418695284114,-0.008050797273727924,-0.0071684644562735565,-0.0036280234069743372,-0.0016656357130843446,-0.00592040231699136,-0.003819927022523944,-0.006927276453524492,-0.005907936387010935,-0.005309148518956419,-0.008230501575204361,-0.006821853549619876,-0.007963571679275918,0.010299796858955086,0.013416556836291418,0.008945127261522336,0.009706250122509226,0.0065725949886033174,0.008765442880938671,0.008230617857210576,0.005563186348169244,0.008140122154702892,0.0056203669399462735,0.012663505772864136,0.00843175138664289,0.010782937635097063,0.008160884964001705,0.006690481183546074,0.010404611744516823,0.008135292294834357,0.010330767609803743,0.007651887183781527,0.007520996684780495,0.009998554730905196,0.007445286138918857,0.007672295998133039,0.00660073333952597,0.00782376920606611,0.009842235774945345,0.012292992962651446,0.008870889798374816,0.009721942116507948,0.007576546504878326,0.00895609651499411,0.00875479184754143,0.006807814327684196,0.008469495277503564,0.0071513370732644264,0.036554257979154084,0.039895326746078374,0.03621608204603445,0.036250650745120565,0.03384779825041524,0.03617557874531998,0.03501718375861099,0.03325016145308723,0.03585281936996153,0.033476105588432115,0.038930543879674435,0.035722718262396064,0.038316262110188105,0.0356445610663712,0.034703720425151525,0.00984466287786781,0.012867888579938147,0.008678393731247227,0.009532789358186975,0.006648608465469537,0.008604418048189101,0.00904075011185061,0.00623420139857798,0.008471918483244797,0.006385712227388506,0.01210997446250396,0.008358400664901525,0.010570318763698407,0.008237914564925779,0.007469733720335876,0.039005064882346584,0.03504422674662872,0.03815501785124522,0.034740053520128725,0.03426132328094277,0.03742492518554557,0.009764314130319888,0.009194545434548045,0.008464048579623245,0.011624027773143008,0.008689042982496106,0.009290639314185835,-0.0050729945892800474,-0.0056586803291245906,-0.004676347995529852,-0.0055841981978359935,-0.0046174154384604075,-0.004649172780691126,-0.00420652484610541,-0.004932187369940372,-0.0049748735912358705,-0.005455772336712639,-0.0057948634786417885,-0.0057155462632161895,-0.005518162947603503,-0.003755081253105978,-0.005446575412237251,0.009767687248263409,0.009391550969377957,0.011824974644612163,0.009465103695250499,0.009289455761014549,0.009967699949333005,0.011953095125295346,0.009729552151303668,0.008713169914326495,0.010925036425363625,0.009080374585479833,0.007988599558154112,0.010944844099504898,0.011392676495741274,0.008213692684370564,-0.0038806167574704864,-0.004169781205351354,-0.004357670545030358,-0.005102499842474874,-0.0049366634037493985,-0.004737626439906352,-0.005484257033727199,-0.0052263645429082226,-0.004255732429138334,-0.005409795571841295,-0.0030240124909990656,-0.0030479670365311682,-0.004678690915028889,-0.0037462366187147877,-0.003989651203222018,-0.00496169716647461,-0.004778667014140539,-0.005034730781646055,-0.005620401280960997,-0.00509707625252503,-0.0070526379979709624,-0.007112738593923007,-0.005695750360125249,-0.006950157079587526,-0.006612835903715036,-0.006605460466575712,-0.0056575494900888154,-0.006751810338103749,-0.007129162299902397,-0.006264088990794756,-0.007073459173731988,-0.007508094437268204,-0.00617048107401113,-0.005110939960986649,-0.007195395051997779,-0.007258520906543537,-0.008140072290672857,-0.007545136254602696,-0.007783389465713523,-0.008592737942239834,-0.00771175083757144,-0.007843527299237221,-0.008653013875573322,-0.007278462841233154,-0.0076478734632846575,-0.0069620795376253404,-0.006087467281321424,-0.007085665006027159,-0.007380586158395286,-0.007018908804180911,-0.007210640797414245,-0.008110586124998109,-0.007626246381775156,-0.007532414233970211,-0.007491566553935539,-0.0061089413436213845,-0.005894377802840032,-0.006405160658504804,-0.007541318117651677,-0.006141811776897552,-0.00636738500380122,-0.007595229099644381,-0.006201639467122126,-0.005930721437943131,-0.007432572834118307,-0.004939877867287295,-0.005187345431329149,-0.007093945413214735,-0.005316068214929913,-0.005898735632207862,-0.007240361453036569,-0.005840426231115534,-0.0064991807504449885,-0.007555935111016966,-0.006405554300307004,-0.006966405387116393,-0.005553392592309233,-0.007287957566706658,-0.007579801723488297,-0.007922106468988157,-0.0075745637501975875,-0.007826208496143341,-0.008170038987300378,-0.007536747636248427,-0.008230282565193297,-0.005514074030021908,-0.006744442560380435,-0.0061169412046322875,-0.007162829981325405,-0.00768814253569656,-0.0054562743932329355,-0.006461051872223576,-0.0059123398670595595,-0.0061730210682743895,-0.007463129530173465,-0.0050925052758084965,-0.00495749494045092,-0.0050800544164288815,-0.007462385027391154,-0.006709001132711345,-0.006443993274305317,-0.008624780159887175,-0.006442506415878264,-0.007048504203536461,-0.00814108573245775,-0.004109548293810471,-0.00574994946257838,-0.004291577551645234,-0.006965497586252283,-0.007818329609295021,-0.005968869659995165,-0.0079720545386715,-0.0077604914937806765,-0.008095340572981037,-0.007601305272927091,-0.00448307806690946,-0.0028630904822367002,-0.006379905119394158,-0.004757599240696999,-0.007001929049258962,-0.006326526883066566,-0.00729346633360247,-0.008757545449805657,-0.007692501171401585,-0.008369573148997257,-0.0039027768250043003,-0.004544260024837486,-0.004084513567033937,-0.007212777236597833,-0.0058123339973072145,-0.004964820830676282,-0.008014995085018508,-0.005773523269407308,-0.007218234958302966,-0.007726488835807717,-0.003414556674393121,-0.0028354558926412736,-0.00684829393469275,-0.0036064262018751067,-0.006466068682058911,-0.006835813549822973,-0.005341980996463368,-0.008016059863265082,-0.007997915200709863,-0.0077491832971221955,-0.0038006911227897113,-0.0016456399195267555,-0.005942870173802423,-0.004403406085171363,-0.0073396364718346626,-0.006125296834906051,-0.006150413703949435,-0.008611712258514974,-0.007007668914782228,-0.00855382954024014,-0.00201617480714158,-0.006070225890469525,-0.004693730258739368,-0.006345293223647172,-0.008086370677448848,-0.0026727481041162035,-0.0038018038264019277,-0.002747490994904447,-0.005217075284632291,-0.004670455619185705,-0.003330722867188324,-0.005672791335930722,-0.004517319983802278,-0.005356616923844119,-0.0052894196905764225,-0.002689136119689588,-0.001374082313306342,-0.004598570216379584,-0.0028108862527874584,-0.004739187080341219,-0.004512283747473158,-0.004037303909064091,-0.005763935936784813,-0.005251758267792646,-0.005416119342872486,0.010378446785968394,0.012948154635650537,0.009402692951809056,0.010066638207005884,0.007833980714065164,0.009361193562244506,0.00854973743016116,0.006975684190668344,0.008785309501389,0.0072079558197305745,0.012212957978090952,0.009151541194355153,0.010953114059610657,0.009071412066349817,0.007859948190744722,-0.0023177761723057527,-0.00042304449472396896,-0.004423883918030616,-0.0026333818582420223,-0.0053084296801396095,-0.004498760951103563,-0.003378125793248508,-0.005974548236992805,-0.004879418105732012,-0.005821197081127246,-0.0006381367976592792,-0.004193889030301682,-0.0031227810564586032,-0.004315835328658824,-0.005340501945961451,0.012652858463147171,0.00881939502703243,0.01115116640513456,0.008506996083924571,0.007770826095690404,0.010657367840730743,-0.0038148084748676086,-0.003949687909384874,-0.003446056286474994,-0.0038750608345597282,-0.004299001228664221,-0.002996499078093274,-0.002946607134980183,-0.0032377103609084507,-0.004513520647007606,-0.0037442458390232656,-0.0036489827509244488,-0.005000992194633169,-0.0037240737047406778,-0.003515198642760095,-0.004773041331675288,-0.0031450596770137224,-0.005023208280443156,-0.0036217576465708287,-0.004612602165098075,-0.005543998066795472,-0.0037550411616270873,-0.004747584582173703,-0.005833908294942593,-0.005109174237331767,-0.004673175117654719,-0.003260641575032314,-0.0016982516182218299,-0.003573138525443588,-0.003983085589279713,-0.004473033026073522,-0.0038558174920770875,-0.004769185429684796,-0.005271937397008668,-0.004267331316531103,-0.005334307279464049,-0.0018462844267577749,-0.002530408245440204,-0.002240093659737401,-0.004302034904483269,-0.002846459525564816,-0.0021700663576488272,-0.004430754410048944,-0.002951942676173492,-0.003680563594852354,-0.004356090290162149,-0.0009079623314893177,-0.0004982479659357356,-0.0034833544623408866,-0.0013443640953768273,-0.0031872329575054694,-0.0037246732132458897,-0.0019251189076662427,-0.003978819668982845,-0.004129908090866667,-0.003958642231406126,-0.0025751373518437854,-0.0004780924387807863,-0.0031746252996866543,-0.003523989346646107,-0.00480609733487792,-0.0036513088555455275,-0.003524062677181043,-0.0051228947098483895,-0.003581156695200863,-0.005412637239315919,-0.0005423750058916377,-0.00304403718994292,-0.0017278622224593963,-0.003766266384290703,-0.0043485028779273235,-0.007004402129205629,-0.008346493293836382,-0.007300871854362357,-0.008685488310667807,-0.008347050400505622,-0.007015909971691384,-0.00849195674660393,-0.008406992235025248,-0.00838280963627717,-0.008329154857643878,-0.006771767459318244,-0.005464946420573248,-0.007619274849714635,-0.0071486430047449975,-0.007979665162418836,-0.007765766433239984,-0.00742670305927663,-0.008333879749925045,-0.007834154122666496,-0.008240088138625349,0.005210844968386571,0.007843300642876779,0.005886482899175683,0.004605014484028938,0.004021589970013962,0.005603522472202341,0.004606309387661287,0.00402106839090845,0.005884849309854316,0.003961564672984475,0.007254912983268255,0.005795298387774493,0.0076515589677013055,0.005382302971083336,0.005107694341556767,-0.006436292029386819,-0.00454721868592894,-0.007493069405643793,-0.006966584109974177,-0.00858823954187331,-0.007789666829427324,-0.006761410293143034,-0.008582585130280823,-0.007498362206391697,-0.008642537508416832,-0.004465457308461939,-0.007013188248316253,-0.005952931310892642,-0.0073901404042884455,-0.007662043339036844,0.0077007946597765714,0.005425117880808629,0.007813394794185234,0.004819456736891189,0.005022023632805534,0.007468624011995691,-0.0034392833844772387,-0.005467009131108024,-0.0036209391768723185,-0.006994768957168833,-0.006489285083756095,-0.0042543806647151634,-0.007549530047919299,-0.00645045072165692,-0.00814357267486174,-0.0072611551106109735,-0.0037203654368406325,-0.0017578018553999072,-0.006012977751504733,-0.003912285057685543,-0.007019947226922002,-0.006000510376729935,-0.005401654413385748,-0.008323295653854083,-0.006914512279934355,-0.008056340928027563,0.009965907894840984,0.013083664557395453,0.008610630590170823,0.009372145926581915,0.006237320873122305,0.008430884665598812,0.007895938488451318,0.00522755052123562,0.007805340947934352,0.005284747588294492,0.012330441077023758,0.008097129546499446,0.010449059256213408,0.007826167024536373,0.006355230674378869,-0.0026143245965623303,-7.398555440659828e-05,-0.005191898787347477,-0.0030328085525255736,-0.006976415800285089,-0.005373893462270762,-0.003735139508054517,-0.0077959926780999545,-0.0058046227026359405,-0.0077571068310540465,-7.00618408354368e-05,-0.005226703781777315,-0.00350716423843588,-0.005418917360703401,-0.006706730236810818,0.013614359136854446,0.008406237385222242,0.011287010931269095,0.007811280878333662,0.007116517428327972,0.010775372708163715,0.009510542200082149,0.01253476006465584,0.008343813249173682,0.009198566514364006,0.006313356241164535,0.008269814499291522,0.008706348559924937,0.005898813205297038,0.008137274169582634,0.0060503744096212396,0.01177661861655824,0.008023725507097275,0.010236363101220877,0.007903200613214811,0.007134759557478627,0.03844476306740047,0.03448148067515651,0.037593932084985765,0.03417713230578383,0.033698105107698245,0.03686354382418464,0.012634197405913233,0.008026147258992018,0.010812542946048692,0.007713664184528975,0.007421237626282444,0.010296009770075212,0.036938238684606994,0.014091091419221104,0.01143225651238659,-0.0020266358031033054,0.01643034692667479,-0.0024628963936781942,-0.003609911033417636,-0.003998006271891122,-0.0018144071730903423,-0.003997289689491725,-0.0016854993641575648,0.016483657356318574,-0.00268525565187218,0.01623593236704447,-0.003147636545079454,-0.004522211363644132,-0.004262584012458332,-0.002305048739000967,-0.004471194201110043,-0.001082470508890763,-0.004204387442461555,0.014321015028440125,-0.0040827986384289255,-0.0049544429533869136,-0.0054178044892534034,-0.0041464979587251495,-0.005531931345655632,-0.0038626030460253286,-0.0006104351866490044,-0.007072945390737517,-0.007888496388504371,-0.008053833824298359,-0.007234804858572048,-0.008053160492576131,-0.005956449624602335,-0.0007664046405291449,-0.0017978814104543065,-0.0019332068157085118,-0.00018413409880211476,-0.0019229097714413578,-0.0007257071300689175,-0.008143080390325224,-0.007983229377813048,-0.00783451819852063,-0.00813269831286948,-0.006730293579500586,-0.007852323867386157,-0.008148350766865115,-0.008286812548681449,-0.007574842312119731,-0.008478208921848652,-0.008365734098548754,-0.007710892911667548,-0.008727656421016517,-0.006668077184442625,-0.007710215900356111,0.04469861175383613,0.014543963975481812,0.04580941837248757,0.014418450658283486,0.01273655219218656,0.012772154926295262,0.01620387537991764,0.012566994907718012,0.01611705784470941,0.011886254517419046,0.04285509929796195,0.012336011455293948,0.011147583400024079,0.010470956515401713,0.013288920943458155,0.010358796833963442,0.01222321573652802,0.01688218723786587,-0.0022258742795791204,-0.003372633812831096,-0.0037606430871844226,-0.0015775333172266762,-0.003759923978862243,-0.0014486450477678345,0.017057389922275547,0.015714300777255885,0.0153618302645906,0.018564129981059403,0.015371946338879897,0.016769886742201794,-0.003291195027130013,-0.003355300630552285,-0.0018395253748095264,-0.003504107313565158,-0.0018846800996516011,-0.0035599459577469713,-0.0024861902627926606,-0.003992652543289444,-0.003060222954379717,-0.0030374750924825685,-0.004294712430731064,-0.003418993953709052,-0.003285541054401891,-0.0010137128242202148,-0.0034182711938016567,0.016935479095565257,0.04822994921146142,0.017368989246152627,0.015952507113141112,0.01593728139663687,0.01861429239451476,0.015656996233462533,0.01850441760948362,0.016687888098495814,-0.00291045508561813,-0.004284724939161805,-0.004025154992700226,-0.0020680579717670187,-0.004233716859359841,-0.000845803242869661,0.016837857489694703,0.01507917330252507,0.015555225917865245,0.01857820330359482,0.015382211414812235,0.018331565131056774,-0.00422908187778125,-0.0036455599442732018,-0.002344559186017395,-0.003992183637237146,-0.0013072831943580765,-0.004076970944111134,-0.0032295312115369237,-0.004719272669120219,-0.0029052446202991397,-0.0031109292292234455,-0.0043504781257140655,-0.0024200737612760513,-0.003530622599410785,-0.0002437379115844054,-0.0026282648335726627,0.01477376210927996,-0.003845415092219749,-0.004716863509214955,-0.0051801202222753005,-0.003909094082846775,-0.005294217542973787,-0.003625263470554643,0.015527450658135418,0.014482821572062798,0.014056689137877231,0.0164470974203088,0.014015551473881302,0.014661106720085571,-0.0040765861393069185,-0.0041810354181984494,-0.0035822976528302264,-0.0044481699675273595,-0.0035037386400481097,-0.0040777966165908746,-0.003943710900788515,-0.004638091560514922,-0.004404083447239263,-0.00457366739952887,-0.00493716523095791,-0.004838042251919902,-0.00499406367606141,-0.003344066876386391,-0.004952099741954325,-0.0005297656518481646,-0.0015610125024488376,-0.0016963083544811854,5.237238839599945e-05,-0.0016860138003904255,-0.0004890635105666245,-0.008129061440579517,-0.007969212420160016,-0.007820503030184145,-0.008118679347492422,-0.006716292768904476,-0.007838308741407932,-0.008134331454077944,-0.00827279159895543,-0.007560830503916059,-0.008464185224180791,-0.008351712076050089,-0.007696879350478241,-0.008713629166920155,-0.006654077146229021,-0.007696202189478426,-0.0011811079714394005,-0.0009931735434386987,8.168471409259334e-05,-0.0011206780866026818,-0.0006450241754494894,-0.0010837465688035093,-0.000421564841879363,-0.0014830235355081376,-0.0019022718763590735,-0.000719941482575411,-0.001532339988936033,-0.001811764895108526,-0.0008953930552519295,0.00015979793433383013,-0.0018014684955548108,-0.007247521001935464,-0.008213875927942522,-0.007831863692987637,-0.007815343258559359,-0.008183887068628404,-0.007551099800424665,-0.007626294245930588,-0.008586988971554655,-0.007253475241548247,-0.0077757155584492,-0.0075196466092558294,-0.006793459766573345,-0.007524669925867131,-0.008216694312181147,-0.007596383349242612,-0.007959031728112397,-0.008381838993189119,-0.007896827471027079,-0.008008678958497897,-0.008146133390674182,0.043873492868742786,0.014133269835384139,0.04492798517304622,0.014007706411506993,0.012105117332973448,0.012360747483516798,0.015574605024007855,0.012155761631494458,0.015487827465125243,0.011474504485269536,0.04197111740827847,0.01192444435786567,0.010515193212630601,0.01005863048030431,0.012657882011957935,0.0099466844577667,0.01159147365989529,0.016413661007297565,-0.0022371155756669985,-0.0036072059187979857,-0.003771898395112229,-0.0018117091841847552,-0.0037708757507157733,-0.0016828017793773294,0.01658894340123894,0.015025840179948917,0.014892603301794028,0.017877622901550337,0.01487271202677262,0.01608209148193965,-0.003525747498256408,-0.0033665522732815724,-0.0020737589425514767,-0.003515057405817204,-0.002118931719188218,-0.003794558406264456,-0.0029437462289432555,-0.004227056759898209,-0.003518037198077986,-0.0032719732233503925,-0.004305667634423954,-0.003653580447711057,-0.003519795177638114,-0.0014706433819440144,-0.00365255684768433,0.016525769558778027,0.04735072709691203,0.016959455150963414,0.01532306502822203,0.015527165679490421,0.017986531672581765,0.015247018212942727,0.017876677506014824,0.016219239337644544,-0.002921702973992991,-0.004519502578267003,-0.004036413049589108,-0.0023023487271433465,-0.004244671939680037,-0.0010797759035979602,0.016369274870136386,0.014390195151712982,0.015086052333042806,0.017891659490889323,0.014882949294411568,0.01764506365782853,-0.0044638465233502725,-0.0036568146193473395,-0.0025789111222793027,-0.004003137142700006,-0.0015413572575286845,-0.004311703450020388,-0.003687420732367713,-0.004953840009205146,-0.0033629199335652106,-0.0033454506392676516,-0.0043614339450885895,-0.00265439033758099,-0.003764933516485167,-0.0007002404270034594,-0.0028623276703143826,0.014304264703960746,-0.0038566712461873117,-0.004951732498038252,-0.005191388753767385,-0.004143790644069164,-0.005305179407326826,-0.0038598968645061566,0.01505830218406316,0.01379353924361387,0.013586858644433956,0.015759173145058224,0.01351564860136462,0.013971900001918492,-0.004311313286401925,-0.004192294749013762,-0.0038169212887361683,-0.0044591262924425475,-0.0037383451349548703,-0.004312525023513526,-0.004401911365859957,-0.004872640091898412,-0.004862478877520429,-0.0048085143675714904,-0.0049481246243916295,-0.005072944027102476,-0.005228705470205475,-0.003802016358286546,-0.005186722955928937,-0.0006007750232594578,-0.0018550398548502164,-0.0017673955643502282,-0.00024120510909520407,-0.001787697685228394,-0.0007828112249892028,-0.00799742335020098,-0.007613376862799632,-0.007688901999108654,-0.00776247735918914,-0.00658483210641895,-0.007706708018329225,-0.008226992178002318,-0.008140818241956154,-0.007653444511970658,-0.008332500865260358,-0.007995430667226225,-0.007565294032085356,-0.00858159315982567,-0.006746617919988883,-0.007564301296241554,-0.001475028533486628,-0.0010642142038143215,-0.0002118862585969031,-0.0012223038633752848,-0.0009388163294254949,-0.0013776425091737022,-0.0009380303059844968,-0.0018076249260980972,-0.0024195260951189565,-0.0010137355158854168,-0.0016340081596155432,-0.002105879211476085,-0.0012198099469541144,-0.00035641351796074046,-0.0021261909750506323,-0.007115995878463084,-0.008306543082894618,-0.0076999490139989255,-0.00790797765597741,-0.008052238432806164,-0.007195092873380346,-0.007494717021569999,-0.008454970294320577,-0.007346065464185968,-0.007643804345732745,-0.007612256647437143,-0.006661680125035791,-0.0076172805225600305,-0.008309046995190411,-0.007913242030486694,-0.008051363093698865,-0.008249848996075086,-0.007989470789216111,-0.007876737234752837,-0.008238482889443632,0.04452685086205172,0.08668996411829681,0.045268750066895194,0.043356073789573464,0.04334141577299549,0.047532376464731185,0.04306860884838704,0.04583594259823736,0.04558073528269087,0.014460620117191457,0.012558847066069802,0.012814368393332758,0.016026812303159766,0.012609472875690106,0.01594000518578285,0.04604631749536985,0.043804305536178124,0.044265796674704594,0.04858514466218658,0.044068147106600876,0.04695639756698166,0.012943401237401241,0.01351780640000755,0.016083894882155697,0.01317693595622679,0.015814681455721232,0.012543436939973628,0.01466569910520804,0.01191144132105322,0.013694245987654988,0.014782379754000942,0.01227455531504749,0.014170892931004712,0.014370074935756321,0.017597281921254926,0.01396631093931012,0.04262566669171417,0.012378234929497524,0.01096959430319366,0.010513230571282462,0.013111332487391323,0.0104013393265615,0.012045419270164028,0.04367968080624249,0.04212858760169934,0.04171375314418694,0.04554108246086756,0.04164425830983576,0.0423039570464185,0.011930527088956304,0.011827787089487712,0.01376236283636626,0.011565067818635562,0.012495124291388014,0.011379090493666148,0.012857511017675925,0.01082742884760428,0.01105784352568575,0.01223776392411692,0.010532551972947656,0.010630284719522057,0.011825007627053227,0.013447916062841292,0.010518404957423257,0.017040723145152432,0.015478292627991047,0.015345111761330577,0.018328818819932,0.015325231599995484,0.016534116804600717,-0.003288491197734294,-0.0031293296162435594,-0.0018368272882479436,-0.003277801503117865,-0.0018819817408348301,-0.003557241054044486,-0.0027066192355758713,-0.003989641648141918,-0.0032807759267220594,-0.0030347722509103327,-0.0040682343943273976,-0.003416289550040876,-0.003282534869524069,-0.0012338415953921135,-0.003415264081822374,0.016180855563372357,0.016365902262535086,0.01868573804642927,0.016210295398859823,0.016709390119123976,0.015728733066885752,0.017644274644647674,0.015305573031549686,0.014925145647939569,0.01735105420984412,0.015257103643376768,0.015013140131551209,0.01714846839878852,0.018216767197139334,0.014993250596593118,-0.0026340539686975145,-0.0024510614479217705,-0.003215567860713793,-0.003199343253023244,-0.002421197456435813,-0.0029359936606754523,-0.0030110677670759055,-0.002821746430192969,-0.001495754201978283,-0.0031595265579271244,-0.002318138025235327,-0.002739376846029904,-0.00346807590086267,-0.003011372951469683,-0.002394391957941324,-0.003900448986811799,-0.003175767478975798,-0.0026933395806643732,-0.003949889565137329,-0.002941022602853914,0.0480019119053431,0.017411077524663456,0.015775393327435733,0.01597940850854682,0.018437676973809144,0.01569938122503304,0.01832780694017215,0.04903688448440643,0.04708213155558244,0.0474927967313706,0.05129883627390579,0.047336507135612556,0.04937340520129447,0.01671783947999766,0.017273087707760263,0.019111242950583376,0.016883165451517166,0.018760654372144445,0.016593098409625605,0.01793781444729859,0.015875454302399998,0.01690679930191703,0.01805807901579067,0.016320184475394708,0.017331142819152844,0.017604495080993512,0.020003949161400483,0.017051534065097684,0.016821182770461806,0.014842981641117114,0.01553851204708545,0.018342879690091875,0.015335494269040021,0.018096253647661844,-0.0042263742657951036,-0.003419519413426543,-0.002341859016340066,-0.003765766183775659,-0.0013045877029446134,-0.004074263919491572,-0.0034501203230939007,-0.00471625681763792,-0.003125730781435411,-0.0031082260146929864,-0.004123982665272457,-0.002417373891382475,-0.0035276147209210985,-0.0004636610469805476,-0.0026252636891497456,0.015520748482798,0.016533908387931992,0.018685746394391717,0.01620649906963148,0.018245979085185368,0.01548174441580169,0.017218815122498295,0.014875200911507583,0.015473366751422609,0.017774664671573088,0.015677803267135568,0.016965510049840978,0.017483620077332836,0.019983287150990403,0.016762834251341775,-0.003176449637949042,-0.003208767386268233,-0.003956037206500559,-0.003070160749476838,-0.002508973106590839,-0.0030060460698895144,-0.002038419040843965,-0.003040074550555732,-0.000739681730628496,-0.002384151554798646,-0.002643750718754623,-0.0030473522475115505,-0.0029182327782582844,-0.003508819571832728,-0.0020718466752734227,-0.0035594290033683024,-0.0029210306246066553,-0.0015047204973900783,-0.002741824643910358,-0.0019233838996537658,0.015510737289467991,0.014246519901686343,0.01403993069325389,0.016211280152518843,0.013968748454619682,0.014424832685007664,-0.004073879177028594,-0.003954885480222819,-0.003579592588310261,-0.004221655827653479,-0.0035010338850678196,-0.004075089638060562,-0.00416444928028023,-0.004635076270383584,-0.0046249154100312375,-0.00457095834709936,-0.004710546458511147,-0.004835332190574397,-0.0049910457855113066,-0.0035646847887719118,-0.004949082255540462,0.015528049877502956,0.015673649703053537,0.017205074290959497,0.015492215266576887,0.015178829639993828,0.015366649996090548,0.016525840262863058,0.014937626807050512,0.013692576614021935,0.01615614980753745,0.014892002954808926,0.013707465433648952,0.016022868744718963,0.01609887218632678,0.013636258422539465,-0.002559158706583081,-0.0033193014293524553,-0.0032713274275646648,-0.003984681174936943,-0.003244087542857615,-0.0028655300477435134,-0.003836549944467188,-0.0037892914793672765,-0.0032379888462767165,-0.004103296038422594,-0.00277012323190837,-0.0024280846404033,-0.00398589118243966,-0.0036463173090748903,-0.0038518119345262113,-0.004545841508889041,-0.003634139677457211,-0.004229050670946402,-0.004592144442568782,-0.004648998766532281,-0.001238232820361451,-0.0008275081606306168,2.4627788606037927e-05,-0.00098556393203423,-0.0007021240760987916,-0.0011408666339482465,-0.0007013541880342136,-0.001570754137182077,-0.0021824884840956887,-0.0007770417476530374,-0.0013971754721348241,-0.0018689273902276727,-0.0009830711138029487,-0.00011985381505160727,-0.0018892332756153235,-0.007101990487674878,-0.008292521763661515,-0.007685935987631879,-0.007893961596845743,-0.008038220392488653,-0.0071810864303478985,-0.007480706286125535,-0.008440946823611342,-0.0073320565169255935,-0.007629791642779263,-0.007598244499257869,-0.006647680614737646,-0.00760326828604816,-0.008295025445166032,-0.00789922560845549,-0.00803734507411919,-0.008235828408075907,-0.007975453318222806,-0.007862721476693788,-0.008224461903350381,9.727867171181886e-05,-0.00013654315076303442,-0.00046982997738586224,-0.0018023118160890611,0.00014489430711710723,6.067878699662718e-05,-0.001165636378830198,-0.00017265837054575696,-9.053586270000742e-05,-0.0013237502636424608,0.0003898215864182518,0.00038165080976498774,-0.0017048864793526356,-0.0001787073045782902,-0.0010422308732040636,-0.0021350526055499345,-9.102223197197328e-05,-0.0008923421311071762,-0.0017355195851216376,-0.0010984060961618397,-0.006798193022820269,-0.005329092799685787,-0.007012600639685592,-0.007648037844799136,-0.007978754045295994,-0.007596509857787758,-0.007105642563565104,-0.007695277349303031,-0.007062464941082793,-0.008097880369546106,-0.006106727841045571,-0.007284667201932481,-0.006558318615732429,-0.007981252616185713,-0.007892827668640388,0.019957102700191926,0.0020627140160559745,0.015621809461090654,0.0011163711570059292,-0.0005876921955036677,-0.0003460178059958237,0.002350319001791302,-0.0002492665402840611,0.003657317009312727,-0.0006587718122516104,0.012487403654577803,-0.0010111232972762343,-0.0022117034597211043,-0.0026742847831039557,-0.000581393951502579,-0.0024396418253691,-0.0003180480989181514,-0.0012442984438907853,-0.002850987061667435,-0.003987904132287558,-0.004192647356234515,-0.0025948170052763073,-0.003874848116837731,-0.001240071104593089,-0.001906553186544955,-0.0032520328887941192,-0.0034274999192114414,-0.0009202770291667223,-0.003119841031002482,-0.001359679240688319,-0.0047605944969020975,-0.004587939259257681,-0.0036571785740017837,-0.0044385506908304635,-0.0025096035185669992,-0.00481670768192829,-0.004301902107332722,-0.0049284676422272624,-0.003675322864201412,-0.004640412362925534,-0.005016793138652177,-0.0038508656489134735,-0.004530288641958123,-0.002030465766487912,-0.0035331600332351035,0.004031637139892869,0.017583419309292476,0.0036551493370749187,0.002234462852198337,0.002417837332267279,0.004326752717641008,0.002443371251088345,0.005622802567126008,-0.0018534051296062027,-0.003958393293917898,-0.0053349588143251905,-0.004868569178866888,-0.0035175074948499484,-0.0047714163325115865,-0.0010699741541066133,-0.0025304691526292318,-0.0043123456848349175,-0.003619997259860665,-0.001360892269617791,-0.0035557811138958798,-0.0001736949017290439,-0.006123076984437006,-0.005278542790597475,-0.004606701166288657,-0.005361506431298928,-0.0023534034487614408,-0.005746003916308856,-0.005479025589258165,-0.006078982183730991,-0.003953941156270776,-0.005169299557318351,-0.005518584729845828,-0.0032620230212362517,-0.005268596286719208,-0.0016903397264380667,-0.0031650339898721467,-0.0038256982430628214,-0.004875463207084621,-0.005744702134071899,-0.005984949563642214,-0.005234785794755763,-0.005749574689225858,-0.003844816208114157,-0.00389856575048599,-0.004988398663032179,-0.00519929889049979,-0.003574297177441966,-0.00498549196736979,-0.00394151974741549,-0.0059339400183346675,-0.0058307173296764485,-0.005749620303618018,-0.005764107432704008,-0.004533476449623744,-0.0057071610692786415,-0.006134958621217291,-0.005949110584118809,-0.005431638283313085,-0.006551244404688565,-0.00608418066630616,-0.005642630596865555,-0.00655974853403261,-0.0046690857067580695,-0.005407325969308846,-0.007300468186178245,-0.008316212158001294,-0.008268169898528977,-0.007090090361692938,-0.00795909512582495,-0.006415133168965488,0.0027309925033650994,0.0031243709504333557,0.0028291476131040204,0.003272679233483785,0.00496638663373422,0.0032301827888312224,0.0025215118063976324,0.0031192526550354606,0.004141417422842671,0.002407264202538603,0.0032535021862957806,0.004188902911291022,0.0025166569849902148,0.00477852065689207,0.004504240954126519,-0.008798744948512736,-0.008371785406269597,-0.007894339043367934,-0.00824331464895266,-0.007416885854893595,-0.008475454519891523,-0.008427260437663456,-0.008620576168836946,-0.008660489350332447,-0.008513404904309997,-0.008455541650343719,-0.008384752345879262,-0.008424331532686196,-0.006982373690458101,-0.008075624432678747,0.0030010413477479804,0.0016278713376274073,0.0027226690974364327,0.003041731721343943,0.001854620054903518,0.003197643337113226,0.0034639606228966235,0.0017965107788122958,0.0033907140429775685,0.0036122247934257724,0.0025324788557667013,0.00398085259603144,0.0035407853574948916,0.00216829358469049,0.003054267486856882,0.0034298848979379955,0.0021584334115024775,0.0029690442486403567,0.0035930521069787906,0.003078381490416982,0.02040744092001629,0.04634308389462962,0.020364204418517586,0.018637942674118564,0.018599916790056664,0.022040390486074785,0.018624996516963758,0.021970494622157184,0.016074043472055932,0.0013525976139832246,-0.00035108684321691553,-0.00010946612687986447,0.0025862684147223212,-1.2735908448258072e-05,0.003892925266684285,0.01573746270667232,0.013657606965465604,0.01411759827086508,0.017777347481256894,0.014180785286640307,0.017718953315242578,-0.0008013314639769999,-0.00018362012102864078,0.001836669740916261,-0.0002661785034238641,0.0029484141117102655,-0.0009829832066861586,0.0006359958494160198,-0.001314488749280989,0.0010226818477484135,0.000721559967265223,-0.0009793427675421833,0.0014888570088741639,0.0006227873899517718,0.004401590596546319,0.0015854245433719859,0.012940957066884473,-0.0007744299020351362,-0.0019747402330167474,-0.002437218500973448,-0.000344796340822425,-0.0022026279262302687,-8.150252368158813e-05,0.013198985609009792,0.011796704559925934,0.01136894381797703,0.014450279912385972,0.011579383831775899,0.012827988460721737,-0.001828821678887934,-0.0019489458560834217,-0.0005231757372445605,-0.0018825921266133797,-0.0004336748964909589,-0.0021603732189774956,-0.001240741473645259,-0.002401490315590826,-0.0016627129677184173,-0.0018780293267147007,-0.0027592530348951867,-0.0020959656968470484,-0.0018864666559310719,0.00021839557564084993,-0.0018614450255076914,-0.0016696572174591498,-0.003014837119253442,-0.0031902645664074326,-0.0006836037826773729,-0.0028826750514448006,-0.0011228920452587541,-0.004746620323152902,-0.0045739673780697526,-0.0036432188939124447,-0.004424580774661328,-0.0024956585563690324,-0.004802732754161854,-0.004287933894297531,-0.004914491267482198,-0.0036613626853311725,-0.004626439709718595,-0.0050028156205426146,-0.0038369031397061577,-0.004516317438849799,-0.002016527103783164,-0.0035192016523722673,-0.0031600237277460814,-0.0029585101519554236,-0.0011486821892328358,-0.002830708710572025,-0.0017851109077680581,-0.0033965327400448473,-0.00201263878580172,-0.003540972529310408,-0.0033567450616401816,-0.002321317417412146,-0.0036000472586935977,-0.003305977054945557,-0.0022327819790618295,-0.0005761476779485136,-0.002998334827072166,-0.0046982071062985405,-0.004851852820311351,-0.004978563550697193,-0.004433832095091615,-0.004847332946481763,-0.004723731309418351,-0.004232072536396185,-0.004905786573992914,-0.0030783381795044047,-0.004082730516756446,-0.0045003418362165905,-0.004269823462668814,-0.004489928845945878,-0.004867003029970402,-0.0037518645195836974,-0.0046016573556558775,-0.005100563786204081,-0.004061057129216913,-0.0046607928943347724,-0.003950990949319479,0.01803479817441355,0.003890801277805749,0.00247043197800707,0.00265376673531054,0.0045622528880856815,0.00267929399575449,0.0058579648949011855,0.018266348679247552,0.01645617224661391,0.016857947084935786,0.01982293340965882,0.01688440501452404,0.019675893149673357,0.0025900326050169466,0.0031140538793893585,0.00437039690190798,0.0029835525028827706,0.00548220024968197,0.0026783008991474997,0.0034197226263237984,0.0022302779234584674,0.003840080538646395,0.003451426730441994,0.00254079364080406,0.0042473013750020236,0.0032724605614301563,0.006373701507864067,0.0042727782680914315,-0.002293417719947327,-0.004074881973349899,-0.003382703152114205,-0.0011241029281349162,-0.003318500857257374,6.274075812075464e-05,-0.006109084522387291,-0.005264561465535436,-0.004592728482616609,-0.005347523989848538,-0.0023394635796694786,-0.005732016425413888,-0.005465041438502039,-0.006064990350523109,-0.003939979487725863,-0.005155319411373747,-0.005504600207867973,-0.0032480713207649363,-0.0052546148947735065,-0.001676408478314232,-0.003151083532204885,-0.004234642797178014,-0.0031652845540295392,-0.0016152109703053581,-0.0032923581470054304,-0.0006128431340375326,-0.004038817355916752,-0.0029030398642358635,-0.004427100004019979,-0.003207631058602724,-0.002367994532474106,-0.003641130876315326,-0.001700016111074658,-0.0024655149027305663,0.0007765699534482203,-0.0016359351330300523,-0.005641825294799035,-0.006055519634333744,-0.006155056730069364,-0.004726942721460985,-0.005402239776096278,-0.00525128211382214,-0.003657333730830915,-0.005658794567366395,-0.0027634861711693767,-0.0037401503605533973,-0.005282007752019198,-0.00502404005283403,-0.004350422701079112,-0.005858548530514414,-0.0038604234457729394,-0.004682917332266098,-0.005420583164855969,-0.0033249811757282907,-0.0038969541566758205,-0.0034240925196912385,-0.0036612240761854475,-0.004750810728972042,-0.004961663946264702,-0.00333702431806254,-0.004747905563988367,-0.0037041536642446297,-0.005919950339084983,-0.005816728935971044,-0.005735632879174573,-0.005750119963245244,-0.004519504911060537,-0.0056931744127380265,-0.00612096587166533,-0.005935120641212722,-0.005417654879562869,-0.0065372460612210795,-0.006070188953521462,-0.005628644425520871,-0.00654574999034489,-0.004655112205477054,-0.005393342892948138,-0.004304998077099894,-0.00417277215662121,-0.00322410232585972,-0.004116186806316194,-0.003777017335543753,-0.004270669695310281,-0.0038008512454760935,-0.0045107311532871916,-0.005093496124548707,-0.0041870530121253255,-0.004616456088469956,-0.005077680150153442,-0.004154164139411114,-0.003229459033395308,-0.004863884951336689,-0.005038779933433248,-0.0061355039132972725,-0.005449258234084041,-0.005606840093820656,-0.006173665455055397,-0.00520649679115006,-0.005474459171678422,-0.006354505531680415,-0.0051696786576383375,-0.005407871252422628,-0.00541808056889013,-0.004433463217030301,-0.005380126982421249,-0.005974711544782021,-0.005583994056265571,-0.005622004818772658,-0.0062076411354354735,-0.005970868868072186,-0.005727843918113344,-0.0059793648967687504,-0.008784717316984731,-0.00835776341661304,-0.007880323221211754,-0.008229294396730294,-0.007402875540439616,-0.00846143112028193,-0.008413237490104059,-0.00860655088258968,-0.008646461851807822,-0.008499380827435638,-0.008441518551306124,-0.008370729351361076,-0.008410308675710512,-0.006968369118885781,-0.008061605548928947,0.002792942535134522,0.0014195056432813624,0.0025145166246580285,0.002833636635330923,0.001646297835943252,0.0029895832189463915,0.0032559487734298443,0.0015881778834859316,0.003182690639546427,0.00340424209076069,0.0023242923783923087,0.00377294680206538,0.0033327889052728768,0.0019600340078276706,0.002846177968710602,0.003221866990968549,0.0019501719672856855,0.002760938061223242,0.0033850664582233,0.0028702968245637316,-0.0080444801717994,-0.008697584577131073,-0.008370200765015401,-0.009129204641695273,-0.008439410205824758,-0.007861052809304601,-0.008474361478548072,-0.008507978991845886,-0.007772574338361565,-0.00834587012607665,-0.007976857708577367,-0.007291526799932745,-0.008805775041236011,-0.008343157569792032,-0.008533122081947406,-0.008950958854568519,-0.008323853744873367,-0.008391606487699845,-0.00855813097938972,-0.008302538244739812,0.0022683805003647552,0.004212996430913989,0.0031036649236694217,0.0017365316574038197,0.0019527915146899135,0.0028253131990474975,0.0021018308464481406,0.002208467229554708,0.003329213969737225,0.002150374725369335,0.0034243305273376915,0.002857138872538826,0.004083401869156546,0.0024930598202263883,0.0025121844812505804,0.019972010995046974,0.04550572699518683,0.019928758863426346,0.01798298883916549,0.018163726230316195,0.02138763459896273,0.018183981074177062,0.021317776932398416,0.015585722288066572,0.0012765007589424493,-0.0006500079425939368,-0.00018566785902253663,0.002288176256101346,-9.383630147788045e-05,0.0035952642252469655,0.01524898160746725,0.01294825892607405,0.013628358421156186,0.017070865969213034,0.01367888814849487,0.017012663641353554,-0.0011003791016063714,-0.00025982697572954155,0.0015383676569558395,-0.000347297809183019,0.0026504879221043377,-0.001282083012036876,0.00011481446420093387,-0.0016185923374112256,0.0005017714259269977,0.0004229411991883485,-0.0010605164377190557,0.0011905209269372208,0.0003192381824835387,0.0038823754335937056,0.0012822157401975167,0.0124511995130688,-0.0008506773368865505,-0.0022741135966262947,-0.0025135861829319065,-0.0006437076588928009,-0.0022838921901233793,-0.0003803480798790307,0.012709350182128536,0.011086179944003934,0.010878443540052816,0.013741591650530231,0.011076264249433317,0.01211812634909774,-0.0021281518018968445,-0.002025278433306705,-0.0008221363290470182,-0.0019638319356713465,-0.0007326174705491384,-0.0024597972087735333,-0.001762844537519486,-0.002705899625675961,-0.002185028844110881,-0.0021773811652305228,-0.002840559736722701,-0.0023953792985158665,-0.002190736029069461,-0.0003029907370598425,-0.002165705603184862,-0.0017978443458479831,-0.0033664542819712884,-0.003318634393731629,-0.0010344477803718294,-0.0030239152750377745,-0.0014739046941141868,-0.004689340635358277,-0.0042931847445538225,-0.003585999889733285,-0.004148758263609866,-0.00243850120465603,-0.004745449910825059,-0.004454180385831419,-0.004862125494830708,-0.0038275142773875094,-0.00456916639347434,-0.004726841831335052,-0.003779672315490555,-0.004463971865618218,-0.0021824245065609543,-0.0034669061795713388,-0.003511689494861201,-0.003086852157226911,-0.0014996812713261266,-0.0029719419828350756,-0.0021363444459435244,-0.0037482787234920786,-0.002587033150158741,-0.003905685250439083,-0.003931934690149889,-0.0026727077551929436,-0.0037413843815825693,-0.0036577129106594754,-0.002597044026265111,-0.0011497923157407536,-0.003362881088626059,-0.00464093007341503,-0.005018186056660555,-0.004926194720276061,-0.0046001036001615675,-0.0047900473250193035,-0.004447829664798688,-0.00417482005934636,-0.00485342105715101,-0.003244399400416159,-0.004030406397011963,-0.004666620030110732,-0.004217490668329412,-0.004656209256949852,-0.0050382632001777375,-0.0041414704211553775,-0.004772877753484035,-0.005048188139444944,-0.004227271505931909,-0.00460843911065226,-0.004122108710447385,0.01754740766996728,0.003814889687806633,0.002172314905263846,0.002577765670802245,0.00426472845480828,0.0025983997879437293,0.005560867392209878,0.01777906558282546,0.015748732648610195,0.016369997862930474,0.019117870842885982,0.016383824933059878,0.018970944839237017,0.002291950014116984,0.0030380855057066075,0.004072819157990485,0.0029026814043107176,0.005184998137345498,0.002380242513940208,0.002899919912772272,0.0019271946171137786,0.003320570022445469,0.003153581920166043,0.002459888744148697,0.003949749566519519,0.0029696739769880165,0.005855474068959406,0.003970345737145165,-0.0024216885833044863,-0.004426895687144682,-0.003511104652143424,-0.0014751187577045238,-0.00345980937905063,-0.0002877514905090023,-0.006051728295819252,-0.004983588260237513,-0.004535455080526673,-0.005071452288217529,-0.0022823272835231054,-0.005674681011722878,-0.005631476261593186,-0.006012564280361029,-0.004106148487029899,-0.005098014771375601,-0.005228487106096112,-0.003190885480165057,-0.005202229621079657,-0.0018422180220019353,-0.0030988185039231646,-0.004586710390972945,-0.0032936601063946872,-0.001966392004091502,-0.0034336637602411534,-0.0009635608990207534,-0.004390821549839861,-0.00347799560596893,-0.004792166904759113,-0.0037826758235398853,-0.002719428573245341,-0.0037824843183894975,-0.002051091837928072,-0.0028298825831457727,0.0002038620505878002,-0.001999880656617286,-0.005584494835783288,-0.006222046081089174,-0.00610262604474741,-0.004893234082131128,-0.005344921152827213,-0.004975233271096584,-0.003600125404074703,-0.005606388523615064,-0.0029294640911293655,-0.003687855166865267,-0.005448413727532544,-0.00497166704894237,-0.004516655463547221,-0.0060299722979501634,-0.004250011437410624,-0.0048541237048791725,-0.005368189322744802,-0.003491046995849327,-0.0038446508652749067,-0.0035950905191840326,-0.0037896511421440125,-0.005103008174794444,-0.00509024889382388,-0.003688755562172078,-0.004889397203831729,-0.004056022879589956,-0.005862605737961782,-0.005535613047834419,-0.0056782977336756225,-0.0054739481619167155,-0.004462236287319539,-0.0056358424639497634,-0.00628750227941702,-0.0058827019221633714,-0.005584080866481704,-0.006479865231333458,-0.00579393271513941,-0.005571314540203166,-0.006493297782967101,-0.004821421214090222,-0.005340951021393907,-0.0046570464323100825,-0.0043012625534461155,-0.0035757965727428657,-0.004257593511641695,-0.0041289105596026485,-0.00462270839022124,-0.004376231907049187,-0.004875781314442683,-0.005669636007866241,-0.004539074990989131,-0.004757930649117562,-0.005430007446773968,-0.004519098361798106,-0.003804555491297921,-0.005229078584475829,-0.0049814838082630165,-0.006302042513456142,-0.005396864452168936,-0.005773294716350193,-0.006116304759691542,-0.004930466947687806,-0.005417137604112775,-0.006302063386771322,-0.005336067428309782,-0.00535547865608438,-0.0055845027568750625,-0.004381121781792058,-0.005546545905132975,-0.006146153902715011,-0.005974282116659808,-0.005793389310309405,-0.0061552074663376935,-0.0061373865718576705,-0.005675434768514583,-0.006150813253219045,-0.008779426774281177,-0.008128150796223574,-0.007875038808291365,-0.008012685188042138,-0.0073975940890529755,-0.008456142772867771,-0.008632337354894888,-0.008614244402053595,-0.0088656323945763,-0.00849409215426659,-0.008224865219122753,-0.008365441324858596,-0.008418000995190555,-0.007187184534373725,-0.008069295924455225,0.003192626574510503,0.0015974834421866456,0.0029094094741839004,0.003011384290068129,0.0020464101284493642,0.003606146728900574,0.0036554661222803868,0.0019834131912556886,0.003360377312098885,0.003798812697492895,0.0025021177363233503,0.004167371435002232,0.0035104526631052416,0.0021330246519116894,0.0028019506930306607,0.0033946566350595395,0.0023452716554621758,0.0029386951469760475,0.003779642657784966,0.0030431419934616637,-0.008039194677058251,-0.008916742935272247,-0.008377892719969405,-0.00934847456966018,-0.008434121889473145,-0.007644516784150065,-0.008469072730884668,-0.008515671977520128,-0.007991555162350252,-0.008353562380757,-0.008195869314636514,-0.0072992117706113906,-0.009024979396688304,-0.00857522600845583,-0.008976761803287778,-0.009183184534155201,-0.008331545549472224,-0.008610715141359797,-0.008565824652725216,-0.008534610736928938,0.0024462161883564075,0.0046072594847232935,0.0032813672075205375,0.0019095592039349999,0.00190852640941817,0.002998167280402597,0.002496874233275033,0.002386317526788568,0.0037238131768706152,0.0023233378047396963,0.003597080929557763,0.002812912473553643,0.004256050872548689,0.0024439218020046913,0.002685088180786881,0.04615811552472781,0.020379108600381984,0.018434176416602804,0.018614838405544443,0.021837318300448848,0.018635082307294097,0.021767434103098907,0.046702888713841186,0.044410145315472035,0.0447997525940398,0.049139334716759776,0.04481287227347076,0.047532808051105296,0.018879917619482562,0.019396124130930732,0.021975532466335247,0.019262614794001227,0.021724254796939204,0.018420230325305795,0.020495473667195705,0.017974044644213732,0.019562327193161172,0.020526827711275793,0.018279981028650614,0.019962635840990645,0.02034577249622786,0.02339779816600872,0.0199828427710226,0.015701379862961676,0.013401675282784128,0.014081453803706913,0.017522459695687748,0.014131963319758488,0.01746413458669644,-0.0008636595898831293,-2.329542242333814e-05,0.001774497160882278,-0.00011074652861302721,0.0028863199405086827,-0.0010453222162360146,0.0003512621184736687,-0.0013817573083706142,0.0007380961536283059,0.0006593213173990188,-0.0008238049012425117,0.0014266773208274888,0.0005556402008685108,0.004117931130745119,0.0015183520259472085,0.013574261097760552,0.014624681749339976,0.017368567335182,0.014487130068432436,0.017128125388316685,0.013217461195516879,0.015556801884206668,0.012822800869430932,0.01403309861646396,0.016081537470630514,0.013595105001731562,0.015510981336395361,0.015972803775646596,0.01916452017826803,0.01556140890164149,-0.0006213942241122041,9.790661942861602e-05,-0.0011371366825923509,0.00028838063298828334,0.0007474906644517635,-0.00023754967288935883,0.0013526421730793285,0.00048744834388876347,0.003369569455129653,0.0012653243463119218,0.00031078334651276046,-0.0005680239239319571,0.00010694642680364215,-0.0002676176913518644,0.0017240090112462388,-0.00022907643872455307,0.00016805341921045775,0.00225632262980987,0.0005533492995890778,0.002152811422917932,0.013162808755474164,0.011540343985936955,0.01133269676472124,0.0141945881291405,0.011530431451929576,0.012571869347010801,-0.0018912087420444373,-0.0017883571089209107,-0.0005854857046065561,-0.0017269253461575703,-0.0004959811030877592,-0.0022227798656968686,-0.0015259787787098664,-0.00246882579308275,-0.001948066545792408,-0.0019404209185977094,-0.0026034559588468545,-0.0021583701744512605,-0.001953771514460038,-6.645012077603555e-05,-0.0019287479548032,0.012309323865202821,0.01243961007127266,0.014634961653611228,0.012482456547239899,0.01283000599922979,0.011793090702281496,0.01351899061418975,0.011543897844930054,0.010984622571134868,0.013139245518945433,0.011439783627905657,0.010999198358588265,0.013158661516187636,0.014081835129564128,0.011197008337240546,-0.0012361879441929876,-0.0012061433268509617,-0.0016500954719202983,-0.0018021487209747705,-0.0012440938990586712,-0.001408207861913092,-0.0016702140930370776,-0.0014289881291793729,-0.0002447878429913949,-0.0016087882390414757,-0.0010490463424010592,-0.0011948811923064094,-0.0021336989950456577,-0.0016081532723875266,-0.0012140702781477436,-0.0023797289385818054,-0.0018401737709298877,-0.0015993091040906095,-0.0024852410598537136,-0.0016126538696383968,-0.0032744352764053665,-0.0028496931194768177,-0.0012628776876356367,-0.002734809071882746,-0.0018993824148506836,-0.003510970286278082,-0.0023499841442186013,-0.0036683417713074943,-0.003694557112040685,-0.0024356397120440863,-0.00350407783137942,-0.003420411343794505,-0.0023599933637704715,-0.0009130531072687227,-0.003125645741235067,-0.004626957493590101,-0.005004208498609725,-0.004912218472510283,-0.004586131270406102,-0.004776072692151554,-0.0044338596398200494,-0.004160853338254636,-0.004839445653553285,-0.0032304448738257534,-0.004016441587443936,-0.0046526471317976425,-0.004203523646863472,-0.004642236173319609,-0.0050242853263419915,-0.004127504051002985,-0.0047589031706628485,-0.005034210139872923,-0.004213304013255313,-0.004594466703220079,-0.0041081426146459595,-0.002761161132347239,-0.0022980432770609133,-0.003098188558830827,-0.0038398555052472,-0.0020413725106642206,-0.002591520977981737,-0.0031885927091907357,-0.002122487801974875,-0.0013782613911223359,-0.0030736642729508336,-0.002139079457986867,-0.0025824686337103963,-0.004076548630863516,-0.0025162846003784676,-0.0026915993699111176,-0.0042340228594555844,-0.002497077281073237,-0.002551224294908491,-0.003843228407721054,-0.002475564829803824,-0.004373653256965134,-0.00342519467187444,-0.0045377243592088605,-0.004913794202254472,-0.0046913500150036124,-0.004822967995778308,-0.0045461855840472866,-0.004434115253474854,-0.0043154823303928076,-0.004497470840190277,-0.003773634916008886,-0.004339885447262954,-0.004114316984453075,-0.0047114202030497125,-0.0046921763685149895,0.01823036301727302,0.016200935695423396,0.01682190738181497,0.019568562358718372,0.016835723085417174,0.019421562957704,0.0025279058165114934,0.0032738776945159293,0.004308375439623182,0.0031385010477578564,0.005420257141283315,0.0026161791608708303,0.00313574215373351,0.0021632327486884213,0.0035562597038814297,0.0033893495516321504,0.002695808012934779,0.004185285309499848,0.0032054803462623184,0.006090581698937868,0.0042058757213285876,0.01694131261789477,0.01789790969138282,0.019992652157729645,0.017768912382658434,0.019652727831885246,0.016840258366116797,0.018457583965062994,0.01640924217324218,0.016830356739304254,0.018927866815904273,0.017155419103124892,0.01824670853116075,0.01885864000828627,0.021206607278516938,0.01826048344727358,0.0035726616483958847,0.003439871335267011,0.002964102028716816,0.003675716674317052,0.004067890657561604,0.0038708240444637666,0.004644817017413319,0.003754080998149405,0.005899040081075669,0.004509628689297426,0.0040254311500656365,0.0038466986036036375,0.0037638834703854155,0.0032985512429831877,0.004504437548647321,0.003311499315669287,0.0038148828309133216,0.004981635916099362,0.004067608690851868,0.004798067260753213,-0.0043491846201887995,-0.003056438843830534,-0.0017294654671783096,-0.0031964098249827218,-0.0007269473379466313,-0.004153338635188162,-0.003240714674673912,-0.004554593251993149,-0.0035453580747562374,-0.002482331024772075,-0.003545150407766265,-0.0018142363160191506,-0.0025927632600365224,0.0004402142926715269,-0.0017630357690425586,-0.0055705094894014815,-0.00620805216922629,-0.0060886339388134345,-0.00487926005537279,-0.0053309386260495485,-0.00496125584865264,-0.0035861692911008463,-0.005592402719913767,-0.002915516595469912,-0.00367389788826894,-0.005434430014898013,-0.004957689712473264,-0.0045026863977589765,-0.006015980903766374,-0.004236045705023846,-0.00484015025317587,-0.005354206643878955,-0.003477092058892199,-0.003830691511987105,-0.003581134287291964,-0.0034173765702633233,-0.003214571554359172,-0.004009757431152902,-0.003705019723477212,-0.002113831010106172,-0.0026583197491469386,-0.0015972146870081164,-0.002369570836116592,-4.997913555440246e-05,-0.0017369343143992773,-0.0026348574610759344,-0.0030727711438303987,-0.0035093118710972544,-0.003198492094119229,-0.0023742244947142998,-0.003910275522778403,-0.0023123905027560105,-0.0008013615787290834,-0.0020850573959491745,-0.0009115996867440166,-0.005181125937574177,-0.004204666829428853,-0.004412613024879551,-0.005919816415684353,-0.0048257521968802074,-0.004930099332918789,-0.004880437003274893,-0.0037235587329615266,-0.0035778139712596023,-0.00398459074999854,-0.0043458470446801995,-0.004053254511456867,-0.003800549207989503,-0.0046339586824027425,-0.00374680432433027,-0.004419533612811174,-0.004063827927063292,-0.003338523112797671,-0.004020170619851359,-0.0038915026234530854,-0.004385202102597866,-0.004138775372687222,-0.004638218586960914,-0.005431865789767718,-0.0043015800159833415,-0.004520394300839281,-0.005192306108858794,-0.004281610955680732,-0.0035672164005243617,-0.004991422615609539,-0.004967506667119017,-0.006288047572480967,-0.005382881805181969,-0.005759306884004605,-0.006102312187608305,-0.004916490482471458,-0.00540315437947857,-0.006288068332735233,-0.005322085172431772,-0.005341496302664755,-0.005570517668584806,-0.004367152544500542,-0.005532561094927062,-0.006132160971538614,-0.005960291214619919,-0.0057794011618097696,-0.006141214593153029,-0.006123393402944435,-0.005661448174052042,-0.006136819831630965,-0.003078586555287604,-0.0035074012884741064,-0.0034882201395783296,-0.004985710113963657,-0.0032930041943067274,-0.0029935433725587976,-0.0044031959240222775,-0.0034038972774419886,-0.0034542632885859377,-0.004359519163618456,-0.0029549181287932937,-0.002654660096104052,-0.004951358839639218,-0.003399683719628226,-0.004481196525901247,-0.005204540778478354,-0.0033796170034239704,-0.00441748738302207,-0.004859935729272024,-0.0043975134031417895,-0.004707231907336989,-0.0030055844721052064,-0.00487825166414378,-0.005440588825605576,-0.005974827418027517,-0.005293600500241884,-0.004948544944752262,-0.005759946881541799,-0.004798069904842393,-0.00594564665300606,-0.0037769955860493315,-0.005257502722025438,-0.004277935218431467,-0.005818982472718509,-0.0057988428308084795,-0.008025177074854636,-0.008902713514114792,-0.008363870670378729,-0.009334437954702866,-0.008420098746220302,-0.007630504320544945,-0.008455048615747337,-0.008501647879268236,-0.00797753721629137,-0.008339539814751329,-0.008181849373771526,-0.007285203780917233,-0.009010947017954431,-0.008561201080329083,-0.008962729877016766,-0.009169150077864575,-0.008317523831056231,-0.008596688938458335,-0.008551799239111481,-0.008520585565435414,0.002238011410679342,0.004399475746709813,0.0030733193087076247,0.0017012483104716398,0.0017002117232236698,0.002790064960942249,0.002288679489314335,0.0021780955952119224,0.003515852382369412,0.0021151044241050623,0.0033891032864050473,0.0026047769405061886,0.0040481951456912725,0.002235712415689547,0.0024769262009650883,-0.007601511877177403,-0.006185672055583115,-0.008593729781066053,-0.008138245706038957,-0.009247259201795328,-0.008932645157497417,-0.007516066632476792,-0.008536710227485556,-0.007971238754110009,-0.008618272307737873,-0.0066156303224289,-0.008526074225049517,-0.007853276210922775,-0.008905594721246187,-0.008434117167792354,0.004036507846527961,0.0025488801868871628,0.0044881413640741954,0.0020122640807656313,0.002628513579862444,0.0036996574574541417,0.011849343328818542,-0.003232041796750805,0.015662417727907066,-0.0038921819785351234,-0.004817116791225165,-0.00520565188088827,-0.0027650022680034037,-0.005204948154612082,-0.002890541182627144,-0.005132402972295066,0.013545804487402075,-0.005219960893812222,-0.005432519962735577,-0.0067661481193403514,-0.00495481365389147,-0.00662591709292551,-0.004733802348385085,0.0027759665295911114,-0.0040246229290229335,-0.004190151984967729,-0.005200649783074952,-0.003902844744204752,-0.004967503126419975,-0.0026576527223246497,0.002424132973023591,0.0018435152559671275,0.0010641840762758512,0.0032724594454534802,0.0012827022687805772,0.002520670848663567,-0.004641562056824714,-0.005328014676525323,-0.004709918721607254,-0.005256100782335884,-0.0036265688413149714,-0.004549395021556162,-0.004363455187818649,-0.0047501609517085494,-0.00401842635280462,-0.005561130343147736,-0.005697902129305594,-0.0048020169955759065,-0.005555590097841316,-0.003281546785225679,-0.00456898243743553,-0.0034834121110777143,0.01545760453152911,-0.0035852226968872535,-0.004232958233853343,-0.004696002880285853,-0.003098627565298352,-0.004810040399094166,-0.003141843382171299,-0.0010701062251656601,-0.008185248638105172,-0.008777179541052331,-0.008942650667086438,-0.007891399912435376,-0.008941986837644468,-0.006843548491371106,-0.001449011754342413,-0.0022580738216936144,-0.002393457229622106,-0.00038284885234755124,-0.002383155302635762,-0.0011854572108516257,-0.009256488008928363,-0.00909647900512504,-0.008715899469259051,-0.009246107193609562,-0.007842262513046993,-0.008740972586183912,-0.008805519571064763,-0.009175829894037887,-0.008463281079862642,-0.009135585843921606,-0.009254819349347314,-0.00859944262883952,-0.009385202003673957,-0.0073243309464119015,-0.008598775114006755,-0.0020355168240784906,-0.00828568109750778,-0.008162130764973246,-0.009274782212868813,-0.0088333005027079,-0.009134242403769387,-0.007461439584994192,-0.0018125717372991933,-0.0020789547718396435,-0.0029586236740467287,-0.0016403198862105961,-0.0028286922208445513,-0.002291878751035791,-0.008065868652337802,-0.008818291671340066,-0.009092964343265654,-0.008872907742910425,-0.007885502669754133,-0.007716236133339107,-0.00841594278212561,-0.008023677700168748,-0.00798951501089348,-0.009779549192641871,-0.009053988568790129,-0.008874108616015312,-0.009955192733519459,-0.008208487545840065,-0.008733635234037007,-0.002146580025318056,-0.0023950233310595977,-0.0029542091295340967,-0.0021071717567329317,-0.002734874713372898,-0.0017150570542900448,0.0037058970675674066,0.003247323373109225,0.0026401394561771695,0.003318692363308617,0.0047125333440408415,0.004351660730727713,0.0033166363077698144,0.004152619501394,0.004656152535563082,0.0023502754876712608,0.003435297783966333,0.004100609607849059,0.0023558636672988374,0.004390212860954875,0.0043317814699675205,-0.002546656348574523,-0.002782206848282943,-0.0026211483503041136,-0.0027123327525260337,-0.0024029675880090267,-0.0020887592263639184,-0.0023298845646138495,-0.0022794736772655255,-0.0026805789496384337,-0.0030755504249154984,-0.0027754260796547907,-0.003210771964988812,-0.0030798144531054518,-0.0021404920177075237,-0.002991390081958953,0.004407378316611504,0.002697312978660472,0.004048453870745954,0.003875856072639311,0.002086827515399091,0.003687006234631333,0.0036417489225215086,0.0018993210814045557,0.003256782198080627,0.0037130841711480868,0.003731517040787566,0.005422007218702413,0.004521475415250572,0.0032940727189652488,0.003708503143037945,0.004322479255555138,0.002409091682901923,0.0029671224539895486,0.003829630203062426,0.0029727136739132283,0.012303162539279268,0.043676651694794996,0.012532827898947625,0.011564781736108374,0.010888422275056051,0.014106967455816136,0.010776313521751882,0.012640000837415134,0.016114595682895062,-0.0036548368867028043,-0.004579566423241128,-0.00496801540081499,-0.00252791247587347,-0.004967309142704259,-0.002653414444572337,0.016070749603560176,0.014945840173348574,0.014593108960373743,0.018077532126222744,0.014603233167030156,0.01600216414370804,-0.004721582005365712,-0.0047857881256498916,-0.003013339863261551,-0.004934800218973761,-0.003313211315951381,-0.004767088674959636,-0.0034373958924218233,-0.00520029859408394,-0.00426682171019646,-0.003989184099376129,-0.005502708524296038,-0.0046260012319956625,-0.004237493082034761,-0.001963600350014824,-0.004625291314395329,0.013998897964921916,-0.004982291795104374,-0.005194817472175279,-0.006528130769542699,-0.004717201674741383,-0.006387928987054026,-0.004496271428001377,0.014547795083898592,0.01395610013940805,0.012869926756381702,0.015719568377261454,0.01299796086283251,0.013746085602315765,-0.004763374042967102,-0.005737025291943357,-0.004640375720425579,-0.005791444725923166,-0.004583766669115151,-0.004973796337921409,-0.004301705288326537,-0.00528042268007404,-0.005022868349472676,-0.0058834517005416425,-0.0065318380560643215,-0.006128833040987946,-0.006058300474176306,-0.004095330422520684,-0.005988697416358607,0.002660060662317561,0.002079572769080745,0.001300413267230116,0.0035081955137877333,0.0015188835438514515,0.002756572055955145,-0.004627588561548372,-0.005314031223080628,-0.0046959432031890135,-0.005242118219852875,-0.003612609374777472,-0.004535422770083533,-0.004349485109875877,-0.004736185985131342,-0.004004461813879715,-0.0055471435723503364,-0.005683913762245633,-0.004788042272463212,-0.005541603241679252,-0.0032675918595911667,-0.004555010646371057,0.0022617667569119647,0.0018051153762851622,0.0033298657063039615,0.0018746640308173908,0.002404739526770844,0.0021624232294315537,0.0032866892302377605,0.0019724435675344235,0.001795124289636115,0.0023229247444669144,0.0012561946769412947,0.0010447948556659714,0.002318706572041677,0.003474933742942854,0.001263312323227791,-0.004143999781762795,-0.0046379010015331875,-0.004505827492552155,-0.004455766742480832,-0.005476893959841311,-0.005094457717609262,-0.004915340189449292,-0.005665857852949025,-0.004074082355853272,-0.004843461360513239,-0.0041550131852522345,-0.0036795197541854637,-0.004363621899389836,-0.004595814492823065,-0.003954276387680612,-0.004564339411618633,-0.005711809196083521,-0.004924678235514358,-0.005285037511072461,-0.0049191347841181406,0.01590986223055119,-0.0033479504066847416,-0.003995540491635047,-0.00445848042227837,-0.0028614626320284837,-0.0045724884368047464,-0.0029046652662462263,0.01644364352577652,0.015619232442036678,0.015193565367070918,0.0179597699735094,0.015152457424606662,0.015797398297437974,-0.0035790142325343166,-0.0036834104713760222,-0.002758140831640826,-0.003950416189347561,-0.003006422426235672,-0.003356906084872909,-0.0028960399674055498,-0.003916810864967639,-0.0036829579192765266,-0.003525351777916778,-0.004215689030538466,-0.004116618410880594,-0.0039452822625789434,-0.0022969794995978663,-0.004230586635773248,-0.0012122183413096738,-0.002021100431723365,-0.0021564542670009855,-0.00014629640704646562,-0.0021461548318824886,-0.0009487092554778263,-0.009242454307213122,-0.009082447298578157,-0.008701872499049168,-0.00923207347615742,-0.00782824697878114,-0.008726945693027354,-0.008791491430373824,-0.009161797169776418,-0.008449257508504308,-0.009121553314187809,-0.009240785550951631,-0.008585417302310676,-0.009371165914060826,-0.007310322098459858,-0.008584749637534325,-0.001863978437974535,-0.0016759290385136585,-0.0003396106780105,-0.0018035077798745633,-0.0013275939798658974,-0.0015436268122014114,-0.0006203259421428704,-0.0019430735873819396,-0.0023625665301223093,-0.0009187611129555102,-0.0019924135988878245,-0.0022719899862675237,-0.0010942444945971337,-3.8862180587372775e-05,-0.002261688704262424,-0.008359997096175732,-0.009095574121902593,-0.008944948624248375,-0.008928429770415603,-0.009065565980400531,-0.008663898265966056,-0.008739194402706514,-0.009469015085716154,-0.008134387930581891,-0.008888774895115562,-0.008176420393578968,-0.007681237360631594,-0.008413062511871312,-0.00887391602442999,-0.0082532186339168,-0.008847792784419236,-0.009039156423933903,-0.008553853680811699,-0.008897485193885493,-0.008803328125916074,-0.001575692954004688,-0.0018420164249455609,-0.002721487529337198,-0.0014034746712213882,-0.0025915845876272846,-0.0020548972963616323,-0.008051849746390918,-0.008804261845548481,-0.009078930474721454,-0.008858877021665068,-0.007871486985170513,-0.007702221821859382,-0.008401918789322185,-0.008009659224205861,-0.00797549794990047,-0.009765505824364447,-0.009039955444675377,-0.008860079820247066,-0.009941146507882918,-0.00819446722842842,-0.008719608163371776,-0.0010831333241287492,-0.0016042946825663377,-0.0009759291762750443,-0.0016273031309926116,-0.001831952865607185,-0.0008985839788234694,-0.0006083985062575007,-0.001131936098286496,-0.002127434297300398,-0.0017352936973178588,-0.001929096934485799,-0.002978001414935929,-0.0017962023237367947,-0.0014367879730199276,-0.0028480704015730164,-0.006726456838279161,-0.00814077111539847,-0.007228386178537553,-0.007879259120215157,-0.00901974390122538,-0.007774235456261959,-0.008403822252457257,-0.009423518619347154,-0.008453937880137248,-0.008458405210377823,-0.007279400519814794,-0.006072763998806225,-0.00752970920631864,-0.007913308635944466,-0.00800493589768547,-0.007837076480355127,-0.009059056959741105,-0.009140006450330437,-0.008639392961140907,-0.009315498462443639,-0.0025327111861889323,-0.0027682585533796936,-0.002607201888197969,-0.0026983854479801523,-0.0023890245040228283,-0.002074820057415092,-0.002315941975887761,-0.0022655320976859594,-0.002666632249497143,-0.003061597991240014,-0.0027614779430769443,-0.0031968184119058113,-0.003065861900864571,-0.002126552275374963,-0.0029774393648669736,0.004199546362321016,0.002489144181723007,0.0038405514396547577,0.0036679320161551927,0.0018785242163652642,0.0034790184373800384,0.0034337783009643543,0.0016909778053255304,0.0030487363413387856,0.003505126747249453,0.0035235526394240264,0.0052143730134381885,0.004313679450923743,0.003086020151891892,0.003500546749118371,0.00411464308932025,0.002200849697460327,0.0027590196384373786,0.0036216965889545754,0.002764609602918776,-0.0013668217594416025,-0.0022934089543912733,-0.0017067051225068267,-0.0028182990039291277,-0.0026810102909060178,-0.0018446361790297545,-0.0030247822315821226,-0.002838216430964144,-0.002640527451128085,-0.0029548924012699125,-0.0014171881276983124,-0.0005057808764701762,-0.0023602958478347517,-0.0017846896029745734,-0.002378370608637813,-0.002551052794043452,-0.002448222440931027,-0.003094928133980878,-0.003017998853882191,-0.0030991922359336075,0.003775223234571543,0.005979382271358941,0.004369395511291646,0.003144947073056933,0.002881369329757678,0.0040104802172573695,0.002738375808536185,0.0024957076619698307,0.0038733301948250805,0.002308302565455031,0.0049765681877108016,0.003915329262754451,0.005383998311848527,0.003477989706545934,0.002817812180295055,0.011891580186894277,0.0427934007763953,0.012121338971250853,0.010932646225079761,0.010476264262561251,0.013476454231042892,0.010364368061179775,0.012008513056287768,0.015645708090093215,-0.0036660914857586115,-0.004814406861027194,-0.00497928196559342,-0.0027623004799069385,-0.0049782688286528435,-0.002887838796637776,0.015601840207697578,0.01425685353171118,0.014123519838762005,0.01739069282460211,0.014103609430606887,0.01531384357669809,-0.004956452228513393,-0.004797053091421412,-0.0032478349833965935,-0.0049457596765660194,-0.003547780079320482,-0.0050019695243528105,-0.0038953678325960987,-0.005434968033308396,-0.004725161236949529,-0.004223894808634531,-0.0055136716468447465,-0.004860856084986253,-0.0044719572294883506,-0.002420946029520557,-0.004859841990648863,0.013529029990864134,-0.004993559886091328,-0.005429807429937134,-0.006539413191294917,-0.004952102826800411,-0.006398899246511847,-0.004731092757399513,0.014078181695859629,0.013266445011311547,0.012399535364625508,0.015031134905417035,0.012497531326009509,0.01305630274932291,-0.004998268060467071,-0.005748300423122985,-0.004875261564174674,-0.0058024111766046774,-0.004818607066215232,-0.005208737647050683,-0.0047600834292710415,-0.005515124778890234,-0.005481523654213131,-0.0061186190912334276,-0.006542809321061916,-0.006364015258713238,-0.006293204662023503,-0.004553589000755133,-0.006223540494893784,0.002589264671899663,0.0017865525602320125,0.0012295268301385138,0.0032155742984562013,0.0014175264365842689,0.0024637458621591425,-0.00449639487149614,-0.00495905948278005,-0.00456473017529985,-0.004886862675232372,-0.0034815524989174292,-0.004404241221314037,-0.004441839432490543,-0.00460467195438944,-0.004096781254810429,-0.005415820615131189,-0.005328507434564355,-0.004656836246914254,-0.0054099712734318,-0.0033598514546112446,-0.004423527858745456,0.0019687992512492664,0.00173426234545618,0.0030371935094050083,0.0017733435523657386,0.0021118155781296873,0.0018694266830540105,0.0027720283737660005,0.001648919591585267,0.001279744537168199,0.002029972948012347,0.0011548107562852144,0.0007514965484702343,0.0019952872682538476,0.002960377651383131,0.000939572265902796,-0.0040128684554730076,-0.00473027888100118,-0.004374344359240705,-0.004548122408153637,-0.005345579634274742,-0.004739253287562536,-0.004784117170848723,-0.005534208695713239,-0.004166408308460215,-0.004711940801963866,-0.00424735137072361,-0.003548143575236307,-0.004455969809256996,-0.004687883535641969,-0.004270056853650115,-0.004656398148556811,-0.005580154158071819,-0.005017074210513167,-0.005153459055820192,-0.005011224254815771,0.015440888947459994,-0.003359201985972515,-0.004230250639277173,-0.004469742298977568,-0.0030959244508787136,-0.004583445642458519,-0.003139140056617556,0.015974917060413513,0.01493071195341146,0.014724259540845785,0.017272882174067777,0.01465311887339616,0.015108953321660578,-0.0038136320577826137,-0.003694665225387177,-0.0029925791541441913,-0.0039613693120452795,-0.0032409196823475,-0.0035914757933142405,-0.0033537807036433465,-0.004151202563655978,-0.004141042394197387,-0.003759963774351975,-0.004226643767292212,-0.004351361309531355,-0.00417969183328101,-0.002754469628446912,-0.004465052939413009,-0.0012832740382293587,-0.0023152574724853007,-0.0022275728260868874,-0.0004399309501674164,-0.0022478864487623985,-0.0012425864769242394,-0.009110672093241382,-0.008726231752135346,-0.008570156215063974,-0.0088754883260732,-0.007696642472900483,-0.008595230006205039,-0.008884207193830252,-0.009029706307713473,-0.008541944794213031,-0.008989782713921842,-0.008884198278832803,-0.008453717038436045,-0.00923904180229042,-0.007402917800895024,-0.008452731330265585,-0.002158090853621554,-0.001747016055109449,-0.0006333007971920572,-0.0019052041629248214,-0.0016215778682977333,-0.0018376523540951848,-0.0011368917930324306,-0.0022678210336445487,-0.0028800489804962338,-0.0012126122557311722,-0.0020941294909894853,-0.002566234052437783,-0.001418725701397066,-0.0005551739478451592,-0.0025865573252061677,-0.008228328028899008,-0.009188314884844867,-0.008812886792036434,-0.009021156028336873,-0.008933802030327943,-0.00830750848685382,-0.008607473149495,-0.009336878572276669,-0.008227051666522113,-0.00875671653227277,-0.008269085424211254,-0.00754934046144573,-0.008505746381863797,-0.008966321926662914,-0.008570273498281392,-0.008940194999968662,-0.008907078367371202,-0.00864655202292839,-0.008765426003998536,-0.008895730841554237,-0.0016467742612014525,-0.002136129968959586,-0.0027926460418163388,-0.0016974726157356834,-0.002693364988724632,-0.0023490643474819825,-0.007920212456291412,-0.008448095444884526,-0.008947147518248263,-0.008502370803151988,-0.007739880850056828,-0.007570629431948993,-0.008494609099021846,-0.007877711127582624,-0.008068144589896057,-0.009633630207614022,-0.008683386816972902,-0.008728345597958641,-0.009808922705093544,-0.008287134289788606,-0.008587573837808886,-0.0013770334294589735,-0.0016753778541924909,-0.0012698070715806314,-0.0017289835647012915,-0.002126057739989171,-0.0011924331631414594,-0.0011249647758563891,-0.0014564295013310647,-0.0026447374342757936,-0.0020293843599631127,-0.0020308071358236804,-0.003272425842140539,-0.0021209186289624115,-0.001953765135368666,-0.0031731061686207326,-0.006594990421595346,-0.008233440429685587,-0.007096540750072352,-0.007971897619410672,-0.008887967750721594,-0.007418110750594632,-0.008272146630420625,-0.009291364785148554,-0.00854662705721566,-0.008326404627020534,-0.007371996279741047,-0.005941070992688034,-0.007622319108081291,-0.00800564458472341,-0.00832191440363116,-0.007929397170333604,-0.008926956662020336,-0.009232754888896086,-0.008507368419948272,-0.009407945563582886,-0.0024616868448697257,-0.002474085634176941,-0.002536170656086939,-0.002434854558434292,-0.0023180112713103275,-0.0020038279081939373,-0.00246801924307786,-0.0022251404638371102,-0.0028187530850145295,-0.002990534690275535,-0.0024979314993169286,-0.0031257489170136224,-0.0030254405817115855,-0.002278599184612019,-0.002937023129770164,0.004651779779816575,0.0027201094467160666,0.004293218804172434,0.0038986285355587665,0.0023317776870596593,0.0041536282733068575,0.0038863116196403953,0.002144605192673233,0.0032795665309063486,0.0039579138776799985,0.003754293579574699,0.005666456257396159,0.004544235381282751,0.003317142010539033,0.0035094614153511356,0.004345524445567219,0.0026542565032918763,0.0029899123370098236,0.00407443186903624,0.00299578870987434,-0.001295879697194784,-0.0024454828665310445,-0.0016663337182327728,-0.002970440172709437,-0.002609973676875056,-0.0015813167144685262,-0.0029537243680488935,-0.002797803399842923,-0.002792647352425842,-0.002914477020591693,-0.0015691388832949607,-0.0004654515084329508,-0.0025123732872586813,-0.0019672932162314504,-0.0027535960367719354,-0.0027337865814704115,-0.0024078238915628313,-0.0032471115156643606,-0.0029775812278606635,-0.0032820279114256323,0.004005910147973974,0.006431137033468713,0.004599940078793142,0.003376057116611344,0.002890287756001497,0.004241383678520822,0.003191540790680187,0.0027266583826038044,0.004325958288020663,0.0025395834035769563,0.005207275968422497,0.003924241386050387,0.005614603771888919,0.0034871882202213576,0.003048980570093702,0.04344743330547907,0.012575046229435704,0.011386868282764497,0.010930685203314664,0.013929534713944784,0.010818843746258253,0.012462279899500888,0.04428731849575981,0.04295074394227474,0.04253624043796081,0.04680469747519284,0.04246679496350765,0.04312602805428869,0.012127420141039506,0.012024700622515889,0.014360518078766232,0.011762030536835567,0.012691918741525404,0.011796204547375778,0.013675923966459865,0.011244764334223615,0.011475091633058074,0.013056690903625268,0.010949998986829808,0.011047703000785877,0.012644302723087942,0.014265862851670169,0.010935873020061394,0.016054052420738107,0.014709644315322297,0.014576366696429203,0.017842102419533917,0.014556467415417466,0.015766206764342844,-0.004718872473930742,-0.004559507047767705,-0.0030106370907773744,-0.004708180319257231,-0.003310507267393665,-0.004764378956106764,-0.003658024555861744,-0.005197279536101285,-0.004487626843085148,-0.003986477451179092,-0.005275964989671683,-0.00462329201404605,-0.004234480453253235,-0.002183928403243625,-0.004622276047081478,0.015193372221841387,0.015378584974716489,0.017980420667286078,0.015222835974312772,0.01572234162847434,0.014960267320184859,0.017157233541529853,0.014536796563663624,0.014155989777423153,0.016863872891791278,0.014488287911808525,0.014244099602916472,0.01666119367430698,0.017729967855485338,0.014224190936061008,-0.004063556940244844,-0.0036255581180894858,-0.0046458523228573275,-0.0046296335143378945,-0.0035956685214989193,-0.004365908496807752,-0.004441117503234795,-0.003996675036018709,-0.002669208288516193,-0.004589777654245245,-0.003269190244454445,-0.003945594444130098,-0.00467513690512791,-0.003963068179123005,-0.003345532819486864,-0.005108009934655682,-0.004127600677849676,-0.0036447556422899044,-0.005157512184677196,-0.0038926789396062696,0.014531051315049053,0.013719665609511114,0.012853131541072383,0.015483569575563943,0.01295108924247411,0.013509605267638529,-0.004760664177509894,-0.0055105117649338975,-0.004637666124530418,-0.005564608027729837,-0.004581057678084925,-0.004971085627062346,-0.004522528996455455,-0.005277402886531274,-0.005243825048090271,-0.005880737084533652,-0.006304839359327822,-0.0061261179041567386,-0.0060552750169229645,-0.0043160966860047775,-0.0059856730200616845,0.014796556551542654,0.01428331606354636,0.01623300719489374,0.014230525669514797,0.014058755462205322,0.014429645490160035,0.016046236073423353,0.014169289921901895,0.013218311959822069,0.01493766963987888,0.01338379535718867,0.012380113776750922,0.014847600219870052,0.015231093154604056,0.01247810928739123,-0.0036627262293631837,-0.003927119535077458,-0.004162867791014939,-0.004812388565065978,-0.004802306479957615,-0.0047070004016434965,-0.005335409465810214,-0.005203956045814138,-0.00423930653426691,-0.00538948845764341,-0.0036275583989297724,-0.0035688278263491845,-0.0050228075779146794,-0.004258833086814072,-0.004350728204043733,-0.005329121241454072,-0.005400369939708022,-0.005481745343731269,-0.006129506594193645,-0.005656182091384853,0.00220482708205753,0.0019703430784083834,0.0032729834084823514,0.0020094158818967202,0.0023478083149826223,0.0021054779120508135,0.003007877426973072,0.0018850198889992576,0.0015159230654774468,0.002265988121787821,0.001391021884082828,0.0009877909079458647,0.0022313127570005244,0.003196178689887897,0.0011758270200268644,-0.003998903335300757,-0.004716304051889669,-0.004360374523554588,-0.004534151078301844,-0.005331595741026482,-0.004725277689472674,-0.004770142699679685,-0.005520222147425501,-0.004152441764236183,-0.004697967259537165,-0.004233382914291074,-0.0035341844435988028,-0.004441999722877507,-0.004673909173378699,-0.004256088940235977,-0.004642425386471809,-0.005566167021702719,-0.005003096425456873,-0.005139479714795858,-0.0049972464232261255,0.0031436164016896886,0.0033631557177772743,0.002774671266088301,0.0016982141739457454,0.0029776645265229907,0.0026373516454613823,0.0014926296221735424,0.0027908420829344223,0.0030177983243955524,0.0015317185977509406,0.003680293821608584,0.0034160695007552297,0.0015988171059762514,0.0032840464146481453,0.0027236584111261517,0.0013782589207290575,0.002623746916048337,0.002010580714604195,0.0009130569155967218,0.001975894926729756,-0.0036447618056861648,-0.002428097419991276,-0.004050637083137946,-0.0042792725692997104,-0.004544460388781955,-0.0044121035523833965,-0.004689030015822328,-0.004932890027361909,-0.004550402468671706,-0.005121417725867328,-0.0029926316768078497,-0.004061647235520019,-0.003585924521332128,-0.004502073852111139,-0.0051673402275916385,0.016426958120531396,0.015383202848888201,0.015176841678136347,0.01772432251051573,0.015105728771769071,0.015561396303895723,-0.0035763092396786083,-0.003457367230899965,-0.002755439077318162,-0.0037240101647567246,-0.003003719638991983,-0.003354201963159876,-0.0031165576492783917,-0.003913800429126878,-0.0039036406139938314,-0.003522646928719464,-0.003989227302111811,-0.004113911209925196,-0.0039422714851406315,-0.002517376894526222,-0.004227574006477382,0.016444247378909083,0.016589729851361163,0.01849798785934635,0.01640842896679493,0.016095395760211382,0.016502120785975013,0.0180383706949778,0.01607352406996401,0.014829997250013945,0.017669243697763085,0.01602793923278016,0.014844805666611552,0.017536070770809153,0.01761217308137923,0.014773668028090896,-0.0020622941418734254,-0.0024953517689709917,-0.002774128755447565,-0.0034871424395115434,-0.0024202116873660168,-0.002368540514598958,-0.0033390755088473136,-0.0029649676431819966,-0.002414087512086652,-0.003605694204790819,-0.0017236755210301978,-0.0017083178712424259,-0.0032650488331423216,-0.0025989509147542585,-0.0028042126429101695,-0.003824611026151813,-0.0025868687530005885,-0.003181058914941274,-0.0038708889837001785,-0.0036005443395580867,-0.0019211405631721795,-0.0015101555217369787,-0.0003966907531533089,-0.0016683097086725989,-0.0013847311336452166,-0.00160077205834483,-0.0009001696670293208,-0.002030845761582764,-0.00264290676917157,-0.0009758724741897767,-0.001857192345452535,-0.0023291776911914122,-0.001181940841787437,-0.000318568269801857,-0.002349495081583369,-0.008214307907498854,-0.009174281755989309,-0.008798859023069884,-0.009007125221676534,-0.008919772184504146,-0.008293487311547951,-0.008593447674837947,-0.009322843289141814,-0.008213030925163553,-0.008742689087007899,-0.008255064454939813,-0.007535329203548533,-0.008491722381714778,-0.008952291546579828,-0.008556248251017272,-0.008926165209461254,-0.00889304895028085,-0.00863252572569552,-0.008751398477835712,-0.00888170102582138,-0.0005847680278236721,-0.0005579251224248455,-0.0011522331291824494,-0.0024856712442879202,-0.00027637717787344743,-0.000621385143046827,-0.0018485463537475113,-0.0005940480943733927,-0.0005119270116563627,-0.0020067587129268313,0.0001912178524215832,-7.758719400452562e-05,-0.0021650968442200147,-0.00037741529084154424,-0.0012411368971545168,-0.0025954493651242482,-0.00028971109310437496,-0.0010912074767658406,-0.002195713940887208,-0.0012973104544622316,-0.007678700689339692,-0.006439561049332348,-0.00812484776686909,-0.008529263080150186,-0.008860268584285817,-0.008709362549912355,-0.007986376146787601,-0.008576560995755017,-0.008174767116027564,-0.008979508536406167,-0.006762608072707008,-0.007941303769252289,-0.007445911148901023,-0.008638335147630792,-0.00854984762306821,-0.0011402541986686228,-0.0014385301358272042,-0.0010330457358044224,-0.001492123695516252,-0.001889113525626233,-0.0009556949596772334,-0.0008882424578634404,-0.0012196359135427516,-0.002407677404574767,-0.0017924515965463495,-0.001793882323641745,-0.003035224162497518,-0.0018839654111663662,-0.0017168545020942324,-0.0029359246301885597,-0.00658099100272598,-0.008219418839387269,-0.007082534598388631,-0.007957880890963994,-0.008873936581378078,-0.007404099740279177,-0.008258125834588737,-0.009277327626078411,-0.008532602222893019,-0.008312382975639415,-0.00735798647491235,-0.005927080110790698,-0.007608306972880917,-0.007991625921425759,-0.008307892589701745,-0.007915380910672377,-0.008912924898494691,-0.009218720564715989,-0.008493344368182755,-0.009393908424143857,0.000694687690338661,7.445846922580204e-05,0.0002786206059640275,-0.0016484015367360981,-0.00034889818531584583,0.00018492424764838552,-0.0019177228672350687,-0.0005656691633743668,-0.001289190158237373,-0.0019713398689312736,0.0008506526540769785,0.0013043330148650766,-0.0014637585673459655,0.0005056877498936986,-0.001173422425670725,-0.0017278122048954882,-0.000182118422881791,-0.00204876528238283,-0.0022732234606486486,-0.0021402992731097085,-0.006094405256508076,-0.0041465433302782595,-0.006632693149058559,-0.006954936114381699,-0.008046784884461193,-0.007134230822055992,-0.007086610588754603,-0.008473450145617175,-0.007228454114321313,-0.008876621018743465,-0.005047699617509052,-0.007185550451364514,-0.005978790848192226,-0.00781904197847444,-0.00851241674823824,-0.0012819510298578958,-0.0024315388160809875,-0.0016524003096501992,-0.0029564897797850313,-0.0025960273862164745,-0.0015673843494931163,-0.00293977415151628,-0.0027838545977593035,-0.0027786989690219226,-0.0029005273016961992,-0.0015552064183049228,-0.00045153369643603504,-0.0024984288910488922,-0.0019533556976453494,-0.0027396482188610316,-0.002719839280547176,-0.0023938804416121745,-0.003233157159534927,-0.0029636306767252033,-0.003268072943484535,0.0037979989918630976,0.0062237019776631075,0.004392158484245944,0.0031680197683062266,0.002682169451072927,0.0040335322055974265,0.002983458390087648,0.002518506728358065,0.004118122343494891,0.0023313923917860934,0.004999600548287239,0.0037163273963627414,0.005407020418302699,0.0032791866712120997,0.0028408907316619316,-0.0006393954895886258,0.0009982260476115792,-0.0017901662322946676,-0.0011899290279996713,-0.002717106230361177,-0.002160779845888522,-0.0011497576456517247,-0.002852517874677616,-0.002046630073715851,-0.003040387271702319,0.0005274026984834453,-0.0018405570694905976,-0.0009593722204099367,-0.0022388005309456624,-0.0026503229927322554,0.006049285844420795,0.003967937511944939,0.006171842721469777,0.0033381001008646167,0.0033780099692566697,0.005169272697032136,0.00023593944574555937,0.013799849636639912,-0.0003387515383683428,-0.00131568260069339,-0.001777874576437108,0.0007002286980754013,-0.0015434295240032367,0.0005763948628525397,-0.0015458362802909626,-0.003800108795788156,-0.00471443473102727,-0.004919317949606678,-0.003071795339273901,-0.004601303606576977,-0.00196474164755942,-0.002431360317759131,-0.003554155741693843,-0.0037296743334545193,-0.0009427996852858027,-0.003421925078575188,-0.0016612693714010542,-0.0057114201452410675,-0.005538608784278628,-0.00435811953843919,-0.005389086397673006,-0.003458439844806973,-0.0055438063806085,-0.004779655990599779,-0.005655641701779678,-0.004401653417132701,-0.005118319910800973,-0.005744026746398482,-0.0045773175672783285,-0.005008146007270116,-0.0025071968953939024,-0.004259396941816831,-0.003717567871093645,-0.005126484136370934,-0.0053474526102075485,-0.006434386886503433,-0.005178262156284157,-0.005966222803442174,-0.003841560035881614,-0.003987973225695256,-0.004627415204428911,-0.0054866596371855505,-0.0033700552239549313,-0.0050633149640029575,-0.003974302685358434,-0.005734507488923348,-0.006478092469070583,-0.005902534630963056,-0.006190219796866052,-0.004727885207712272,-0.005705622868261419,-0.0056276974795672705,-0.005714995571166127,-0.005175467805411196,-0.006913980299466458,-0.006720025140413685,-0.006035137472311334,-0.006667937383587335,-0.004556064668116027,-0.005567206937882197,-0.0031873940767713623,-0.003737663986871598,-0.004360472249339977,-0.0027050742583161085,-0.0038318352585278064,-0.002237394169330105,0.007114153829332568,0.0066476746732454985,0.006810040036209523,0.007002686505539106,0.008950811632604028,0.0074045219988344525,0.0071437552191092,0.007489780281048383,0.008585182650287472,0.0061939846633832325,0.006787963894107022,0.007969581184123354,0.0065329096965162665,0.009001452541950053,0.008479377447837343,-0.004427205731919194,-0.004672836895726904,-0.0037034906966660307,-0.004312551888661258,-0.003444011505786622,-0.0043142940133788525,-0.003784140278343949,-0.004238073631296692,-0.0040235487952987765,-0.004517742323361572,-0.004721661253934168,-0.004617347085823233,-0.004219700910969003,-0.0027384002686397764,-0.004088593148180712,0.006969413190616344,0.006058221960257632,0.006899231975045957,0.0072833543788704104,0.005447428185179033,0.00653666211206674,0.007040412249141693,0.00560827276178938,0.007423732416040265,0.007395250491422534,0.0067634975176143405,0.007957178955563296,0.007573657850328045,0.006630648218815658,0.007533963928855281,0.007658898187805313,0.005761825818491607,0.006808108023915791,0.007180631239707878,0.0071467936560273004,-0.002195463589464828,-0.0039028037835955797,-0.004547673570427702,-0.004787653311584587,-0.003731750735986163,-0.00455254355502827,-0.0026499020863909404,-0.0024913041830164355,-0.003356363813558995,-0.003566941631243422,-0.001578693822927892,-0.003353467621360658,-0.002311006345638674,-0.004960309839251622,-0.004857176691431187,-0.004469355721681597,-0.004790631161878332,-0.003561109745441161,-0.004510183649488183,-0.004630614652841226,-0.004751851785453432,-0.004234939410824805,-0.005046294405167939,-0.0048867703247696065,-0.004445694754083549,-0.005054776920948729,-0.0031668274419335072,-0.004210655128181663,-0.007504942384007564,-0.00829651905687174,-0.008248477741203485,-0.006814114087172755,-0.007939409109323397,-0.006395476336293038,0.0021069484555583406,0.0025005578917485826,0.0024285788737280108,0.0026489525507860648,0.004343626899370238,0.002828439512253347,0.0023429347302294946,0.002717468719980732,0.0037400054307938483,0.0022286678364076763,0.0028517693856777463,0.003787508548229626,0.0023380795073760165,0.004600328725084339,0.0041029626023160294,-0.009003505236437278,-0.008576463845591858,-0.007842373814519703,-0.008447967879042208,-0.007621395003213583,-0.008455758165010648,-0.008150935502023024,-0.008600876990884701,-0.008640787017495974,-0.008237057859126488,-0.008435845741393413,-0.00836505666822765,-0.008148008376999692,-0.006706408447787851,-0.008055934897642296,0.0023771553771407715,0.0012268438389697086,0.00209862421503634,0.00241785663395366,0.0014536770932106963,0.0025738719879993305,0.0028403321058170995,0.0013955470480215952,0.002990352032573044,0.0029886826147812735,0.002353905330542017,0.003579389218350382,0.003139150038762669,0.0019896559783492665,0.0028757791048850886,0.003028208936770877,0.0019797941660684017,0.002790541245852193,0.00319143727910443,0.002899897361815631,-0.007839140398337061,-0.008144435989789735,-0.008782035124039555,-0.008000585189110971,-0.00835738125951301,-0.007489052033947552,0.0033076641086376467,0.0027929958291822935,0.0021923075589375196,0.003078348654012866,0.004305204255868066,0.0038908393440013588,0.002797740002397296,0.0038816036220839715,0.004194076475208511,0.001744532651868092,0.003108199026203522,0.0035637509520454365,0.0019885583842423993,0.003860211310063073,0.004027458025492507,-0.008231873950763321,-0.008525154070106353,-0.00843349669920338,-0.008269724684222794,-0.00809679001344678,-0.007835027599526572,-0.008212922059148229,-0.007865874680621124,-0.008431416508175122,-0.009050028610055461,-0.008420907000048198,-0.009039894079889534,-0.008844510083503537,-0.008033965947698226,-0.00861514668610787,0.004010831294060916,0.0022424693980580912,0.0038229825108670036,0.003477713710004184,0.0015640751826900934,0.003424276403398806,0.0031876500715538464,0.0015962576456608102,0.0028092562788680315,0.0034728608527799538,0.0033012262987857483,0.005176570419876553,0.004060757934435601,0.003001566845854717,0.0031898316023859863,0.004051525199723653,0.0020487461005179244,0.0023618109874094175,0.003502695986062673,0.002605663792330206,0.0030800809134275318,0.003058135631453744,0.0027977827654662953,0.003415771494271057,0.004056216538379728,0.003746853878959949,0.0030506615514988857,0.0038224931745482705,0.003813423297388068,0.0025438055155787716,0.0035643629716234798,0.0034458837382625113,0.002839874022365812,0.00408943771490998,0.003970629509752599,0.027218309653952954,0.02523276217615624,0.027149445336389754,0.02730820398447525,0.02485161951414007,0.02701201081744283,0.027286698437981777,0.025009477259200386,0.02657244293797009,0.0276348667630376,0.026467836523971555,0.02872883827737873,0.02813484457498722,0.026337558381228,0.02700615127943672,0.028218549667680736,0.025703349265333676,0.026510534753246086,0.027966132300143897,0.02684289319201103,0.0036189036609858664,0.0022399285179056437,0.0035272544297375802,0.00279587765322564,0.002073721674906062,0.0036096050288188805,0.002802902116932532,0.002202421954834159,0.0027645137763072964,0.0031606178623991227,0.003311846279307278,0.004952063653654619,0.0034628144157725026,0.003157290401845447,0.0029884259204438057,0.003538472422913018,0.0027321129660108127,0.002510533938877174,0.0033092427119722836,0.0028066054081022436,0.02589560053236782,0.02864236316247801,0.027383067541758486,0.025590284608058192,0.02561516203018613,0.02731421813539791,0.025322567666647304,0.02545261037849989,0.02739471784199949,0.0256103568717626,0.027579409770346095,0.02684970509651726,0.028893265101814444,0.02671948449392655,0.02630374356630457,0.014252835951462699,-0.00010220908748948137,-0.001078920676707261,-0.0015410097278866551,0.0009365308012117917,-0.0013066169918786587,0.0008127396637142395,0.014290990019516048,0.013110018574211494,0.012682790322967409,0.016199541950780428,0.012892964863204195,0.014140089056755964,-0.0011559324703249707,-0.0012759760425773761,0.0005359310975863504,-0.0012096666461960154,0.0002383443716609528,-0.0012644023672670408,4.171889480740304e-05,-0.0015053094916339916,-0.0007671393632549268,-0.0005947656216788772,-0.001862769515369451,-0.0012000258745068436,-0.0006031843909876802,0.0014990494024578345,-0.0009657029553655453,-0.00219434480450559,-0.003316890460846132,-0.0034923694517980017,-0.0007061206384586324,-0.0031846896009099382,-0.0014244128430934444,-0.005697433366593969,-0.005524624301298497,-0.004344150503876962,-0.005375103882365149,-0.003444482316966514,-0.005529821812228576,-0.004765681376652842,-0.005641655684934644,-0.004387683612787557,-0.005104340853627704,-0.005730039585014405,-0.00456334543018265,-0.004994168401194368,-0.002493251852042448,-0.004245428937310478,-0.003685457789765378,-0.003483843349092394,-0.001394064391580747,-0.003355976148040198,-0.0023098889676931174,-0.003698699417985852,-0.002035188336012524,-0.0038431807023010392,-0.003658935491994942,-0.0023438745161374723,-0.003902272804712268,-0.003608134398066605,-0.0022553368451453566,-0.0005986632822411608,-0.0033004018081822335,-0.005648976971422717,-0.005553588066727113,-0.005929579651281382,-0.005384383294369683,-0.0055490700259457045,-0.005674525240231625,-0.005182443380310816,-0.005607560034153018,-0.0037789077212225697,-0.005032967603800867,-0.004978182252189014,-0.004996547989395677,-0.0052168176341395684,-0.0053450137367477765,-0.004229376563573376,-0.005328621473180811,-0.005578681360256153,-0.004538710369154078,-0.005387797941499313,-0.004428594045751784,-0.0037506068935965918,-0.004389902549715677,-0.005248956393191026,-0.0031328249477822075,-0.004825706127354805,-0.0037369433570540746,-0.005720519526871134,-0.006464093831689645,-0.005888543536268622,-0.006176224980169217,-0.004713911354174937,-0.0056916353627322145,-0.005613710642705867,-0.005701007865114237,-0.005161487970198343,-0.006899975516787738,-0.006706023313702023,-0.006021146415875212,-0.006653935862905826,-0.004542093039316232,-0.0055532220632228246,-0.00414180432137889,-0.004657507095333544,-0.0032287799222415828,-0.004403013821663255,-0.004007347822608694,-0.004305082463555761,-0.0033441053284127492,-0.004335819068269534,-0.004675952498075223,-0.0044008395360108045,-0.005112656373278053,-0.005506029763023826,-0.004196215835816351,-0.0031661555089233045,-0.005082686419578556,-0.005234981920763184,-0.005837624654238631,-0.005424519228024709,-0.0055484527325885555,-0.0067458026287560095,-0.006051142822194144,-0.006064829529965209,-0.006713425039087398,-0.0052658441447769235,-0.005777104756999875,-0.0053296465687909115,-0.004617824551017489,-0.005519575956089554,-0.005631979460473523,-0.005217950259456042,-0.0055289454169741205,-0.006817285708463499,-0.006276543574506165,-0.006306638535518723,-0.006030679117938393,-0.004413235749159682,-0.004658863696356408,-0.003689530184623564,-0.004298583497392639,-0.003430054712964223,-0.004300325483529548,-0.0037701785581222627,-0.004224106112549096,-0.004009584479785791,-0.004503771044186177,-0.0047076874697480064,-0.0046033749314954115,-0.00420573353876991,-0.002724452786974057,-0.004074627968153869,0.0067620871389328175,0.005850719380120623,0.006691892348384423,0.0070761027348202835,0.0052397924610504765,0.006329238225845531,0.006833113144520216,0.005400669127652151,0.0072165105152517854,0.007188020142490241,0.006556135229505384,0.007750046820601494,0.007366463630398051,0.006423258757186707,0.007326763025211473,0.007451719541205348,0.005554252542104879,0.006600766004648555,0.0069733601662020335,0.006939518493470994,-0.004094025720799318,-0.0042508767311374976,-0.004186310662015745,-0.00469928782096328,-0.004641650589211969,-0.0043268321745079125,-0.004915805069841416,-0.004512114800133135,-0.0037228662345066064,-0.004555444134671446,-0.003730637177477776,-0.003309228050099741,-0.004586350447757059,-0.003886239071963889,-0.0038326587770056136,-0.004510112156835792,-0.004537778723672768,-0.004537115439322936,-0.004964638556388642,-0.004239074962303999,0.006304797692836583,0.007993128812928012,0.006931365794010439,0.0059936430938397674,0.006241483429862696,0.006861186394612184,0.0054982576134050085,0.005854588783336686,0.006722133666195129,0.006015350820598674,0.007467978551662882,0.006946591836749993,0.007919106551329533,0.006813774680810508,0.0061688256264490525,-0.0022542786435321787,-0.0031191427528289004,-0.003329673668773275,-0.001341875671349399,-0.0031162480870900802,-0.0020740066331287666,-0.004946333072643977,-0.004843201208625819,-0.00445538542092651,-0.0047766566020208,-0.0035471510946001273,-0.004496212862314554,-0.004616641998458037,-0.0047378777175529465,-0.004220971871131492,-0.005032316169002809,-0.004872794489991592,-0.004431724451489628,-0.0050407984850580215,-0.0031528739943983493,-0.004196687915317768,-0.0028971916964659274,-0.0027651306998868774,-0.001452029353438225,-0.0027086336800460063,-0.0023698313730759037,-0.0026397372913598343,-0.0018047856200144713,-0.002879433740088404,-0.0034610998898588277,-0.002190232094997621,-0.0029849943845811212,-0.0034454106197853132,-0.002157434427619219,-0.0012343941890853862,-0.0032319483173884047,-0.004065969013073158,-0.004854747566762311,-0.004476067476813022,-0.004633491069012777,-0.004892853869169107,-0.00423353024680788,-0.00450122454518884,-0.0050734695272632874,-0.0038900940125299486,-0.004434700963291735,-0.003914803546186275,-0.0032379154649419825,-0.004183495094928997,-0.004470591023820166,-0.004080409202420813,-0.004425091672239466,-0.004703205228767594,-0.004466717215210502,-0.00453080990726893,-0.00447519164983569,-0.008989474904203263,-0.008562439156852876,-0.00782835865850344,-0.008433944928241233,-0.007607381992944687,-0.008441735043484179,-0.008136916197490658,-0.00858685198277744,-0.008626759797194171,-0.00822303742571649,-0.008421822920429485,-0.008351033951787736,-0.008133989163009057,-0.00669240751220277,-0.008041916291845964,0.0021689345044830165,0.0010183978997155777,0.001890349635615736,0.002209639489876781,0.001245274654265163,0.0023656898436306213,0.0026321982711235915,0.001187133926681394,0.0027822485812560964,0.002780577952368217,0.0021456827008459714,0.003371405446634497,0.00293107555741791,0.0017813602298999418,0.002667653459315229,0.002820112988775555,0.0017714965497823154,0.0025823989266558953,0.0029833736073551654,0.002691776569818324,-0.008249096357951473,-0.008645580944964997,-0.008574878729614183,-0.009334053561940291,-0.008387418378728674,-0.00806563486553743,-0.008679072227190643,-0.008455984437365094,-0.007720611707736582,-0.00855055565870578,-0.00770064801067196,-0.007271853630983048,-0.008786069730502137,-0.008066853957500692,-0.008256735914042117,-0.008931250718733595,-0.00804755468152422,-0.008115274128867034,-0.008538431827171709,-0.008026229774172963,0.001867597644511661,0.003589812530567392,0.002479825839111083,0.00133554399466841,0.0015518805835526383,0.0022013152188956877,0.0017009835081218424,0.001807651120695428,0.0027055051712304413,0.0017495378566770392,0.00324591014174252,0.0026786179123103973,0.0036819683914835226,0.002314474806185093,0.0023336024871037976,-0.008217853456977398,-0.008511129715243364,-0.008419473329527912,-0.008255703728395236,-0.008082771673665067,-0.007821012356120049,-0.008198901398197426,-0.00785185899798917,-0.00841739361713365,-0.009035996795395726,-0.008406884005056615,-0.00902586325532308,-0.008830480970047431,-0.008019948186475659,-0.00860112144354062,0.0038029192771851642,0.002034210599551371,0.0036150325327779674,0.003269708723711942,0.0013556684206819786,0.0032162353812201154,0.0029795881152478885,0.001387855755634243,0.00260112564247616,0.003264855420269462,0.003093182484534362,0.004968887817804466,0.00385286943672201,0.002793458864086097,0.0029817728377581386,0.003843633740702804,0.0018404352618290871,0.002153587604201532,0.0032946966670137794,0.002397488691399874,-0.007044251936006713,-0.008111255141448193,-0.007244040010461334,-0.008504850598759375,-0.008569291893225025,-0.007420182186748101,-0.008768929504696316,-0.008536558094765492,-0.00845285841155372,-0.008513446478078198,-0.0072055489913075595,-0.006057219053233539,-0.008107911309468627,-0.007466896545010483,-0.008261541460150915,-0.008138766220617925,-0.008202297279165948,-0.009069388834349844,-0.008664661018302607,-0.008863870961927898,0.003409232755617705,0.00577957353356586,0.003972858198843145,0.0028980054027154378,0.0024266332327013054,0.003785014012441184,0.0024424942313855578,0.00197322218245222,0.0036106801057198936,0.002005391154876272,0.00485406179503686,0.003485135111740533,0.005138567718813063,0.0031855507654704332,0.0024576456908071333,0.0034109230908049085,0.0020316771731889245,0.0033192567036543536,0.002587739671361827,0.0018654376441388748,0.0034016235935687084,0.0025947656349266427,0.001994163777943638,0.002556372071651929,0.0029525527469113945,0.0031038067556651778,0.0047443450085807234,0.00325480783745475,0.0029492200512538625,0.0027803268922000864,0.003330480846098328,0.0025239589783291553,0.002302342164844978,0.003101207396142926,0.002598471663125154,0.025474791795119526,0.028222630925862927,0.026962856565491758,0.025169351123733582,0.02519426428999014,0.026893979906339356,0.02490150081371212,0.02503164730485385,0.026974512156927456,0.02518945822723257,0.027159279864798054,0.02642930875460343,0.02847366226286564,0.026299033608005055,0.025883125555115776,0.003149066183241907,0.005303588973932117,0.003126800652257975,0.002827079673363812,0.001969405298301522,0.0030351129728721934,0.0027767036629774864,0.0018321588540927622,0.003146465893987461,0.0019608863748222546,0.00468078108144126,0.0030415731312574495,0.004460549216151877,0.0028869808247495494,0.002490686932573668,0.027264215086630073,0.025857086633309663,0.02838716985876159,0.025551778032757183,0.02550245639082622,0.02754085474269762,0.013763695644773954,-0.00017840784652089814,-0.0013780396450429537,-0.001617312452472523,0.0006379929265667431,-0.001387812961127705,0.0005141478350263545,0.013801868071893141,0.012400387782341933,0.012192908688037105,0.015492077884189503,0.01239048119860331,0.013431119551722109,-0.001455071553984653,-0.0013522598625304537,0.00023728089732267927,-0.0012908551812912234,-6.040753087778082e-05,-0.001563571898206662,-0.00047973163062175594,-0.0018094608920198856,-0.0012890114823185504,-0.0008937431812487518,-0.0019440078686987882,-0.0014991850271860478,-0.0009070745023153924,0.0009783142779240684,-0.0012697058097534551,-0.0023225962934524877,-0.003668610482631089,-0.003620776713909051,-0.0010569732209014162,-0.0033259713811506744,-0.0017755280871583868,-0.005640100912372901,-0.005243587336718847,-0.004286892346526651,-0.00509903066516985,-0.003387272364327904,-0.005472498611691401,-0.004932003500338056,-0.005589252282727849,-0.004553948929120202,-0.00504704073536124,-0.005453873907407795,-0.004506074302420843,-0.004941797850438578,-0.002659224648129398,-0.004193095907977119,-0.004037300822125208,-0.0036122498322105597,-0.0017451462076084592,-0.0034972810220442654,-0.0026612994488698916,-0.004050548317766122,-0.0026095967749149417,-0.004208000504281971,-0.004234293557843826,-0.0026952734596176545,-0.004043651527274,-0.003959973168485152,-0.0026196078399619875,-0.001172321966188607,-0.003665055079920912,-0.005591647175717174,-0.005720032019413066,-0.005877161612461478,-0.0055508036648092545,-0.005491745183731687,-0.005398372781953436,-0.005125138173286254,-0.005555157955214184,-0.003945079386673509,-0.004980594336168228,-0.005144536099720647,-0.004944177599958268,-0.005383211902138715,-0.005516351422460365,-0.00461916042274166,-0.005499958479223421,-0.0055262807149754406,-0.004705000356661788,-0.005335406540400577,-0.004599789225468225,-0.0038790472463706674,-0.004741988622707201,-0.0053775781192941735,-0.003484493191596341,-0.004967211170260083,-0.004088802537945434,-0.005663182195260503,-0.006182771350746264,-0.005831193169709296,-0.00589990724468565,-0.004656633016736318,-0.0056342999358039774,-0.0057801772643852846,-0.005648598011169466,-0.0053278717802431805,-0.006842567872719097,-0.006429566084556031,-0.005963796052622245,-0.0066014722773928575,-0.00470837989192319,-0.005500823123345397,-0.004493805774682532,-0.004786057675736156,-0.00358048033879868,-0.004544461915041045,-0.004359295396839692,-0.004657138675136276,-0.003919246437375143,-0.0047008169097320016,-0.0052517953860792025,-0.004752936973393572,-0.005254200378714051,-0.005858476019208657,-0.00456117485834638,-0.003741178082808163,-0.005447933262723108,-0.005177671582993637,-0.006004126068281393,-0.005372123540592873,-0.005714895466335997,-0.006688403564609108,-0.005774857313119747,-0.006007476738560722,-0.006660958017795614,-0.005432243312317065,-0.005724694322858037,-0.005496064183302033,-0.004565470461867357,-0.005686013291697477,-0.005803375349910433,-0.005608093712614659,-0.005700311425165152,-0.006764813665662193,-0.006443104303503931,-0.006254200762580359,-0.006202129651150885,-0.004407975035994769,-0.0044300568237884055,-0.003684274379048017,-0.004082778133771624,-0.0034248007885444333,-0.004295065526796656,-0.003988330328283418,-0.004231770898882738,-0.00422777635894166,-0.004498509674981706,-0.004491798516079306,-0.004598113048067549,-0.004213398257097793,-0.002942384006807191,-0.00408229157208738,0.007160289849077024,0.006027963066039652,0.0070852423437308765,0.007253132942578858,0.005638588840277869,0.006943915832212111,0.007231264152272201,0.005794520217949534,0.007393515416106093,0.007581162733575316,0.006733259579733888,0.00814300298053444,0.007543444992795137,0.006595525732552488,0.007282727792517447,0.007623811194407956,0.005948046011248322,0.006777873073066057,0.007366580057232909,0.0071116904214751624,-0.004088767174772135,-0.004469126254819582,-0.004193975164521076,-0.004917621063518514,-0.004636388243674475,-0.004111020222478516,-0.004910541044061251,-0.004519781550770684,-0.003941001459163853,-0.004563110879218021,-0.003948780474608683,-0.0033168868777212735,-0.004804661189026957,-0.004117337386925674,-0.0042742817726374276,-0.004741337998075137,-0.0045454456696183655,-0.004755417398975936,-0.004972307984676031,-0.004470243663465766,0.006481964487489851,0.008385995924665704,0.007108420023145826,0.006165980585118858,0.0061974024312049895,0.007033373533986782,0.005892072357684557,0.006031820743313557,0.007115448202919857,0.006187673809464805,0.007640074315803344,0.0069025411346387,0.008091121185992778,0.006764838553939524,0.006341123395780559,-0.002382535520628238,-0.0034707973435942237,-0.0034580610547638112,-0.0016929340746086583,-0.0032575203343897822,-0.002425333736727435,-0.004889042525968085,-0.00456234588978034,-0.004398121944943289,-0.0045007416843081075,-0.003489936420241535,-0.0044389473453360735,-0.004782940971512397,-0.004685520952973172,-0.004387210425968833,-0.00497501949930387,-0.004596854203164348,-0.004374460995359699,-0.004988424728859078,-0.003318946056528473,-0.004144357952682999,-0.0032487718429842537,-0.0028934507807462594,-0.0018031250126535586,-0.0028498512099010896,-0.002721256684263272,-0.002991233497416941,-0.002379064509911125,-0.0032439193398942166,-0.0040363508072865685,-0.002541580387244973,-0.0031262495917777993,-0.0037971947449134537,-0.0025216678747434444,-0.0018083896696537648,-0.003596577040618782,-0.004008726874974795,-0.005021083718329969,-0.004423724054722544,-0.004799793191434518,-0.004835564891504409,-0.0039577570905915006,-0.004443957000783459,-0.005021094249243581,-0.004056280609047377,-0.0043823587256104895,-0.004080988548362497,-0.0031856358511592156,-0.004349726598209801,-0.004641790285866005,-0.004470138585044143,-0.004596284177147834,-0.004650849969451068,-0.004632997521246501,-0.004478462696370822,-0.004646396893907551,-0.008984182963310931,-0.00833278196164484,-0.007823074593069525,-0.008217293891226453,-0.007602099146144698,-0.008436446837449648,-0.008355959651796866,-0.008594545362978545,-0.008845926029224535,-0.008217750638772494,-0.008205173897469777,-0.008345746066660541,-0.008141679670787801,-0.006911166625875711,-0.008049606528198725,0.0025688525255807815,0.0011964439571680722,0.002285474253922983,0.002387490961267004,0.0016455407296208223,0.00298261505659636,0.0030319494583752097,0.0015825215083160374,0.0029600033450066215,0.0031753800490246713,0.0023235388125593414,0.003765978088516966,0.0031088056811990473,0.0019543809563373113,0.002623418378232313,0.002992967539419552,0.002166664894265544,0.002760186748744007,0.003378097901749877,0.002864651783260065,-0.008243809466602295,-0.008864728979015583,-0.008582572026886249,-0.00955336533952997,-0.00838213041016839,-0.00784905703291519,-0.008673782081831333,-0.008463677092434329,-0.007939582219808365,-0.00855824925582019,-0.007919603240280937,-0.007279538462649145,-0.00900526977418322,-0.008298862292501907,-0.008700260862436396,-0.00916347180468816,-0.008055244674609744,-0.008334326366951805,-0.008546125361236643,-0.00825824215944859,0.002045501508974612,0.003984306803709887,0.0026576318999379607,0.0015086382488315626,0.001507598150128535,0.0023742708147473936,0.0020961790577987663,0.001985569603704433,0.003100335893475032,0.0019225676070122471,0.0034186905633356796,0.0026343837081898554,0.0038546822229758777,0.0022653282911046136,0.0025065362465090265,-0.008212566656877762,-0.00828147808244491,-0.008414185071186877,-0.008039083632245916,-0.008077485936185786,-0.007815728271357401,-0.008417965932224566,-0.007859547759180484,-0.00863649259103631,-0.009030704209118947,-0.008190232303969914,-0.00902057106127615,-0.008838176437582702,-0.008238967743178066,-0.00860881494271248,0.004202245277929466,0.0022120975267286864,0.004009541015979206,0.0034473797264356417,0.001755942874587033,0.0038327422544597875,0.00337920150203416,0.0017832219878402282,0.0027789034986557804,0.003659469175244087,0.0032708865281051015,0.005362888801914108,0.004030441350738199,0.00296632341609327,0.0029375521948678774,0.004016318224244705,0.0022356286736192692,0.002331444365153397,0.0036892988184336005,0.00257040907644799,-0.007038973155573302,-0.008330301630655634,-0.007251724752234501,-0.0087239663233734,-0.008564002502622558,-0.0072037333092168495,-0.008763639049576279,-0.0085442515992095,-0.008671967048954695,-0.008521139396993024,-0.0074244035782898374,-0.006064896006405606,-0.008326945702576515,-0.007698776380338038,-0.008705020780141272,-0.00837078706737333,-0.008209988430285661,-0.00928862828308764,-0.008672354953987263,-0.009096058434485407,0.0035868842662949755,0.006173273401864177,0.004150410670944032,0.003070854636448683,0.0023823889102667383,0.00395770857995178,0.002837453000367164,0.0021511092561573627,0.004005165063687627,0.0021783772850517804,0.005026580138266589,0.0034409372028212214,0.0053110399963281285,0.0031364458629306474,0.002630556182381161,0.0037587740717251877,0.002157874349727298,0.0036543176759984675,0.0027138681563964066,0.0022137961343531476,0.003958433371863515,0.0029428773637215897,0.0023296427185224384,0.002682502812315112,0.0032877218370006393,0.0032298755809990055,0.0050789581191269745,0.003380856699636209,0.003062480975199789,0.0026844406931475907,0.0034436993425715342,0.002859270717251999,0.0024285032446190995,0.0034363286605541875,0.0027117666787549936,0.02597260753888068,0.028930945962294563,0.02745997360486702,0.025662503329072488,0.025474982318061036,0.027386325790250163,0.025612052079869843,0.02552964311187885,0.027683620160503342,0.02568256971219799,0.027651500103247684,0.026709699363894286,0.028965271258921794,0.026574654159775446,0.026375911565558862,0.0032751302710472613,0.00563802617730709,0.00325286487538694,0.002940353710728488,0.0018734454668003703,0.0031483624260605523,0.0031119358117979237,0.001958377139214986,0.0034815746182054936,0.0020742495371989934,0.0047938584075864175,0.0029457109237900634,0.00457364839035965,0.002778274326162111,0.002603994009437105,0.027756388490365994,0.026137628680992477,0.028878821973933978,0.025827593025964834,0.025995421339386635,0.027816152765917278,0.014254854858588894,0.012853983580589281,0.012646593502412847,0.015944295956712873,0.0128440801522039,0.013884295078475266,-0.001218279676810548,-0.0011154897004759942,0.00047368588508222507,-0.0010540997397203535,0.00017607794497101302,-0.0013267559260686653,-0.00024316188762052725,-0.0015725885028127764,-0.0010522504876896324,-0.0006570791298132985,-0.0017071055722145826,-0.001262377266253495,-0.0006704061917414172,0.0012145594909425388,-0.0010329494590092193,0.01340226065115284,0.013532419993951845,0.01616477502278751,0.013575213115564852,0.013922465356147848,0.013106418720377563,0.015269884029174252,0.012857534633738246,0.012299117835061773,0.014890804819671649,0.012753551524407958,0.012313593007635182,0.01491016480294201,0.015831843990046248,0.012511154799939257,-0.0005636720197377085,-0.00014631146877220816,-0.000977315386233137,-0.0011292621363407202,-0.00018421559502311975,-0.000735582220109549,-0.0009974063077966995,-0.00036891635313364077,0.0008140549416482949,-0.0009360222505919246,0.00023314254740285678,-0.0002997198437893466,-0.001237731640731053,-0.0003252291617382694,6.83841894824119e-05,-0.0014835482517563683,-0.0005569759995524379,-0.0003163636159357459,-0.0015889701416699328,-0.00032968485916718755,-0.0037999267877222116,-0.0033749710508247602,-0.0015082867030990243,-0.0032600283873994726,-0.002424217819792731,-0.003813170319198875,-0.002372541954219419,-0.003970587448328924,-0.003996846383764089,-0.0024581996009856934,-0.003806275416601585,-0.0037226020413732887,-0.002382551362654795,-0.000935576954696883,-0.0034277502015963705,-0.005577661993155871,-0.005706045088911811,-0.005863172757044196,-0.0055368187325248,-0.005477761181331484,-0.005384390157695159,-0.005111158857245681,-0.005541173181329579,-0.003931115510700958,-0.004966616934237722,-0.005130556797295173,-0.0049302009460523485,-0.005369229179706904,-0.005502367141065899,-0.004605187652885421,-0.005485974256064603,-0.005512296307759201,-0.004691026463509839,-0.005321424494881799,-0.004585816730156337,-0.003286396279132175,-0.002543697830609036,-0.003623592141500713,-0.004365696778914283,-0.002286968645404218,-0.0031166741094066047,-0.0037140740143856775,-0.002368100872550866,-0.0016237127184055527,-0.003599086926614742,-0.002161632238938119,-0.002884401296441029,-0.004378951377490702,-0.0025388465591040287,-0.0027141683145461013,-0.004536471298209496,-0.0025196388066785432,-0.002573788403909041,-0.004145543964401798,-0.002498127048188138,-0.0050750705632751,-0.004374827724894274,-0.005488368651087965,-0.005615573043013483,-0.005392991801758311,-0.005773862051891129,-0.005247718543456897,-0.005135590921721249,-0.005265928354433455,-0.005198985530403263,-0.00425114589008236,-0.004817661965571314,-0.004840948259165673,-0.0051893688007946335,-0.005170116952007782,-0.004256324666788456,-0.004548511286522144,-0.003343202714283173,-0.004306969803821252,-0.004121850696197708,-0.004419620554938911,-0.0036818888892188885,-0.004463288167321679,-0.0050141478551697415,-0.004515390998944284,-0.0050165479017770884,-0.005620694243535616,-0.004323671327734925,-0.003503869503448939,-0.005210242745688553,-0.005163691030189731,-0.005990134281250146,-0.005358140371440884,-0.005700908638771005,-0.006674401794528164,-0.005760867992018536,-0.005993486063822338,-0.0066469565232936765,-0.005418260173386633,-0.005710707412763662,-0.005482079487920191,-0.00455149794921449,-0.005672026920585002,-0.005789386269383308,-0.00559410801007112,-0.005686324801017975,-0.006750810888435572,-0.006429107489170782,-0.006240206848843462,-0.006188136043250551,-0.003310361273964865,-0.003259643737857707,-0.003522367810240072,-0.004765905280553732,-0.0037155560980592015,-0.0036978992465496216,-0.005029051229794042,-0.0036958999044386627,-0.0035998563803060434,-0.004787405091150908,-0.0029160812826558614,-0.0028975546603209855,-0.00492927676811301,-0.003189265180936299,-0.003967768609334427,-0.004972966151721551,-0.003921656908961999,-0.0047723099198017345,-0.00549729248107711,-0.004580548430934037,-0.00482799549686886,-0.0033985116817001147,-0.005215410424189287,-0.0053484245698321555,-0.005818003892405749,-0.00540985750956622,-0.00580782149988882,-0.006275022491843159,-0.005585694626865719,-0.00624758842942269,-0.003934941402739626,-0.0053100675038828616,-0.004603225159975157,-0.005617301491761462,-0.006351393538267371,-0.004074801656157543,-0.004455155542131837,-0.004180008302424586,-0.0049036449383109216,-0.004622415331378708,-0.004097054458235675,-0.004896565019955357,-0.004505810190741659,-0.003927038126068795,-0.004549139476937259,-0.003934816623808855,-0.003302931436308286,-0.004790686517659668,-0.004103371272311209,-0.004260313915253718,-0.0047273641507297745,-0.004531473922073348,-0.004741443295610066,-0.00495833118779608,-0.004456273280547829,0.0062745461757298384,0.00817894743831933,0.006901134017900141,0.005958499431725953,0.005989939953779396,0.006826073182843705,0.0056845247400335855,0.005824325765408289,0.006908164060611058,0.005980210110828811,0.007432883826419646,0.006695218904270031,0.00788402826132732,0.006557488383315683,0.006133690022355825,-0.0035542278091580965,-0.0024047448619148805,-0.004584296095624866,-0.00389116854505341,-0.004741221579348105,-0.0046895492960869,-0.0039418579334735745,-0.004879352203112698,-0.004577395160694159,-0.004762721003721497,-0.002583335269258182,-0.00422075433133882,-0.0038120762691252487,-0.004389351390819595,-0.004788391314038595,0.00787117913759698,0.00644393008237361,0.00812706494328379,0.006127954052249146,0.00607773322231549,0.007602010649895249,-0.0030115755003093598,-0.002656332476307552,-0.0015662561444232505,-0.002612744615354386,-0.0024841650248321632,-0.002754093894708589,-0.002142063216482064,-0.003006723427522184,-0.003798947906778708,-0.0023045407658292194,-0.002889079997681684,-0.0035598605536025616,-0.0022846357974623953,-0.0015715054914311108,-0.0033592881132417027,-0.003994762629153643,-0.005007105915005538,-0.004409754310680667,-0.004785818269303693,-0.004821589452764731,-0.003943793519762456,-0.004429986680036346,-0.005007116333134841,-0.004042315467528708,-0.0043683892748469285,-0.004067023538440479,-0.003171682453681892,-0.004335757654388445,-0.004627817450274194,-0.004456167774384656,-0.004582311900752218,-0.004636877191599138,-0.004619024448683007,-0.004464491971372576,-0.00463242356926796,-0.0016723966654306108,-0.001734822846792943,-0.0020814985068179693,-0.003576825690538031,-0.0015207758439558685,-0.0015874778222858088,-0.002995161987285287,-0.0016315293743282332,-0.0016816902808474477,-0.0029515547169708953,-0.0009605241433769217,-0.0010262151239170026,-0.0033191774175693415,-0.0014044612820681144,-0.0024835842947573883,-0.003571971999954342,-0.001384454193537381,-0.002420103445490112,-0.003227997091064496,-0.0024001935774880506,-0.0034282504250595764,-0.0020346375643030762,-0.003905569244497631,-0.004160678336482384,-0.004694242003898278,-0.004320534656386895,-0.0036692939563156657,-0.004479613361979173,-0.0038254594276014254,-0.0046650839700944115,-0.002276124429044623,-0.003754425932038855,-0.0030825408198133794,-0.004315056640700316,-0.00429496188296697,-0.008229789166577977,-0.008850700224957328,-0.008568547278197917,-0.009539326021113624,-0.008368107933575331,-0.007835041872960328,-0.008659755266918243,-0.008449653660906406,-0.007925564940059578,-0.008544223990486767,-0.00790558694128222,-0.007265530750572483,-0.008991237673820679,-0.008284841008174577,-0.008686232582904721,-0.00914943762683172,-0.008041226598748195,-0.008320303808450558,-0.008532100225774737,-0.008244220631951375,0.0018372165794186444,0.003776401280844537,0.002449461984338091,0.0013002471420311256,0.0012992032477146891,0.002166046431297013,0.0018879041677729782,0.001777267509300901,0.002892253158367611,0.001714254057111894,0.0032106768224786694,0.0024262120357976215,0.0036467485455203698,0.002057082746000349,0.002298338120307237,-0.0075495596319232845,-0.006389935001984531,-0.008798476302576928,-0.008086268513501705,-0.009195223177205511,-0.009137456262677862,-0.007464118858133213,-0.008484710679870975,-0.008175854435682944,-0.008566269353454543,-0.0063397728431824635,-0.008249688638899813,-0.007833589517849978,-0.008629111424108847,-0.008157772689234137,0.0036364013700397506,0.002148196483226599,0.0038651055814740813,0.0016113741228866072,0.002227859692579377,0.0035212810905926903,-0.007024968444807946,-0.008316279440677041,-0.0072377172382671546,-0.008709939654414044,-0.008549977149320325,-0.007189726465535591,-0.008749611855035944,-0.008530226520053747,-0.008657940839863635,-0.008507115413706893,-0.007410393780927647,-0.0060509041501143985,-0.008312924287395627,-0.007684762886695878,-0.008690993943811188,-0.008356765023940074,-0.008195968052839047,-0.00927459362651515,-0.008658328930895071,-0.009082026290954706,0.0033788960647168744,0.005965786293030913,0.003942538888255665,0.0028627581353775065,0.002174170456952841,0.003749798069876637,0.0026293028141482857,0.001942844072444725,0.003797264447604992,0.001970116188279445,0.004818881529334692,0.0032329336644415993,0.005103396777984706,0.002928377398735459,0.0024223860387561735,-0.00642462009636192,-0.004547515532589273,-0.007535823664467208,-0.006871150928621623,-0.008603309000353344,-0.007748669738908768,-0.006879867590802122,-0.008807794465351109,-0.007671414160303221,-0.008788039217523132,-0.00501875547188443,-0.007697190859302323,-0.00656131322577884,-0.00797162921021572,-0.008453701443613312,0.00591417765966091,0.0035489232798920603,0.005913929853840842,0.003032905562004058,0.0030240261348074247,0.0049885837133790195,0.0030670823374571434,0.00543044197985294,0.003044816718144522,0.0027322399823721745,0.0016651264065457288,0.00294029432076297,0.0029038563416036948,0.0017500746999136849,0.0032735720284087703,0.0018659701664271824,0.00458611014308484,0.0027376037853538886,0.004365859504069442,0.0025701335604075616,0.002395818842685535,0.027336326139502622,0.025716941344233094,0.02845920908938672,0.02540677943663616,0.025574676261619456,0.027396142389676924,0.005352382094706671,0.0027828759176722648,0.004925290794517854,0.0024479515161974627,0.002648588973408829,0.004302277584992554,0.02750104889397505,0.021917609042894304,-7.371385862108805e-05,0.02345341442335718,-0.000731897677565326,-0.0017881427529642553,-0.0020414917482985094,0.0004983222773868733,-0.002040754357753238,0.0002668387165470976,-0.0018682985385006729,0.021455977344883213,-0.0019555900647095924,-0.0023018060094833963,-0.0034970021145260786,-0.0015942651565656863,-0.0033571720688453754,-0.0014713263038986506,0.0037138329287199276,-0.00789041811954459,-0.008191162217608445,-0.009070675787539197,-0.007699525293181889,-0.008836716066363964,-0.006518000790944819,0.003362309323469212,0.0026487287452361674,0.0020035472900860377,0.0043397449443418005,0.002221876882911418,0.0034587427551394318,-0.008644243387600337,-0.009198523707883214,-0.008509499687330778,-0.009126362948577884,-0.007490431002930039,-0.008551719534146813,-0.008296445217905823,-0.008753264365016947,-0.00801853825285523,-0.009363771962654132,-0.00956977268574079,-0.008670106555565221,-0.009358254994431199,-0.007075525881677367,-0.008436259584478837,0.0037271367790657063,0.027217268342339233,0.0036260199779010152,0.0028492504651532794,0.0025228256008123563,0.004183712437124896,0.002409682616575265,0.004066543477113458,0.0038346853989662338,-0.00805723255830516,-0.008784033685252435,-0.00881454425223765,-0.007687903836483662,-0.008813879053647363,-0.00671569267848235,0.0034575553892610637,0.0025187256197474533,0.0025174406565522042,0.0046553006448690325,0.0025276910827107878,0.0037201705682722176,-0.009263345341771591,-0.008968352744127354,-0.008512240467344865,-0.009117962396538662,-0.0077142853831095514,-0.008747826454625388,-0.008736780671796663,-0.009182686727745087,-0.008470133251112944,-0.008931843958725356,-0.009126673803009334,-0.008471375203356526,-0.009181407145036633,-0.007120942233076599,-0.00847070632022234,0.0029851094366921656,-0.008051238903679259,-0.008062587334517838,-0.009040119858606843,-0.008518345786471674,-0.008899609025141452,-0.007227209161746952,0.003206995880834644,0.002808419194161753,0.002066384755349003,0.003534394739313652,0.0021957134562478773,0.0027298594095229267,-0.00796633442918922,-0.0085837300075595,-0.00877792840061231,-0.00863833106550057,-0.007651178161159458,-0.007616734308516458,-0.008236015285016914,-0.00792414650310136,-0.007889993838109371,-0.009464295800813342,-0.008819371575640887,-0.008639564125894821,-0.009639874126133352,-0.007893761199590484,-0.008499119696441654,-0.004238566102725427,-0.004621909341638073,-0.005047771842730846,-0.004099748274320115,-0.00482801032546545,-0.0038061404667058918,-0.0032967569745646222,-0.00362451578743529,-0.004198926694537264,-0.003552710060576429,-0.0021490005250065437,-0.002646671835862912,-0.0036518907083450316,-0.002847069407828648,-0.002339806090240183,-0.004490668096058506,-0.0034353165661408403,-0.0027647757648893885,-0.004485121388836258,-0.0024366235678106867,-0.0025321673745720653,-0.004773849423909716,-0.004875444132774978,-0.004614704514395041,-0.004805420878441201,-0.0044954199884143856,-0.004314990941361637,-0.004457276211367774,-0.00450609210705549,-0.004908018796605882,-0.005069958906349132,-0.004868639542802872,-0.005304801506326289,-0.005074239879156727,-0.0041330889321650075,-0.005084992385477566,-0.0025906047618906606,-0.004275313038948011,-0.0029519059894599006,-0.0031252324039402588,-0.004755858391256559,-0.0031819791438796726,-0.0032266668737007077,-0.004944681131696456,-0.0035774268212152996,-0.0031548952356800345,-0.0032342455345673554,-0.0015693069989614974,-0.002475293168151791,-0.0036746504299498004,-0.0032569902514211647,-0.0026756451719250262,-0.004431575577882002,-0.0038689618885260407,-0.003037561771518384,-0.0038634120714540732,0.022367077576641678,0.05798228260529541,0.02259454034103832,0.02150470143091839,0.02096590889511728,0.024242192210280792,0.020855037280861133,0.022700921723093813,0.023902231299139487,-0.0004952630204250746,-0.0015512732624356493,-0.0018045670040565227,0.0007346759643740198,-0.0018038270970630718,0.0005032559887491716,0.023858735530144018,0.02261120432072522,0.022391989571953885,0.026014047824035696,0.022402032736825457,0.02379111163565151,-0.0016929028153921848,-0.0016228601984770688,0.0002507533229726235,-0.0017714204400488857,-0.00015458603204410737,-0.0017382718570314992,-0.0003058389471579877,-0.002170227039266795,-0.001239360387346588,-0.0007220623791052772,-0.0023376355166938607,-0.0014635031086594923,-0.0009695425949247789,0.0012973126109982762,-0.0014627595627409076,0.021905655078021505,-0.0017186548748449955,-0.0020648070600411887,-0.0032597202853119314,-0.0013574109241196975,-0.0031199193517974836,-0.0012345286088780768,0.02245041690157139,0.021732136683194795,0.020785185500540856,0.02378193367765583,0.020912277814195707,0.021654580543503162,-0.0016346466985381282,-0.0024710453087968,-0.001280805820354232,-0.0025252570063395196,-0.0013217577589440558,-0.001844436571425208,-0.0010773859245405825,-0.002150136279616666,-0.001893558585606562,-0.0025198249700195113,-0.0032633630376560268,-0.0028620544324232202,-0.0026939903319518673,-0.0007379316006762203,-0.002722319338117342,0.0035980286125920683,0.002884607969676418,0.0022395676843287456,0.004575239389568911,0.002457849424062161,0.003694435599373151,-0.008630216795788076,-0.009184488912121381,-0.008495473812237773,-0.009112329048575384,-0.0074764203289215524,-0.008537694193279263,-0.008282423004390483,-0.008739236293445673,-0.00800452066983207,-0.009349734774353722,-0.009555732949251473,-0.00865608054149724,-0.009344217720017122,-0.007061520713740084,-0.008422236518331778,0.003066659043648525,0.0027438315973391707,0.004397097181523646,0.0028133143781757354,0.003342913016833532,0.0029673942755761716,0.0042206937931489495,0.0027775516018185213,0.002600355481800037,0.003391185376314449,0.002195391382264831,0.0019841551910807238,0.0033869762839976543,0.004541988972944552,0.002202484061846866,-0.008144796824776228,-0.008571904844342105,-0.008507988648704634,-0.008457496053261564,-0.00927924536296746,-0.008964123139929139,-0.008783861080834534,-0.009468942187549515,-0.007870908297996256,-0.008711735588645374,-0.008087221538539706,-0.007678609607543359,-0.008364994530769766,-0.008529697734551067,-0.007885497804316903,-0.008566490640613137,-0.009515053514168526,-0.008724561317140129,-0.009154918794918986,-0.008719041103072903,0.027664455934148704,0.0038616734382000964,0.003085078164971177,0.0027587266723858596,0.004419242110340164,0.0026456128778790254,0.004302103706020066,0.028192270013004134,0.027246714955235125,0.02695619964861196,0.029836863853465186,0.02691540077116366,0.027553970128585414,0.0034988088393495113,0.0035285449269113196,0.004521831180306608,0.0032634133694552808,0.004201039793301568,0.0037194597369107577,0.004251669326014432,0.0031633910307311158,0.003395717969814767,0.0037600364332722068,0.0029998786336904743,0.0030984237337908444,0.003343297016439321,0.0049800036548720335,0.0029853493180652764,0.0036932487999754367,0.0027546280464333045,0.0027533421652773506,0.004890719361953294,0.002763590117316562,0.003955818805591169,-0.009249311545290712,-0.008954322754486621,-0.008498216272121334,-0.00910393039636443,-0.0077002715628015726,-0.008733799466772947,-0.00872275349567253,-0.00916865390872771,-0.008456109585091631,-0.008917814205641111,-0.009112641721904362,-0.008457351592572404,-0.009167373833162615,-0.007106936154721016,-0.008456682559531853,0.0029110276957817205,0.0032316950789338583,0.004698359835303949,0.003104644413837257,0.003578709510852011,0.0032299731385469457,0.004285708761765018,0.0028322662606302196,0.002415287020953656,0.004121976011624527,0.002916620759145959,0.0026386440334326376,0.003947275870367894,0.004997947089452265,0.0026488938173975796,-0.008366848442231576,-0.009026815383925527,-0.008951803882926202,-0.00893528503428697,-0.00886183700736883,-0.00853582452866818,-0.008611108856158933,-0.009265204504800144,-0.007930839188765356,-0.008760670821091582,-0.008107724659033822,-0.007688084212943562,-0.00841991431282371,-0.008805171389970494,-0.00818451624084384,-0.0088546475493607,-0.008835433247043842,-0.00835022212076657,-0.008769380370885272,-0.008599643635107146,0.003442748830315572,0.0030442615595683968,0.0023023932347837604,0.003770073342065657,0.002431693625535638,0.0029657143116093507,-0.007952316834848316,-0.00856970330607573,-0.008763898799867973,-0.008624303468881402,-0.007637165595960305,-0.007602721308001515,-0.008221993745609767,-0.00791012933869036,-0.007875978088424851,-0.009450256704755947,-0.008805341576955873,-0.008625538453893522,-0.009625832174107667,-0.007879745143487861,-0.008485095748981975,0.003799608311619901,0.003414278448831709,0.0041955004757051545,0.0033913500539699,0.003187600115630099,0.00398331397786566,0.004427839923104519,0.003750928828965324,0.002760049751063935,0.003439890443648469,0.0030909289777482497,0.002046992295765754,0.003379246697324112,0.0037368140967857237,0.0021763205660235508,-0.00662704724588883,-0.007960890603423811,-0.007128928816806524,-0.007779748462465915,-0.008704728146416865,-0.007539908447589611,-0.00816938149292957,-0.009108365035869625,-0.00813913466342113,-0.00822394945028668,-0.007099675236148466,-0.005973414340229991,-0.007430230934386106,-0.0077334662408558115,-0.00782509133324026,-0.007737568847595766,-0.008744026748363732,-0.00882498603868674,-0.008404896918879383,-0.009000412914464712,-0.00475987466516373,-0.00486146803271324,-0.0046007317115009565,-0.0047914457717681885,-0.004481449115066257,-0.004301022195095955,-0.004443305493018425,-0.004492120942591505,-0.004894042495448043,-0.005055980115008972,-0.004854663601608954,-0.005290820132747227,-0.0050602609688563715,-0.004119122868417448,-0.005071013856316951,-0.0027998236315245465,-0.004484866123756315,-0.0031611960407510165,-0.0033345442554622157,-0.004965520344526434,-0.003391328501005738,-0.003435998800254932,-0.005154383463156165,-0.003786828725297452,-0.0033642138378255013,-0.003443592182681412,-0.001778326147246551,-0.002684475642011004,-0.0038840861298452094,-0.0034663287701903376,-0.0028848682535310695,-0.00464117562486293,-0.00407842130811859,-0.0032468563273016096,-0.004072872766519743,-0.003591527650732529,-0.004420724417734143,-0.003932092775145372,-0.005046016417261379,-0.004674683414067298,-0.003935992967342223,-0.005118458427100233,-0.0048321776745533325,-0.004634077675975818,-0.005048419391852623,-0.0035427373145007768,-0.002728666622027351,-0.004587051574889815,-0.003910934126969374,-0.004505810212349948,-0.004778195365195338,-0.004441419658658828,-0.005089330663249731,-0.005111651219638765,-0.005093611709645329,-0.0031902679381601235,-0.0010082284455151156,-0.0026284101179719493,-0.0038248021744053343,-0.004089603610250142,-0.002989702030022835,-0.004099992138800776,-0.0043434741589625046,-0.002993594580620842,-0.004532194452815184,-0.0019810238109633747,-0.0030487828832999747,-0.0016071389164418152,-0.0034890818658130725,-0.004019352651421481,0.021959573701831978,0.05711181042654761,0.022187128536364783,0.02087867993275519,0.020557837709460094,0.023617910543955168,0.02044715203592891,0.022075620070347746,0.02343694265590033,-0.0005064883771542349,-0.0017854448507751454,-0.0018158042757243351,0.000501011087320361,-0.0018147662354914941,0.00026952857598580956,0.02339342533494686,0.02192736700178971,0.02192600727231671,0.025332551979399355,0.021906287988984214,0.023108021992017162,-0.0019271040637230757,-0.0016340958778675427,1.698182761752977e-05,-0.0017823593509444875,-0.00038845721196103497,-0.001972483685276943,-0.0007624514294592627,-0.0024042354233565107,-0.0016963905586547111,-0.0009560484610544688,-0.002348578079372888,-0.0016976591035410273,-0.0012032908703593585,0.0008413820154526729,-0.0016966201105031856,0.021439444705106996,-0.0017298927628617237,-0.002299105908963741,-0.003270972441129102,-0.0015915677012442375,-0.0031308683973029165,-0.0014686296656687059,0.021984458213041982,0.021047707475191305,0.020318457676124984,0.02309893502531344,0.020415787682900616,0.020970114007180428,-0.0018688500323521704,-0.002482290206036949,-0.0015149473596017906,-0.0025362022571770496,-0.001555877795864029,-0.0020786869865844484,-0.00153436590845707,-0.0023841558358538074,-0.0023508609086385257,-0.002754246702021163,-0.003274313084962031,-0.0030965147118346107,-0.0029281579383313564,-0.0011947340438258844,-0.0029564496490623905,0.0035272951396275298,0.0025918090614821016,0.0021687438836331127,0.004282918089215361,0.0023565877624422507,0.003401868036104041,-0.008498504425820655,-0.008828194438741511,-0.008363768850851794,-0.008755740163999015,-0.007344863229415286,-0.008405994035232059,-0.008375102155439233,-0.008607192399713146,-0.008097170614173123,-0.009217919281709801,-0.00919899244682943,-0.008524373465942627,-0.009212082658943964,-0.007154093344016404,-0.00829024211851815,0.002773912778473132,0.002673041159044923,0.004104724978887567,0.0027120892959276136,0.003050247827674662,0.0026746190029508245,0.0037064945526314613,0.002454277025623823,0.0020853650382241396,0.0030985340049453623,0.0020941029433299983,0.0016911161357763473,0.0030638953542475047,0.004027960301994433,0.001879036028725772,-0.00801314717856469,-0.008664607681174743,-0.008375975833067924,-0.008550182423189525,-0.009147438548347653,-0.008607585654312666,-0.00865213691629131,-0.009336789841088045,-0.00796354763699472,-0.008579703206588424,-0.00817988446373352,-0.007546704362961184,-0.00845767310130319,-0.008622080811682527,-0.008202436702847928,-0.008658869034330122,-0.00938289525492372,-0.008817271049221751,-0.009022828192044483,-0.008811433795766634,0.02720091138759571,0.003850488500287101,0.0028519299833811604,0.002747531536964203,0.004186386690497831,0.0026347025135074996,0.004069218242491989,0.02772896810755333,0.026565997719394475,0.02649232819536456,0.02915795395498461,0.026421906865022587,0.02687341567925491,0.0032657520558662797,0.003517356845206385,0.004288999012530641,0.0032525070545986485,0.00396813209289009,0.0034864505921919703,0.003797016587077433,0.0029305416434672535,0.002940691225359936,0.003527032394766497,0.0029889707179530907,0.002865272895455297,0.003110476385852362,0.004525657113740768,0.002752455474029612,0.003622523090513696,0.0024618003389918356,0.0026825540290513687,0.004598492059643191,0.0026623619101358827,0.003663306609382233,-0.00911752840694685,-0.008598151435125165,-0.008366527069963733,-0.00874738983924517,-0.007568683794409538,-0.00860208285626837,-0.008815463229986902,-0.009036562103253253,-0.008548797461978813,-0.008786070703653894,-0.008756099043086971,-0.008325668083872702,-0.009035277398374833,-0.007199514574239071,-0.008324681363800492,0.0026182443097668637,0.0031609382677622306,0.004406077360311262,0.003003451190299148,0.0032860913918506818,0.0029372760442372393,0.0037715533391384807,0.0025090162303730602,0.0019001439856788183,0.0038295336692596845,0.00281540816531661,0.002345767539176093,0.00362438199255319,0.00448410996159939,0.002325565847891143,-0.00823517845175326,-0.00911955011515388,-0.00881974110760716,-0.009028011883777134,-0.008730100153625261,-0.008179479306328922,-0.008479404362107004,-0.009133095672060299,-0.008023485621838434,-0.008628629577282684,-0.008200383665746882,-0.007556186372363628,-0.008512598773959148,-0.008897571454397832,-0.008501549654411108,-0.008947050337286459,-0.00870338285318717,-0.008442903149867875,-0.00863733830016389,-0.008692029598667775,0.003372005259715832,0.002751508402756845,0.0022315730082505688,0.0034775234557903106,0.002330428527015362,0.0026729455941071484,-0.00782069236129658,-0.008213617393717383,-0.008632157503849332,-0.008267878398481391,-0.007505589929937326,-0.0074711417282923385,-0.00831466874535723,-0.007778194334136096,-0.007968616562106437,-0.009318422792153627,-0.008448854118385477,-0.00849383474405908,-0.009493650967901088,-0.007972385623564544,-0.008353092581820898,0.0035070671115834664,0.003343533026917546,0.0039030697498895557,0.0032901841943359174,0.002894893132389341,0.003690823347601435,0.003913751163990518,0.00342796636624712,0.0022451397931862347,0.0031472485246383866,0.0029897335631132852,0.001753968033948443,0.003056162444731343,0.0032223834419911617,0.0018528619116965335,-0.0064955936215680705,-0.00805354461316629,-0.006997096465804942,-0.007872378796471147,-0.008572993653348616,-0.007183864760659524,-0.008037736363570698,-0.008976253765281033,-0.008231797249183482,-0.008091980013948745,-0.007192255710783499,-0.005841734389866198,-0.007522832674868492,-0.007825787390509124,-0.008142015301695409,-0.007829881648762698,-0.008611968988289129,-0.008917707858953646,-0.008272903532865637,-0.009092834266627077,-0.004688691468501804,-0.004566701108898679,-0.004529559056791569,-0.004527395108059608,-0.004410286722998085,-0.00422987129452636,-0.004595681832918749,-0.004451649454641364,-0.0050464780855894705,-0.004984775299280083,-0.004590597337323624,-0.005219601308437262,-0.005019768536826979,-0.004271449620394954,-0.005030522556558881,-0.002344589178951647,-0.004252381586244183,-0.0027055068404479654,-0.0031023246206481297,-0.0045093269968694135,-0.0027123022050824504,-0.0029805198717942592,-0.004697796446436215,-0.0035545102559613535,-0.0029084624542901716,-0.003211334201989398,-0.0013232268977695014,-0.0024523980019780177,-0.003651427047654123,-0.0034573714374925768,-0.002652445469435626,-0.004184811354006212,-0.003846039721038302,-0.0027911573093088236,-0.003840185897799169,-0.0035204269993013757,-0.004573097392343824,-0.003891641579928584,-0.0051984724039764365,-0.004603505361778967,-0.0036721543596386916,-0.005047251268895135,-0.00479169355357708,-0.0047864776255581555,-0.00500792894904878,-0.0036949867631825353,-0.0026882575930479145,-0.004739443631435963,-0.004093911657731865,-0.004881784979609804,-0.004961322845095732,-0.004400950059866461,-0.005241794271093551,-0.005071158524937624,-0.005276798043715398,-0.0029580645198741284,-0.0005534609663835873,-0.002396343951916608,-0.003592155021539163,-0.004080642484869162,-0.002757256921916943,-0.003643872094293154,-0.004111033980865442,-0.0025380037993607187,-0.0042994048516712775,-0.0017487829373564285,-0.00303982811565182,-0.001374994783949888,-0.0034798214783648023,-0.003786676601628492,0.05775680431017023,0.022636486694952634,0.021328602761161487,0.021007899310919224,0.024066608930232918,0.0208972675664794,0.022525036908621756,0.0585851052996853,0.05714036247609617,0.05685821684372981,0.06122150343099447,0.056789635867557316,0.05744071289615622,0.0220621382234906,0.02209147626906253,0.02449339646657687,0.02183137248918873,0.02275247349551895,0.02173409820509722,0.023684722982969118,0.021187974138346603,0.021416202106423195,0.023202354577387868,0.021027027720282566,0.021124029496263484,0.022794341162432476,0.024399920906650625,0.02101340907471914,0.023842276057905336,0.022376847037908418,0.022375485596905203,0.025780525591844832,0.022355777307565012,0.023557021912385963,-0.0016902053099746598,-0.001397261166481043,0.00025344311217721425,-0.001545491475164391,-0.00015189451830279382,-0.0017355741651222502,-0.0005258150092733487,-0.0021672283955335744,-0.0014595369804062577,-0.0007193687343643898,-0.0021115834742699052,-0.0014608064512473577,-0.0009665520074680046,0.0010776638647426232,-0.0014597655971270533,0.02285701902514993,0.023171834258419746,0.0259178356042666,0.02301718940019344,0.023513507318950258,0.022625684288694024,0.02497026508926019,0.022205253182184435,0.0218281738579931,0.024809772371436025,0.022288111016192463,0.022046167057687256,0.024608594705662203,0.02566972986792875,0.022026449503580642,-0.0010367388208178377,-0.0004934501141094444,-0.0016173889645532183,-0.001601157656636485,-0.0003297587369852689,-0.0012042402206541823,-0.0012791521822199906,-0.0007294992825884506,0.0005938880550119815,-0.0014273694240821858,-0.0001381346787058161,-0.0009190834083779464,-0.0016465234322847865,-0.000829910912956395,-0.00021418715962120673,-0.00207815021736165,-0.0008600556414865727,-0.00037863211495945163,-0.0019934114883132232,-0.0006257360515859864,0.022433914587866907,0.021497568112321862,0.020768632412557414,0.023547875041146634,0.02086592457541052,0.0214199984338059,-0.001631949252114027,-0.0022452360108005573,-0.0012781095897356459,-0.0022991336418682704,-0.0013190617175524169,-0.0018417382838252676,-0.0012975384586317409,-0.0021471375718237528,-0.0021138658043427724,-0.0025171237464609777,-0.0030370784289493447,-0.002859352277016136,-0.0026909875855555122,-0.0009579988569591128,-0.002719316958395435,0.022566435674539,0.02218803919710565,0.024291505725079213,0.02213564999310106,0.021965010492230604,0.02220225848108825,0.02397522094799534,0.021943702915811946,0.020999749768021506,0.02300619439345349,0.02129520585578944,0.020299014414744708,0.022916816452885316,0.02329717739730084,0.020396343981274913,-0.000537238969937829,-0.0007039301612331537,-0.0010358828100620404,-0.0016837123175378252,-0.0014422027915113583,-0.0014442446695514064,-0.00207107235741016,-0.001842419622667802,-0.0008814293800413844,-0.0021249528179163317,-0.00040536753079350725,-0.00044358898264882475,-0.0018934989433964874,-0.0010346069347526145,-0.0011264609549850025,-0.0021988946803261802,-0.002038340420672168,-0.002119814690496137,-0.0028626855359512077,-0.0022935779135119017,0.003009762354675935,0.00290891329051589,0.004340273171309982,0.0029479530349118804,0.003286032080710914,0.002910491950539601,0.003942132043847086,0.002690198986459159,0.002321365143500531,0.003334307124938484,0.002330105297261196,0.0019272016146854786,0.003299678772012362,0.004263519619755874,0.0021150819534418476,-0.007999129009731971,-0.008650580690068431,-0.008361952921955811,-0.00853615801092411,-0.009133404253204403,-0.008593558757305834,-0.008638111155582696,-0.009322752876258554,-0.007949530787835451,-0.008565678379689924,-0.008165863880970514,-0.007532692216507524,-0.008443649939648386,-0.008608054289863372,-0.008188416667724293,-0.008644843181663147,-0.009368857698868324,-0.008803242898487862,-0.009008797534683772,-0.008797405598023535,0.00394784869256127,0.0042970905503577255,0.0035791729578671916,0.002503513229049343,0.004045259105966634,0.0035753331569929924,0.0024316019580417235,0.0038586301760579578,0.004085326930243781,0.002470657853808065,0.004613944757464498,0.004220103309067172,0.002404194980796691,0.004218038433994651,0.0036581461100635725,0.002183801965220409,0.0036916916579261623,0.0030791388925618724,0.0018525427795070498,0.003044500133157058,-0.007575057267272501,-0.006422413296265869,-0.008050813311239684,-0.008211964406398289,-0.008477853781565467,-0.008413632437316805,-0.00848847511938883,-0.008732796944555178,-0.008417568746819034,-0.008922046265751167,-0.006920531554531044,-0.007993245615926342,-0.007584382933656777,-0.008435335769348134,-0.008968128587089844,0.028175942651501275,0.02701347135267616,0.026939834746772695,0.02960426435213203,0.02686944072888318,0.02732078525660439,0.0035014857850371355,0.0037530357435691824,0.004524504089352508,0.0034882464771979695,0.00420371402651883,0.0037221358211083776,0.004032634010690756,0.0031663538827620026,0.003176503107436863,0.003762712401016696,0.003224766880943285,0.0031011023303024595,0.003346258794526798,0.004761115315067419,0.002988313436558082,0.028062704131664833,0.028336905392144823,0.030368993473587888,0.028157324416517006,0.027848813618972543,0.028119971709799282,0.02978437511117614,0.027695746693064512,0.02646781244702585,0.029549578910231744,0.027780838275379475,0.0266122404289976,0.029417228679071986,0.029494114197991382,0.02654182209600106,0.005005428662035993,0.004649610490019964,0.004298364598002624,0.0035902059511061955,0.004857323289216618,0.004834171403738624,0.00387068866581094,0.0043164523925447425,0.004863672296353391,0.0036059234106518073,0.00541581367830553,0.005356997883231587,0.0038108424382701915,0.004546712293304338,0.0043430170546317,0.0032550964490823844,0.004691362055167844,0.004102114662537573,0.00334246596618657,0.003685798752926056,0.0028541237946381535,0.0033966983315597246,0.004641553258981971,0.003239244942774486,0.0035218377195396335,0.0031730860033844727,0.004007170748124012,0.0027449205271129866,0.0021362140257508233,0.004065138373828204,0.003051244311524042,0.002581722041140338,0.0038600314540444447,0.004719581494245755,0.0025615261882450347,-0.008221158235726594,-0.009105517951385943,-0.008805713243935994,-0.009013980982380123,-0.008716073083647009,-0.008165459845986878,-0.008465380603224455,-0.009119063166407189,-0.008009467653626862,-0.008614603848154476,-0.008186363660287603,-0.007542175019930357,-0.008498574679143184,-0.008883542039120125,-0.008487525371417419,-0.008933020452052617,-0.00868935621180689,-0.008428879627443745,-0.008623312490150518,-0.008678002558817234,0.004184532128355187,0.004347817795958693,0.0036195355983159243,0.0022927263879464373,0.004761311091936304,0.004281312586295309,0.0030601802693348834,0.004445035846947109,0.004527177850354382,0.0029026691259776494,0.005093474116527342,0.004689430004134182,0.0026118930314299282,0.004527340417385954,0.0036683925778470297,0.0021834507249118024,0.004747794786603587,0.003950665013964291,0.00271459643681407,0.0037455237583628774,-0.007610039245323562,-0.0064463994952078316,-0.008131697637343444,-0.00846054300537949,-0.008791524907788723,-0.008716216312692737,-0.00778286930019093,-0.008372925026534481,-0.00804675117363393,-0.008775791581534591,-0.006694009947708415,-0.007872623076854912,-0.007452756507914193,-0.008569605762572105,-0.008346218013215171,0.0037427514658894627,0.003579255133100331,0.004138665094615926,0.003525918364620031,0.0031307110591665397,0.003926466957586645,0.004149338020651007,0.0036636649861899484,0.002481103011248026,0.0033830140286665745,0.003225532221047059,0.001990041593573047,0.003291948252279242,0.0034581269919598382,0.002088915468337333,-0.006481595511578025,-0.008039525475629836,-0.006983091623946611,-0.007858363379281742,-0.008558966750568844,-0.007169856868335467,-0.008023718688829742,-0.008962220875619658,-0.00821777667824752,-0.008077961483959608,-0.007178248355566947,-0.005827744815660025,-0.0075088218502844285,-0.007811771179206631,-0.008127995940506191,-0.007815866700297587,-0.008597941491611466,-0.0089036778025741,-0.008258882603294496,-0.009078801396354306,0.005569197549759409,0.005107381359669537,0.005154928351290616,0.003236839845134705,0.004819276309237569,0.005194732692690397,0.003102233116892436,0.004603465410332759,0.0038836721173362964,0.0030488730709380273,0.005879603898652478,0.006175859915493336,0.003420638499270574,0.0055359700645827735,0.003865408258854154,0.0031577245944281102,0.004984639235573526,0.003127853000272003,0.0027483628266782795,0.0030367671919037244,-0.005914891870992465,-0.004047376601180576,-0.006533298923783301,-0.006775264665340205,-0.007866932755151226,-0.0070347891158217294,-0.006772223163910399,-0.008158640505124645,-0.006994278910318367,-0.00856167457319329,-0.004868378042034885,-0.007005853508648488,-0.005879456815935653,-0.007639228456525394,-0.008197593543094541,-0.0035064687881410394,-0.004559125207914757,-0.0038776786125768827,-0.005184492398408719,-0.004589532730840417,-0.0036581942372423547,-0.005033273241795189,-0.004777718404074999,-0.0047725028962538754,-0.004993951421054756,-0.003681026199266039,-0.0026743102716885675,-0.004725469641640159,-0.004079946025143104,-0.004867809016628826,-0.004947345941349221,-0.004386980277838966,-0.005227813552182799,-0.005057180162213878,-0.005262816711117672,-0.0031673573944212864,-0.0007622789711424127,-0.0026055119158049397,-0.0038015753539846985,-0.004290144532079348,-0.002966495461204405,-0.003853310977531105,-0.004320542721649225,-0.0027471997270999975,-0.004508953343206577,-0.001957837728535156,-0.0032491238076127987,-0.0015839625281978585,-0.003689205607805183,-0.003996122927540024,-0.0027633670331041887,-0.0012214632756051469,-0.004015709914786847,-0.0033149591850719193,-0.004845218947434194,-0.004387084582799707,-0.00314043537711477,-0.004846465129895865,-0.004138350230319383,-0.005034693104612466,-0.0015941443871832633,-0.003966902540540736,-0.003183173543837442,-0.004365916821215987,-0.004643864605976583,-0.00090102170413842,-0.0029958606922817444,-0.0008140538090992436,-0.0036299352832783304,-0.0034553505999400103,-0.0017866102900283482,0.0056590009738484125,0.023846464067289394,0.005087213201304121,0.003991353872785918,0.0036554762349702906,0.006117028385635519,0.0038887227228186837,0.005997831266534745,0.0016041421819452137,-0.005441410770429166,-0.006482314665018112,-0.006562329290206285,-0.00468652240710035,-0.00624383142482499,-0.0036032571028749957,0.0007212697883146889,-0.0005226900114930164,-0.0005731974722793194,0.002292864308469119,-0.000266370839123338,0.0014892471123002062,-0.0074809523895983596,-0.007182572531670747,-0.005974797699676832,-0.0070328200075643185,-0.00509925121321071,-0.007313060468496848,-0.00652217036389569,-0.007425078055017264,-0.0061690497127314245,-0.006736158875000704,-0.0073883037405817805,-0.006219837555956314,-0.0066258169076176135,-0.004121096436689015,-0.005901433618742631,-0.00046144000777936133,-0.006675853739475349,-0.007022313024593144,-0.007985658650681102,-0.006726579488450853,-0.007516811025563746,-0.005388882018967018,-0.000731026928606064,-0.0014930654103644202,-0.002225096224556123,-3.695982403641739e-05,-0.00180304533187664,-0.0007174523593882784,-0.007409963513722921,-0.008029428372746727,-0.0074519140191707115,-0.007741133568916571,-0.0062764821934438155,-0.0073810243601589,-0.007301894012025695,-0.00739042103808694,-0.006849953354818439,-0.008464886818852522,-0.008271713410812296,-0.007585635079939745,-0.008218479919454269,-0.006103273243525909,-0.0071170215571588,-0.007052940543175612,-0.007730528645893965,-0.008230275852299934,-0.006519197049821223,-0.007699706057290638,-0.00609937144645313,-0.0016189403824162553,-0.0019651324130596625,-0.001814381637011448,-0.0016072606485284396,0.00035778536280057566,-0.0013261501452080258,-0.00160204261964138,-0.0012402351814765067,-0.00013518113026278095,-0.002435454577075158,-0.0018236771021884252,-0.0006313619964970797,-0.0020937367819170195,0.00039600021942300524,-0.0001175024244782248,-0.008422681524071678,-0.008543790759198781,-0.007521221413970965,-0.008182172824322327,-0.007310417056949285,-0.00830935408935531,-0.0077275363871886615,-0.008232844391487503,-0.008017402838843049,-0.008338421802027108,-0.008592777222371855,-0.008488011142081442,-0.008039310401061936,-0.006552562375451165,-0.007957323777087329,-0.001764872171779641,-0.002696542426983966,-0.0018356257099232738,-0.0014477920497855947,-0.00318814448555524,-0.002077053185124108,-0.001568113297483612,-0.003025960923410549,-0.0011945725232715063,-0.0012104174200876427,-0.0019853291296639867,-0.0007689304630012646,-0.0011550673958152103,-0.002119328552608357,-0.0012080319583920708,-0.0010691706124299183,-0.0028711411699090476,-0.001815208861200925,-0.0014267291603890827,-0.0014737336056965616,0.005003021954825338,-0.0014786773594257943,-0.002246749855628387,-0.0023615010455515727,-0.0013289597042121979,-0.0021269284898650475,-0.00022857676099236014,0.004709192849579733,0.0037260726438558185,0.0036409045152297555,0.005671109160388775,0.00385291042501038,0.004888707186994215,-0.002658498140983326,-0.0024308544404630307,-0.002064909090164448,-0.002364469292338923,-0.0011377128060207407,-0.002209358259548853,-0.002350468624189111,-0.002450485270387969,-0.0019346498731585581,-0.0026404931846705634,-0.002460386890326305,-0.002020272860879754,-0.0026489415059286745,-0.000765256414703323,-0.0017857702005077355,-0.007380295071335008,-0.008297173467330098,-0.00812374221476284,-0.006633044448640556,-0.007814710927451157,-0.006270955261226886,-0.0026791946103395434,-0.0021591040625540976,-0.0022376055205200595,-0.0020100571152429883,-0.00030807946422682306,-0.0019544287745094004,-0.0024483409841929383,-0.002065892285606151,-0.0010388477270689772,-0.0024383905193116778,-0.001806323642800778,-0.0008665886932994543,-0.002328494800668797,-5.6367986034536686e-05,-0.0005497653107274944,-0.009004157556096187,-0.008451688523255667,-0.007661125996111776,-0.008323208344666027,-0.007496726003793107,-0.008456412107761886,-0.008095008202953322,-0.008601530502605604,-0.008641440489551434,-0.008055741164957764,-0.008311087392908189,-0.008240299429598285,-0.007966707594166468,-0.00652534633647988,-0.007931215014392923,-0.0024077622035421353,-0.0035694877733309133,-0.002687525576476686,-0.002366975756798739,-0.0032168352552568694,-0.0020854749255057835,-0.00181793540146407,-0.003275205325489188,-0.0016734424850640103,-0.001668932889153573,-0.0024372760000918913,-0.0012000880197203926,-0.0016424088847969663,-0.0028032117161901557,-0.0019131654235674824,-0.0017538425098439887,-0.0026883629865624664,-0.0018741265769925742,-0.001465261991710335,-0.0017642867783954346,-0.0076081085444176235,-0.008038704084801724,-0.008550795495261962,-0.007708157589248552,-0.008126234534770098,-0.007258101303062541,-0.0013736492404520446,-0.0017662216382995284,-0.0023853333114827666,-0.001479631063004508,-0.00024694439173575394,-0.000787854887499406,-0.0019017096630715474,-0.0007971572744273926,-0.00048305258138443586,-0.002835156222771122,-0.0014496468048016537,-0.0009915698935927723,-0.00259006427797567,-0.0007096122848522686,-0.0005258611000832881,-0.008126133604842732,-0.008293970163061114,-0.008140947992423918,-0.00803859736010712,-0.007865706186290051,-0.007729328123295181,-0.008045803948697722,-0.007760171792966052,-0.008325657442611068,-0.008757302158502235,-0.008189745734961331,-0.008808602410527206,-0.008551840506792186,-0.007741535257983851,-0.008383947950811184,-0.000667349026976906,-0.0024594637371905285,-0.0008560510450234752,-0.0012025551749176614,-0.0030164006732352907,-0.0011322174492240046,-0.0013693000883885987,-0.002984110693069723,-0.001765129778356087,-0.0010828525564966272,-0.0013958369597397624,0.0005035460991489048,-0.0006168927924924734,-0.0016969498614789753,-0.0015075705183359835,-0.0006261921657907363,-0.002529613868504509,-0.0022146207411381275,-0.0010528836461613498,-0.0019697029243094613,-0.003920334832817283,-0.003817519298596356,-0.004061658355962691,-0.0034575234443298287,-0.0028128366291015564,-0.003249138406537135,-0.0039320827755474205,-0.003172994106167463,-0.0031819422080574993,-0.00431729035462318,-0.0033079465246568882,-0.0034270790143463947,-0.004019304042433275,-0.0027614271847726697,-0.0028989115635236064,0.0156741329122542,0.013623708722585495,0.015604518681033056,0.015765720371596875,0.013360489531729206,0.015587486794211123,0.01586659601365973,0.013520114071404422,0.015101683839837949,0.0162185224080866,0.014872672262700221,0.017201396716542555,0.016601561850318518,0.014740883136182957,0.015417530466770548,0.01668612716512315,0.014221681572630802,0.015039174401617325,0.016553527488494195,0.015375212415516452,-0.0033779420132845346,-0.004748191275080481,-0.0034701689058594725,-0.004206268541525276,-0.0047904942915754315,-0.003262446005061269,-0.004074277356832407,-0.004660939553076573,-0.004094998343144309,-0.003714200857728731,-0.0036691465562595335,-0.002035961692685366,-0.0035349067321442766,-0.003824739645014724,-0.00399456893116376,-0.003458743538730939,-0.004127805164644252,-0.004350632937216456,-0.003564590247007264,-0.0040526436536456175,0.014294012049528466,0.017113898879153804,0.015841436644259663,0.013985242820597297,0.01401111064807431,0.015771837594134683,0.013836669249854862,0.013969556269037169,0.015975809890980172,0.014129067584086618,0.01599661260984773,0.015259533505964805,0.017368363341289883,0.015127802950488925,0.01483014120255488,0.024295112363457563,0.005322538222992823,0.004226924221699877,0.0038911211704137395,0.0063521198173672145,0.004124315744457308,0.006232960141532051,0.02433289363993457,0.023041530737676032,0.022740117989408924,0.026293460258973337,0.022948261873338593,0.02418405854497175,0.0041502687664142154,0.0041548122554687286,0.005953547481605059,0.0042207641253616595,0.00566146582847706,0.004042338185748032,0.0053381534925738775,0.0038026738827220898,0.004537249402286236,0.00482875969398709,0.0035710252754102144,0.004230475940106183,0.004820417892328697,0.006911883366393391,0.004463601220754198,0.0009575767563803518,-0.0002861066672877156,-0.0003366024288237341,0.002528814941015387,-2.9844888263123162e-05,0.001725395786579386,-0.007466942285139158,-0.007168566375419617,-0.005960807239514737,-0.007018815823542503,-0.005085272074179155,-0.00729905257981647,-0.0065081726664632505,-0.007411068714281998,-0.006155056624644478,-0.006722158369188775,-0.007374294899742819,-0.006205843773939761,-0.006611817856238037,-0.004107130022546737,-0.005887443978843221,-0.0006536124045481513,-0.00032809559285469723,0.0018429921686350277,-0.00020061823980588103,0.0008425711724947078,-0.0006668034353373105,0.0010795577172895887,-0.0008108778133203356,-0.0006267990356270758,0.0008961162391047323,-0.0007452738032842187,-0.0004518276936905631,0.0009843724662561425,0.002636139819530795,-0.00014501767912582098,-0.0074184059932695424,-0.007297365344747867,-0.007699464254731635,-0.007153407922048525,-0.00716757158529213,-0.0073187029698388835,-0.006825893695387912,-0.007226144867832733,-0.0053947354753463815,-0.006676187886641839,-0.00672100848890685,-0.006764897020536738,-0.006985564222341722,-0.00708845418918834,-0.005971019252321435,-0.0070975502505809295,-0.00719722372372656,-0.006155698025580226,-0.0070315613605700465,-0.006045413768691129,-0.000494392655058746,-0.001256257730707318,-0.0019881265960185438,0.00019952036681942107,-0.0015661696755218482,-0.0004808250512201753,-0.007395953423305108,-0.008015409230224677,-0.0074379022323907765,-0.0077271182554695846,-0.0062624878903225056,-0.007367014727405051,-0.007287884845874521,-0.00737641120427434,-0.006835951411076304,-0.008450861313426187,-0.008257691071970457,-0.007571623536261041,-0.008204457683284427,-0.006089280967121804,-0.007103016208808801,-0.0010089132228290505,-0.0013984878663706284,0.00010387085057774572,-0.0011447820061692613,-0.0007504110954638758,-0.001171703604562166,-0.00013548253290991417,-0.0012023422819967212,-0.0015415319140375215,-0.0010644194589150221,-0.0018522273175764444,-0.002244475989981437,-0.0008604367807838512,0.00016622425629026166,-0.001822426407413235,-0.006909646054558979,-0.007512153644209005,-0.0070994894616387555,-0.007223511554895375,-0.008296459730251603,-0.00760185721887958,-0.007615370736552165,-0.008264045439140758,-0.006814092909193053,-0.0073272241826529425,-0.0070033216815401905,-0.006291522615009225,-0.00719458026736416,-0.007306176169814887,-0.0068913899247053855,-0.007203973693198867,-0.008368049321222143,-0.007826317702413767,-0.00785753181652506,-0.007580089681448026,-0.008408658602227692,-0.008529766252561773,-0.007507210284556823,-0.008168153152356344,-0.00729640904752251,-0.008295332628605875,-0.0077135223948344355,-0.008218823947594541,-0.008003385617093373,-0.008324399846873507,-0.008578752127809336,-0.008473987686818653,-0.00802529237409032,-0.006538564347807342,-0.007943307334512734,-0.001973925836983719,-0.00290578141374866,-0.002044693118832776,-0.0016567703239356514,-0.003397493770803744,-0.0022861814272249125,-0.0017771151133842466,-0.003235277719292153,-0.0014035027564528826,-0.0014193496374342038,-0.0021944260557065294,-0.0009777877893924944,-0.0013639875267941754,-0.00232845299784403,-0.0014169654319549452,-0.0012780749804807633,-0.0030804272313829316,-0.002024260695814805,-0.001635702597901145,-0.001682717754922617,-0.008088251499570319,-0.008196005720540626,-0.008180867162171845,-0.008695700979760138,-0.008462803517438363,-0.008196519728639998,-0.008787568434670035,-0.008332791204746712,-0.0075405856665756756,-0.008425874166565437,-0.007673826348370175,-0.007300516764787511,-0.008582347750458451,-0.007830015187713603,-0.007776144026619011,-0.008505820045226958,-0.008358561259774636,-0.00835778358815802,-0.008836564073340778,-0.008058673138839968,-0.0024478761206137042,-0.0007327273087747923,-0.001802698333377576,-0.0027616582590384384,-0.002511208129255481,-0.001873450015843394,-0.0031368900029353983,-0.0027765662766649907,-0.0018890023394727135,-0.002614466364422317,-0.0012750177744676326,-0.0018001642748513497,-0.0008067821940758969,-0.001934131108200936,-0.0024597259100653662,0.004944602489595149,0.003961703362945172,0.0038765541015970324,0.0059063013951237055,0.004088512079067435,0.005124091213704987,-0.002644551914312259,-0.0024169111292442706,-0.0020509703635135964,-0.0023505269008336723,-0.0011237862690449579,-0.0021954179926936953,-0.002336525916707765,-0.002436541733645871,-0.0019207128435735862,-0.0026265465497629886,-0.0024464432283042826,-0.0020063347122971655,-0.0026349946720700046,-0.0007513344847836598,-0.0017718351310156,0.004182155748595479,0.004437307878745943,0.005796916449132924,0.004493353606782597,0.0048302778614934165,0.0044379201498071725,0.005322870057278086,0.0041998060376388655,0.0036229005018187863,0.005063926331323577,0.004218902336557883,0.0037620473593214195,0.005096396714063998,0.006013488265685045,0.003974041635929064,-0.0017660949914193981,-0.002574122290800018,-0.002175295100323863,-0.0023323444306050387,-0.0024873977661065195,-0.0018086385395697853,-0.0020756649008005215,-0.0026675995324477674,-0.0014869001815155309,-0.002009301625468551,-0.0016362483993217953,-0.0009398397081589912,-0.0018833343481811998,-0.002190777836623842,-0.0018013937198319554,-0.002124390030760342,-0.002298212468619784,-0.002062169857446394,-0.002105189106323192,-0.002070610128053024,-0.00899012726537929,-0.008437665525763806,-0.007647113266593249,-0.008309187084793675,-0.007482714682703064,-0.008442389027707628,-0.008080989677299519,-0.008587505535982306,-0.008627413310746844,-0.008041723159423883,-0.008297066262851066,-0.008226278404095403,-0.007952690807730995,-0.006511347823761593,-0.00791719809878441,-0.0026169293244284807,-0.003778886357322382,-0.0028967467670164945,-0.002576139133582157,-0.0034261654752309858,-0.0022945785260986735,-0.002026990381471712,-0.003484546297446958,-0.0018824717302744767,-0.0018779585036136092,-0.002646449741599078,-0.0014090164255653776,-0.0018514286266330788,-0.0030124590804897784,-0.0021222415300381826,-0.0019628838635180317,-0.002897587681521181,-0.0020831949483337713,-0.0016742463414483953,-0.001973333478923603,-0.008249750912601935,-0.008589626144833152,-0.008575532317905353,-0.00933470498280526,-0.00820607377917578,-0.007940919969232667,-0.008554276872869667,-0.00827462982026571,-0.007539373848458393,-0.008425776096613215,-0.007644745369418152,-0.007272511082396328,-0.008786722775914094,-0.00801093122336535,-0.008200795909275822,-0.008931903332732959,-0.007866269973847166,-0.007933967397348961,-0.008413653451275304,-0.007844938953155257,-0.0029258298684711127,-0.0011896618616577897,-0.0023047274262234037,-0.0034603149336422077,-0.003243068180330418,-0.0025844701309847722,-0.0029684228626311138,-0.002861395162522904,-0.0019533684843862724,-0.0029197483446714444,-0.001541243294681302,-0.0021111827398593965,-0.0010971450947803484,-0.002477011496069974,-0.0023330896825110733,-0.00811211455892015,-0.008279948906144039,-0.008126928540272678,-0.008024579501094581,-0.007851690942418728,-0.007715314326931097,-0.008031785555450708,-0.00774615755744677,-0.008311635999795603,-0.008743274264953,-0.008175725837466192,-0.00879457468601801,-0.008537815313314663,-0.007727521411886032,-0.008369925806451422,-0.0008761858552117341,-0.002668656996618134,-0.0010649260896123346,-0.0014114855651059365,-0.003225718356812741,-0.0013411596710267233,-0.0015782633239870333,-0.003193423475951664,-0.0019741694586177384,-0.0012917589007618345,-0.0016048137736415842,0.00029494021381289154,-0.0008257059140934162,-0.0019059912862647447,-0.0017165623674343681,-0.0008350082709990423,-0.0027388349989229646,-0.0024237537861566574,-0.001261783836778817,-0.0021787873700755754,-0.006938633705135538,-0.007944153502762744,-0.0071384014192785,-0.008399084537662749,-0.008276699453238818,-0.007189241853153764,-0.008537696673969091,-0.00824397539599582,-0.00816031053187004,-0.008282270247527592,-0.007038598274306187,-0.005951702348275782,-0.008002186132131831,-0.007299903091969912,-0.008094419398941816,-0.008033037630649683,-0.007909813514539767,-0.008776663212520462,-0.008433450836381973,-0.008571202214077513,-0.001287363947595355,0.001109192339057628,-0.0007052032771762204,-0.0018010273972580506,-0.002274184484236707,-0.0008939006401149589,-0.002134048447389295,-0.002604905537275218,-0.000944449108508236,-0.0025726291302819774,0.0001640443394195154,-0.001210814618755399,0.00046566188852229326,-0.001511851843312533,-0.002118367895089035,-0.0035873089384180004,-0.004957830464329312,-0.0036795531553854167,-0.00441579443633422,-0.005000141869139395,-0.00347178922978234,-0.004283777138309048,-0.004870561021179114,-0.004304502176220602,-0.003923628568740616,-0.0038785718046769253,-0.002245064077059948,-0.003744299909468067,-0.004034196029786547,-0.00420405426482877,-0.003668121564245557,-0.004337321420838908,-0.004560187331474674,-0.0037739878639629783,-0.00426213944997906,0.013868487510918643,0.016689498074248695,0.015416549262303816,0.013559591424459925,0.013585495743792543,0.015346922506707342,0.013410931669211942,0.013543924485352082,0.015550977307246614,0.0137035013079781,0.015571778332501921,0.01483442846397655,0.01694409425489614,0.014702642434609284,0.01440486024236042,-0.003833049258725748,-0.0016821277808480404,-0.003873161043944627,-0.004157156166103104,-0.005020353147398913,-0.003965426756237034,-0.00408293715043528,-0.005033491687381184,-0.003728470751906194,-0.004903909448186835,-0.002291156406636102,-0.0039410559379192325,-0.002530586376571238,-0.0040966858089780496,-0.004370664474240832,0.01567783256379112,0.014255782554431294,0.016856578868969744,0.013947020881821865,0.014019962492288767,0.015958340717359545,0.023810693519142036,0.0052467320537846794,0.003929311099167073,0.0038152118369132767,0.006055111922354807,0.004043533388212596,0.005935904931439098,0.02384849288918955,0.02233865513492228,0.02225496847251236,0.025592852239612576,0.02245064241658954,0.0234819168595996,0.0038526356758203386,0.004078921681512391,0.005656428118740447,0.004139989146029414,0.005364251770827966,0.003744674876553733,0.0048193156806879255,0.003500049141371548,0.004018004024078866,0.004531315499069465,0.0034902008608217613,0.003932857769882691,0.004518081423564134,0.006393816138673043,0.004161159189856287,0.000829706712741855,-0.0006368176361209953,-0.00046462755075200814,0.002179040190493594,-0.00017070236647529,0.0013753279461050782,-0.0074095121705855865,-0.006887091985174866,-0.005903459390195123,-0.0067423114049255835,-0.005027971642462174,-0.007241631742182298,-0.006674767516030332,-0.007358574261693394,-0.006321597022169879,-0.0066647684618343,-0.0070976978064255635,-0.006148482024894335,-0.00655936360997329,-0.00427335531270077,-0.0058350264936881035,-0.0010044458538241091,-0.00045611993890343693,0.0014929892429705065,-0.00034149870804423455,0.0004922094177487916,-0.0010176427246858454,0.0005068493724102146,-0.001174647076125947,-0.0012005047058896746,0.0005457976516142766,-0.0008862277880226648,-0.0008026158248026289,0.0006212252409082839,0.002064244815315156,-0.000508578416843699,-0.007360978543891991,-0.0074640823233760355,-0.007646955128719075,-0.007320103759124229,-0.007110156896611733,-0.007042119125484763,-0.006768497787647548,-0.007173659019976721,-0.005561160089629143,-0.006623730068976728,-0.006887635139519391,-0.006712435663944057,-0.0071522338920528145,-0.007260071372361199,-0.006361444852871795,-0.007269169301981908,-0.007144739312822848,-0.006322241233182206,-0.006979085366972568,-0.006216868206325065,-0.000622438906813641,-0.0016073006632942226,-0.0021163533843989377,-0.00015103798389887519,-0.0017072362689484187,-0.0008316010735517134,-0.007338523448486973,-0.007733672902685903,-0.007380465255543077,-0.007450392645841559,-0.006205123939723787,-0.007309586662072201,-0.007454615294386999,-0.0073239149758143555,-0.007002596421005114,-0.008393366929851332,-0.00798082566185023,-0.0075141874010910045,-0.008151913270093264,-0.006255811780076864,-0.007050537352591734,-0.0013598719148111868,-0.0015266438366229398,-0.0002467195201090229,-0.0012857919137797844,-0.0011012751053984815,-0.0015227168108561853,-0.0007088739552588693,-0.001566254997085877,-0.002115667217284223,-0.0014154049584624265,-0.0019933326926229356,-0.0025958363785357815,-0.0012242393531341385,-0.0004069821078517642,-0.0021865442522180575,-0.006852243138070148,-0.007678918968196117,-0.007047007433606541,-0.007390215626569324,-0.008238973945841672,-0.007325163906005196,-0.007557932167860702,-0.008211497582128007,-0.006980736285495791,-0.007274733806680872,-0.007170003002016872,-0.006239082285070447,-0.007361278927451532,-0.0074778422311025244,-0.007282154184541414,-0.00737560729798691,-0.008315496431669924,-0.007993123001032703,-0.007805014040994318,-0.007751790575575761,-0.008403370532812603,-0.008300112099941227,-0.007501928332523142,-0.007951552949485914,-0.007291128662413505,-0.008290045320248202,-0.00793248363058659,-0.00822651507273556,-0.00822239677490648,-0.00831911229819614,-0.008362067874391456,-0.008468699295139473,-0.008032982304148449,-0.0067572783084464995,-0.007950996450804885,-0.0015724113307559046,-0.0027270607456719637,-0.0016480636669632845,-0.0014782714605449426,-0.002995412523635814,-0.0016664518924384862,-0.0013757000454893524,-0.00283817492713717,-0.0012250447482795314,-0.0010229767767011824,-0.0020158262256845696,-0.0005815570911711509,-0.0011855381195336613,-0.002154743074855951,-0.0014613751171948506,-0.0011045480796360032,-0.002683382775400722,-0.0018456992604708974,-0.001239251496415424,-0.001509124501118338,-0.008082965610667557,-0.008415065256293118,-0.008188558001877202,-0.008914854302567138,-0.008457514986496354,-0.007979912899542382,-0.008782277887741193,-0.008340483177821387,-0.00775950473805553,-0.00843356644014857,-0.00789277906293311,-0.007308201898588114,-0.008801478445572854,-0.008061976147330466,-0.008219413292487333,-0.008737919476170813,-0.008366253429219464,-0.008576870299494431,-0.008844259044933734,-0.008290677660680802,-0.002269233312164879,-0.00033658676453094056,-0.0016241751495750644,-0.002587876933027428,-0.002555664156732735,-0.001699826439557625,-0.002739824006709279,-0.002597878405175942,-0.0014924554222638241,-0.0024407201790618742,-0.0011014812149587544,-0.0018445896217599604,-0.0006333332770482686,-0.0019834747693582458,-0.0022860052571459207,0.004817215533841161,0.0036124019815032943,0.003749037967946041,0.005557648843640197,0.003948207333756864,0.004775154822455026,-0.0025873892076112947,-0.0021367050971694635,-0.0019938390837256573,-0.0020752520827364536,-0.0010667060227404603,-0.002138280232999336,-0.0025024710916468768,-0.002384304110806478,-0.0020865909190145074,-0.002569382190686824,-0.002171143128942795,-0.001949205853450843,-0.0025827442869524593,-0.0009170341903016981,-0.001719630602829245,0.003832928062795556,0.0043098583677830815,0.005448227026481047,0.004353103019923891,0.004481244263649251,0.0040887755683734865,0.004752464146074061,0.003837767716875914,0.003051503125553105,0.004714986895157012,0.004078614459256317,0.003412658611490753,0.00473466908184627,0.005443429539030046,0.003611904132188894,-0.001708980534008114,-0.0027401045254813986,-0.002123070775896098,-0.002498285866842923,-0.0024302410729335026,-0.0015335049939429989,-0.0020185319681771097,-0.002615347630508261,-0.0016527140363517476,-0.00195708486513784,-0.0018020799720507024,-0.0008876789804075186,-0.0020492053963820493,-0.00236161489467249,-0.0021902905678539888,-0.0022952132923000344,-0.0022459805156881613,-0.00222807710205924,-0.0020529673901796604,-0.002241433362346208,-0.008984835338936783,-0.008208036254691716,-0.007641830451975921,-0.008092562255012493,-0.0074774327038252715,-0.008437100836099968,-0.00830002106516353,-0.008595198892986012,-0.008846578893130176,-0.008036437624071533,-0.008080443446786299,-0.008220991387880466,-0.007960380106317074,-0.006730069414959867,-0.007924887492213067,-0.002215197375910788,-0.003600029987344129,-0.002499825409430457,-0.0023974828146861625,-0.003024120861765859,-0.001674921997404056,-0.0016254733868730142,-0.0030873975893486428,-0.0017039294893792301,-0.0014814083710273727,-0.0024677846194391755,-0.0010126507973914451,-0.0016728944811463242,-0.0028386469149896034,-0.0021666820339262243,-0.0017892430355097196,-0.0025006596759796457,-0.0019046194297472694,-0.0012777745313737937,-0.0017996882073583525,-0.008244464035671552,-0.00880876210361052,-0.008583225591980536,-0.009554016109841105,-0.00820078706255274,-0.00772436833064954,-0.008548987596871758,-0.008282321265600329,-0.007758306783143091,-0.008433468850211602,-0.00786368853999585,-0.007280195890918517,-0.009005922169737841,-0.008242926706065712,-0.008644296313165576,-0.009164123730960908,-0.007873958757866088,-0.008152982036764027,-0.008421346141834585,-0.008076911283390413,-0.0027471166642362025,-0.000793375127940672,-0.002126116826862698,-0.0032864287352814712,-0.0032875563623727708,-0.0024107275705312126,-0.002571467468388416,-0.0026826881102854296,-0.0015567895351730177,-0.0027459475040075916,-0.0013676730815713161,-0.0021556223597541508,-0.0009236459427396192,-0.0025263815293072645,-0.0021593854744151714,-0.00810682850078806,-0.008050348428317434,-0.00812164230150458,-0.007808007403404789,-0.007846406800606795,-0.007710030983674955,-0.008250814966051115,-0.007753845596194864,-0.008530712541022424,-0.008737983700260644,-0.00795912214541151,-0.008789284089972801,-0.00854550882833226,-0.007946480336148623,-0.008377617762307232,-0.0004750870168065881,-0.002489975218784235,-0.0006686617614471623,-0.001233027428484912,-0.0028236976804289233,-0.0007219815258717242,-0.0011769222105241094,-0.002796328305513299,-0.0017956183695333281,-0.0008954351483946916,-0.0014263161206895495,0.0006906936577161513,-0.0006473475287341105,-0.0017323504106349014,-0.0017609846735397983,-0.0006615547762445387,-0.0023419137900290527,-0.0022451232673711707,-0.0008654717642523235,-0.0020051107034473577,-0.006933355665309196,-0.008163164872943742,-0.007146085439216985,-0.008618177827045983,-0.008271412082759609,-0.0069728409171897305,-0.00853240781622693,-0.008251666948721766,-0.00837935849948676,-0.008289961623312865,-0.007257417789466821,-0.005959378580789766,-0.008221198102690706,-0.007531745548071273,-0.008537827292510526,-0.008265034588743671,-0.007917502714911939,-0.008995841936094595,-0.008441143228609001,-0.008803325004150766,-0.0011089191795803982,0.0015046426655163073,-0.0005268644616460073,-0.0016274019389323538,-0.0023186306302225585,-0.0007204369930775861,-0.0017373634405895262,-0.002426244507119804,-0.0005482549879096658,-0.0023988862841019492,0.0003373366567300664,-0.0012552140339956,0.0006389017626139784,-0.0015611760046833664,-0.0019447011868865367,-0.003237139409614857,-0.0048307923347959214,-0.0033422670646709213,-0.0042888249569993965,-0.004649502975744767,-0.0029113421558655764,-0.003933385419852498,-0.004532894235727989,-0.0041775460650064385,-0.0035862727602538258,-0.003751663310783395,-0.001908230310421753,-0.0036174108491481443,-0.00392018894622648,-0.0043005793573613485,-0.0035541566974883966,-0.003999823476183373,-0.004433200583147578,-0.0034366803530169474,-0.004148111185344104,0.014371815748220601,0.017405635755932264,0.015919132630230363,0.014058215310229077,0.013869293786456025,0.015844692369436728,0.014129309249897365,0.014047377733934293,0.01626783810714444,0.014202026168111373,0.01606945460149253,0.015117893600505297,0.017441114965652052,0.014981294904035311,0.014903054215704606,-0.0037061455474820433,-0.0013454716740035496,-0.0037462564688185394,-0.004043135837994428,-0.005116952608675734,-0.00385143062557338,-0.003745519575463476,-0.004906447168280968,-0.003391175898381366,-0.004789812368273246,-0.0021773347488335004,-0.004037556798093228,-0.0024167420187836807,-0.004206124834113229,-0.004256624028346538,0.016175461224530827,0.014539401665705406,0.017353643431469657,0.014225871050166672,0.014518338380890315,0.016236665259940195,0.02429714164406509,0.022787956248254557,0.02270430524646732,0.026040711465436767,0.022899894561845466,0.023930751516229806,0.004088235755519541,0.004314472658386791,0.005891621649004515,0.004375525518325607,0.005599520242504214,0.003980298870261168,0.00505470020715683,0.0037357291238276492,0.004253573437945101,0.004766766093169221,0.0037258829550160673,0.0041684460438622265,0.0047535362408865165,0.006628851102204274,0.004396696449787738,0.023331028204499445,0.02358172947864335,0.026259083066265933,0.02362403243325591,0.023968548756000848,0.02303803637850286,0.025251464326000506,0.022791486035854118,0.02223955168339353,0.02499759318677412,0.022810277514402913,0.022375110598308028,0.02501663639253179,0.025929959997194392,0.02257077391976116,0.004739586461412451,0.005151062769448852,0.004328025519613106,0.004176918129724434,0.005237209464935161,0.004692430178227832,0.004432074868082647,0.005053463131991901,0.0062303732175066915,0.004493121866512744,0.005528486545746792,0.005002228851896668,0.004068987944269404,0.004973062741840404,0.005364798264086172,0.003824434056304659,0.004866277034308479,0.005105861516651615,0.0038435368368580193,0.005092637435914841,-0.0007677542247557796,-0.00021955087917846386,0.001729119499743807,-0.0001049556774222032,0.0007285821838723715,-0.0007809471499469803,0.0007432017250807686,-0.0009379165945523732,-0.0009637402936916293,0.0007821412712169229,-0.0006495618357933206,-0.000565954854456214,0.0008575515600531383,0.00230026108593286,-0.00027198339840034825,-0.007346970039512777,-0.0074500722789737055,-0.007632942942402501,-0.007306095505402718,-0.007096151434186429,-0.007028114832270616,-0.006754496810086627,-0.0071596527843430105,-0.00554717479969136,-0.006609731009967747,-0.00687363274210707,-0.006698435709477526,-0.007138227853694251,-0.007246063983592767,-0.006347449003867457,-0.007255161759186919,-0.007130733444689723,-0.0063082459030427305,-0.006965081653641995,-0.006202874277247061,-0.00025568364044979686,0.0005725539357727447,-0.000591920299604083,-0.0013315278117389917,0.0009528781538816622,3.800677298002622e-05,-0.0005574461021697713,0.0008719664868613328,0.0016142472544339347,-0.00044280668681798927,0.0009535063439935061,0.00014519984476426087,-0.0013447317475916989,0.0005773995085507731,0.0004029676294401462,-0.0015018035156187368,0.0007209098920363169,0.0006671070813324045,-0.000987621860085893,0.0007425304189547241,-0.006818063808683066,-0.006142153175380821,-0.007257565542184686,-0.007359457876125281,-0.007136538900468311,-0.007543521043725012,-0.006865752543900028,-0.006753494033108041,-0.006909507968130136,-0.006816977953956239,-0.005992784224857533,-0.006560258201742939,-0.006609071957273974,-0.0069325856839490005,-0.006788066927848694,-0.0011230956394624317,-0.001289830338925513,-1.0192205382257788e-05,-0.0010490324433096645,-0.0008645628175194114,-0.0012859036882128174,-0.00047223936827204524,-0.0013294313006533495,-0.0018787252530708498,-0.0011786105734433684,-0.001756413598796739,-0.0023587885735245344,-0.0009874872117673148,-0.0001704239768392524,-0.001949587285608899,-0.006838240474489078,-0.0076649048400222915,-0.007033002147443998,-0.007376206674023559,-0.00822495145973353,-0.007311154100209292,-0.007543921006728574,-0.008197475372147201,-0.006966732473441301,-0.007260726418467195,-0.007155995982800968,-0.006225087680639334,-0.007347270432498984,-0.007463830815966808,-0.007268146156125559,-0.007361598549349272,-0.008301472936179171,-0.007979105482952166,-0.007790999633777369,-0.007737776271070552,-0.00017992445066530014,-5.128066772429817e-05,-0.00039130607199514456,-0.0016312370365456914,-0.00038130215146220994,-0.00044183183475747745,-0.001768957001934664,-0.00036171098288357564,-0.00026610524727978073,-0.0015280549260331233,0.00029114991790442845,0.00023167085770669043,-0.0017941203534258016,1.881085556113481e-05,-0.0007573233867039937,-0.001837669639726351,-0.0005868172447656096,-0.0014347876466981068,-0.0022357439652046164,-0.0012436226584747556,-0.006500874363895113,-0.0050702922014517066,-0.006889938814545567,-0.007022183515165261,-0.007492396770984296,-0.007084698216324432,-0.007357055877187273,-0.00782479200028883,-0.007135534915603203,-0.007797327144676084,-0.005606357397395832,-0.006983606636326247,-0.006276793885013332,-0.007291368478551734,-0.007901275338026087,-0.008068947178328118,-0.008401042221058464,-0.008174538218508633,-0.008900825204000186,-0.008443491389214906,-0.007965895869003476,-0.00876825054139328,-0.008326461141275906,-0.007745490772816519,-0.00841954374114028,-0.007878762928115396,-0.007294193600487564,-0.008787450809037511,-0.008047957735910324,-0.008205393129128668,-0.008723892668317685,-0.00835223100296076,-0.00856284550535573,-0.008830230921635117,-0.008276656607151779,-0.002478386968203176,-0.0005453593999995256,-0.0018331882142005429,-0.0027970942229247676,-0.002764862483272661,-0.0019088540276454926,-0.0029490840914850967,-0.0028070850934953095,-0.0017014420906398418,-0.002649895198171357,-0.0013104041876434137,-0.0020536459333419985,-0.0008421508489823036,-0.0021925593756735545,-0.0024951495749417946,-0.0074967708604777705,-0.006392624560125309,-0.008580278514934578,-0.00783496387124949,-0.008688087098360985,-0.008685916366674745,-0.007760484704246953,-0.00870127869412382,-0.008447917362603675,-0.008584222249834364,-0.006522261168298658,-0.008165678777720202,-0.00780517338438258,-0.008334916228348,-0.008609998726379813,-0.000868486392429667,-0.00230704660473563,-0.0005971362998519505,-0.0026256821710948664,-0.0025515737134165126,-0.0011393244304501446,0.004068534313656604,0.004545359817932455,0.00568346945564084,0.0045885928861859075,0.004716719299789194,0.00432432564478248,0.004987865145923209,0.0040733735395467405,0.0032873137624971596,0.004950398305794258,0.004314166679069564,0.0036483737013461377,0.0049700730364113065,0.005678687072508022,0.003847574420817865,-0.0016950467871770126,-0.0027261566855359748,-0.002109131548864867,-0.002484341478909115,-0.00241629722598921,-0.0015195735535784936,-0.0020045938015512163,-0.002601401314590898,-0.0016387804518580788,-0.001943147565429998,-0.001788144884141532,-0.0008737560464329304,-0.0020352669671443897,-0.0023476720065990307,-0.0021763496984917347,-0.002281271541483502,-0.002232039320394932,-0.002214135613654527,-0.0020390288206377214,-0.002227491622802167,0.005398828669703614,0.005392362774740551,0.004992398720338678,0.00350793549359855,0.005728796587841289,0.0056069057081912935,0.004209281384609478,0.005618601418447756,0.0055692713646903515,0.00425253363870659,0.006161253193815209,0.006040659548457474,0.0037638917322953104,0.005720227362289317,0.004649517836995344,0.0035127763291167707,0.005863770735221223,0.0048360731735294545,0.0039780015968421175,0.004855752732667976,-0.0011507291188304087,0.0002608277900856,-0.001605999233660562,-0.0018815318163906828,-0.0024139148290087276,-0.0020200578021690573,-0.0012667173066092169,-0.002075037873833708,-0.0014014550489093445,-0.002260085875818568,-1.1558421659853994e-06,-0.0014761684947137287,-0.0007847600932516946,-0.0020355329308773787,-0.0018908405456602403,-0.008230443777101889,-0.0087947341292303,-0.00856920088477456,-0.009539976832997324,-0.008186767014378296,-0.007710354860213618,-0.008534962473642365,-0.008268300262728937,-0.007744291930516824,-0.00841944527627863,-0.007849673019622968,-0.0072661882202181335,-0.008991890110902886,-0.008228906200784997,-0.008630268813316978,-0.009150089594645002,-0.007859943109271133,-0.008138961906764176,-0.008407322697751303,-0.008062892184124114,-0.00295635313594344,-0.0010022247560630606,-0.0023352326537413887,-0.0034957721126574284,-0.003496903569638321,-0.0026198982328673732,-0.0027806692858510836,-0.002891917325839815,-0.0017657930771285417,-0.002955188249379566,-0.0015766365055628626,-0.0023647448047895,-0.0011325239230007271,-0.0027355783557770014,-0.002368510024863783,-0.007493664955194056,-0.006390595062527548,-0.008799129310843144,-0.008030344628352526,-0.009139231098457788,-0.009138108265627335,-0.00728293470076967,-0.008303338437023513,-0.00805111868051887,-0.008384884628116181,-0.00628394551816618,-0.008193748772804562,-0.007834245389116437,-0.008573150656848877,-0.007976457892736107,-0.0011489968043363302,-0.002644054962721713,-0.0009132197336198291,-0.0031833258794631432,-0.002439310362547292,-0.0012647164765374097,-0.00691935239993979,-0.008149144951040401,-0.007132079371083162,-0.008604152606898766,-0.008257390647850181,-0.006958837165637198,-0.008518383720540961,-0.008237645787841922,-0.008365336209068382,-0.00827594073781433,-0.007243410257121972,-0.005945388167887332,-0.008207178135500353,-0.007517734320354037,-0.008523802725365638,-0.008251013993401604,-0.007903486253728333,-0.008981811201782439,-0.008427120303986109,-0.008789296781829778,-0.0013178400081209922,0.0012962335736558708,-0.000735660758960637,-0.0018364318106569664,-0.002527783244049876,-0.0009292722775770803,-0.0019464228539379748,-0.0026354196272642895,-0.0007570558357530038,-0.002608057293341399,0.00012870738222194668,-0.0014641502722753045,0.00043033555229509475,-0.0017701776167714026,-0.002153780642741158,-0.006257795861959843,-0.004442154635947948,-0.007430157363065404,-0.006704254503507021,-0.00843613199525494,-0.007642981600248501,-0.006587763733718432,-0.008515142169182751,-0.0074404234357843815,-0.00849539269251612,-0.00485216906645969,-0.007530164875567531,-0.0064557470555645655,-0.007804558167473253,-0.00816115388449464,0.001228990050915859,-0.001146761550302944,0.001244433915008976,-0.001665232231750296,-0.001549415926314938,0.00029945839938312624,-0.0039155792938612615,-0.0015544382696431878,-0.003955691641514896,-0.004252636036293458,-0.005326660175486312,-0.0040608859436255034,-0.003954960583465116,-0.0051161133209411385,-0.0036005404719489493,-0.004999455225023728,-0.002386465829928761,-0.0042470503219978325,-0.0026259153318651755,-0.004415652323650856,-0.004466161658190162,0.015750695617499068,0.014114000706990386,0.016929364107892267,0.013800341705574119,0.014092928221326718,0.015811952659951632,-0.00161510326164469,-0.004201514952542564,-0.002062789882112711,-0.004538654535274758,-0.00421175170840845,-0.0026720240063963434,0.01591797766912234,-0.0014488849173196709,0.022291565093434593,-0.0017591005054723864,-0.0018822460926401117,-0.003076943667239584,-0.0008504189985877608,-0.002937164895877005,-0.0010521211042266291,0.002963235580979327,-0.009299963465078134,-0.009376404541050437,-0.010256955147511487,-0.008639639899439786,-0.010022746978029965,-0.00770132148649755,0.002389400246594491,0.0018973696645423297,0.0012517374288002255,0.003862061994705787,0.001470219824721454,0.002707978761195784,-0.010054680784560259,-0.010609783936363618,-0.009674974413915165,-0.01053753339111548,-0.008899272264675344,-0.009737349865098418,-0.009237034397437153,-0.009939124723205501,-0.009203514898480057,-0.01030536756858384,-0.01075661587168638,-0.009855793273937838,-0.010299856371700049,-0.008014969455131483,-0.009621698053750129,0.002833115319281258,-0.008409248619799846,-0.007164683121464293,-0.009608466244295127,-0.008525763000772586,-0.009130083930161762,-0.008590605372771693,0.0028473700702380494,0.0031028542780804406,0.00149864871567705,0.0034492134209659327,0.0018804001278012997,0.0015175563071640995,-0.007278135459576716,-0.009361948798995014,-0.009036632568729478,-0.009120122144576762,-0.009225232906049966,-0.007138446717053236,-0.007197393521466747,-0.007108596151328836,-0.008801989075728475,-0.009974652642468813,-0.009552665896666127,-0.010425510220746406,-0.00969914391668736,-0.009117284883767581,-0.009946689487457187,-0.0004078567121542213,-0.0001448124073654495,-0.001411104624066323,3.882544887879564e-06,-0.0009606178250922073,-0.0008434780601036413,0.0015471040862711876,-0.00020813765506517146,-0.00030807258141129444,0.00010615109390169035,0.00045231404567343774,0.001997581748630231,0.00148016247609123,0.00205171483563031,0.0009063447081415196,-0.0008070918007146973,1.4896116424493558e-05,-0.0003589792082231913,-0.00046671180852229607,0.0004521549968904401,0.00012729698021727413,-0.0004929699641743311,-0.0014364135149228996,-0.0007173077993088824,-0.0011465319347758185,-0.0017279750083844165,-0.00023286489723110227,9.570974812617889e-05,-0.00019190321446230747,-0.0016902341786231092,-0.0013792858268298481,-0.0014179881256014566,-0.002732608007019222,-0.0011304165716964215,-0.0010928129294891363,-0.0022814934442595097,0.0018569837541534179,0.0006519525692698248,0.0017395748642355467,-7.359399167151693e-05,-0.0012797858947019196,5.917855043993226e-05,-0.001016885716585768,-0.0011738073379778367,-0.0008940898303080739,-0.00070232125198674,0.0014799368341656353,0.0029080205225965245,0.00037775004412563597,0.0013757619063855368,8.194176754156536e-05,0.00043198954575293533,-0.0009119144151317326,-0.0013934411275685302,-0.0007936527848248647,-0.0010528234233961882,0.004131045030385947,-0.0075547258065094365,-0.0073419236405880325,-0.008318747218045127,-0.0075531748254899795,-0.008178325038590019,-0.0065071588250874895,0.004130998327118017,0.00395454709361012,0.003213317371543345,0.0049803590487312544,0.003342508936434966,0.0038760479742948515,-0.007469891720245426,-0.008086965048629737,-0.00803681067193775,-0.008141534430742009,-0.00715491341388243,-0.006896373638271743,-0.007271153051753418,-0.00720357193969222,-0.007169491967001634,-0.00849823400386365,-0.008098137720106594,-0.00791855256506035,-0.00867361703715215,-0.0069292738872147805,-0.007778196718991054,-0.004896289823111935,-0.005056188168911136,-0.005482216777443723,-0.00428334449996233,-0.005262368219505307,-0.004240079867331218,-0.004377999975108123,-0.004706156427223228,-0.00506144316823032,-0.004634282682384389,-0.0032290331935600275,-0.0035038957841352584,-0.004290379842472713,-0.0037044574033553786,-0.003196742320244375,-0.005129702247979812,-0.004293226664120832,-0.003622039473777789,-0.005124159436276977,-0.0030743380683080257,-0.00338925414787407,-0.005431899030250944,-0.005533556287666671,-0.005022018695692051,-0.005463486676958766,-0.005153288311037084,-0.0047491444417191355,-0.004640934800197404,-0.004940319603807227,-0.0053424034992354714,-0.005253722395032323,-0.005303013298040007,-0.0057393414476613735,-0.005258004923177738,-0.004316686980449196,-0.005519445258447711,-0.003671133638811239,-0.005137838368869359,-0.004032798215272552,-0.004206235142394188,-0.005618831963464443,-0.004263174965325097,-0.004307772091018696,-0.005807820952330687,-0.00443932969750607,-0.004235932489090329,-0.0038724810950401915,-0.0024256826300796796,-0.0033323271477153113,-0.004313157565197549,-0.0038952010243020986,-0.0035328431385210136,-0.005070583907200281,-0.0045075413647694285,-0.0038950482597945608,-0.004501995436685248,-0.0031949176178318332,-0.002602913545494167,-0.003992744244323395,-0.0034046905450080974,-0.003608980596750493,-0.004198046281419237,-0.0003422735533386348,-0.0021871729911303937,-0.0030250717372078406,-0.0019470232034220186,-0.002273658763897834,0.000352757173939896,-0.0008641985222948018,0.0003822298664486173,-0.0015191740362745202,-0.0033990849244221618,-0.0018189934341393131,-0.0029078526001625384,-0.00312547659248959,-0.0027698642250806615,-0.0024325704336164134,-0.002386726495343925,-0.0034180281048629894,-0.003561156889732509,-0.0032284704359574925,-0.004518949870799524,-0.0018531654876286917,-0.002293271552735911,-0.001833391731573343,-0.004152457706530913,-0.004013791992619505,-0.0032224059213469838,-0.0053178968801219865,-0.00382923346739596,-0.004505465944619902,-0.004933588321162675,0.0007793632619076018,-0.0011882700639946713,0.0005747401348632118,-0.0019665396143567376,-0.0032427082712375276,-0.0011456799526428389,-0.0029976585629397767,-0.003297197048466269,-0.0036128842492022524,-0.002757292920728922,-2.580915072730284e-05,0.002028148349718907,-0.0012701883504777946,-0.000208518080605093,-0.002266312011826483,-0.0012406233349650617,-0.0027281778445592767,-0.003987169954730341,-0.002629158380146993,-0.0037133624694447014,0.004830023142651522,0.00411332468810477,0.0035749532512213108,0.004401671148315653,0.0036024182164179877,0.005642339383566382,0.004716767733419481,0.005683024191747887,0.00397266631013563,0.0034703543067346253,0.004685685847479897,0.003157694104171695,0.0037180684846494306,0.0035344293986267765,0.0036063204510657075,0.020131029409942765,0.017850539847371068,0.020015545255893424,0.018021737777175147,0.016174838311170333,0.018588572095295543,0.01731451343905668,0.01627899906827174,0.016336965618531693,0.017623652227910156,0.01921133059712215,0.02170910703946569,0.019011893730313072,0.019108542085658403,0.017624425918067618,0.019065138642645207,0.01708429913440433,0.01639373431414119,0.018080969126605066,0.016728309903829945,0.005817471998309222,0.004199424131464365,0.0056985373407825645,0.003292964397606759,0.0033083539279397337,0.005056621222225563,0.0027995713951463265,0.003363337373150688,0.002482524137315284,0.003088325083318406,0.005416478014717018,0.007236756769417524,0.004106641679606745,0.0053028038667250815,0.0034014148996747004,0.0041474074895339556,0.004057094534293625,0.002377805011392075,0.003372739895853205,0.0026258163651111687,0.01892708962388038,0.02193129486072565,0.01854550656563508,0.01859444000875085,0.016479937486843253,0.018429814180981042,0.017040601544000722,0.015599819528784895,0.017796285782872377,0.01570405145521864,0.020700009992480242,0.01784300613810466,0.020126538627089945,0.017740074122325974,0.01650988014959015,0.0227408844035386,-0.0015222090557398308,-0.0016453410470245165,-0.0028397559125366814,-0.0006137352560415794,-0.0027000062365252118,-0.0008154171907566133,0.023067498538497877,0.022567504517359595,0.0216213069201598,0.02498965491868615,0.021748300415727426,0.02248999217965881,-0.0014382284684666595,-0.002274459839952061,-0.0007599250442456251,-0.0023286591370120296,-0.0011254091650386914,-0.0014250574010682545,-0.0003339525383032138,-0.0017306334223876072,-0.0014741861512512855,-0.001775286694458318,-0.002843390391336814,-0.0024422989262342,-0.001949298804389246,5.207572214444266e-06,-0.002302615048756357,0.0026253381551663807,0.002133417856326194,0.0014879269409437505,0.004097663406125949,0.001706361432704804,0.002943840370693065,-0.010040635530172742,-0.010595730461097137,-0.009660933045321013,-0.010523480813353712,-0.008885242960234043,-0.009723308847537013,-0.009222999678352908,-0.009925080970335025,-0.00918948165213844,-0.0102913178542995,-0.010742560433889931,-0.0098417515825526,-0.010285806571115661,-0.008000951804818331,-0.009607659315135915,0.0020934827164188568,0.0017703560906624082,0.0036976584602601806,0.0018399079226756796,0.0023700067007310956,0.002216264939295895,0.0037429545868465776,0.0020262923446068906,0.0018489793481010436,0.0029130707304898043,0.0014437164180356936,0.0012323474670976194,0.0029088575958987266,0.0040644080708870855,0.0014508291386396614,-0.00955457193596135,-0.009737376025769054,-0.009918243204779824,-0.009867598391157214,-0.010445572483989212,-0.01037507646784471,-0.010194397174063766,-0.010635494802827099,-0.009035535472853733,-0.010122181969403489,-0.009027623220773245,-0.008863284896899975,-0.00955034337156668,-0.009470501161417878,-0.008825662791779113,-0.009752069419100588,-0.010456798841514943,-0.009665471704669104,-0.010341153191898203,-0.009659957252049777,0.0030831677120105394,0.0033385805863346664,0.0017347483378313169,0.003684875109403549,0.0021164133242751086,0.0017536883978095422,-0.007264132043061867,-0.009347913364304206,-0.009022601239590953,-0.009106089992272194,-0.009211197734907556,-0.007124445124140853,-0.007183391088875949,-0.0070945952660693866,-0.008787960341847579,-0.009960608336032371,-0.0095386278629653,-0.010411459132601478,-0.00968510364697713,-0.009103251152824727,-0.009932645018534194,0.0038861416905518645,0.002639392150226267,0.003862175015118449,0.002827856962441603,0.0017679609171661924,0.003862375941754707,0.004788192132805376,0.003881876289501582,0.0017990216744781912,0.002858084958007407,0.0022788424487051686,0.0004176514848615896,0.003041371936879309,0.0025925804747990518,0.0007998567818118904,-0.006358970136292114,-0.007173418574492109,-0.006564921361301359,-0.008901623076325162,-0.009466224885632693,-0.008523641078014888,-0.010164729274356177,-0.009521125516200726,-0.009614467171298787,-0.009922687721477466,-0.006563810348045169,-0.005660864261677693,-0.008761672317878385,-0.006747471577821002,-0.008596295761224183,-0.008731728858569227,-0.009510101677528738,-0.010553126988437916,-0.01035561644898189,-0.010277421075321327,-0.0004790548139580744,-0.001422485164608055,-0.000703388698983615,-0.0011326074458551999,-0.0017140404690121488,-0.000218953175822875,0.00010961727559625246,-0.0001779921502052093,-0.0016763000901955224,-0.0013653580320143433,-0.0014040600657802753,-0.0027186604531891983,-0.0011164920918473556,-0.0010788867969118924,-0.0022675517955819736,0.0016487223773247002,0.0004434520474107928,0.0015312914479000603,-0.0002823145736693061,-0.0014887342536738925,-0.0001495028572894377,-0.0012258043147925406,-0.0013827338935610538,-0.001102985201992339,-0.0009111777089899916,0.0012716002207355844,0.0026999651596892873,0.00016912013233177196,0.0011674090026024765,-0.00012674784021112872,0.00022337082727600806,-0.001120790798461976,-0.0016024349518007654,-0.0010025263805140746,-0.0012617460997355395,0.00029093594258967556,-7.610274301553148e-05,0.00017145775103546244,-0.0020250222156013185,-0.0011938600873098275,-0.0006968621880658048,-0.00274401025683786,-0.0011386425443280716,-0.0018009327316162135,-0.0024537219591377114,0.000590025930964426,0.001162079755243657,-0.0017644841205110113,0.00047596185959398346,-0.001212508113105399,-0.001723441332231766,-0.0009986551919706015,-0.002463688533864274,-0.0027255547822480695,-0.002214523262136449,0.001315818502584025,0.0032590048408671812,2.8228256819644023e-05,0.000977648043319713,-0.0009565172802443416,-8.941670313967863e-05,-0.0008308396774696352,-0.0020755411261931013,-0.0009581978218612469,-0.0019694676359191246,0.0025639842124454437,-0.00012696879793228213,0.0010814547402992233,-0.0002313070692596094,-0.0017073542462829252,0.004366544828398319,0.0041901331652272385,0.00344906928690977,0.005215711979113565,0.0035782325873709338,0.00411164656495194,-0.007455880705608217,-0.00807294493347533,-0.008022790811719785,-0.008127513421122492,-0.007140907424648588,-0.006882370185658017,-0.007257144217379624,-0.007189564327466174,-0.007155485767728846,-0.008484207637217488,-0.008084117287049612,-0.007904536453602846,-0.008659587818651204,-0.006915270528283887,-0.007764182330359976,0.004723086793071318,0.0043380985316384,0.0054191307412726885,0.004315184810926693,0.0041115998576252595,0.005128161318468676,0.00587252890509212,0.004896002295962053,0.00390620339422085,0.004885985822277731,0.004236727975226912,0.0031939215566538083,0.004825416041866834,0.0051824678925468425,0.0033231126929919867,-0.006131229768681655,-0.007220381196044669,-0.006632871729409543,-0.007283423785018469,-0.007963656349633296,-0.007043638183849055,-0.007672871669639813,-0.008366977632451953,-0.007398550747067658,-0.007727407978690132,-0.006135860808014317,-0.00525416198119538,-0.006710041520051714,-0.0067690442035398144,-0.006860660571628312,-0.00701716562334714,-0.007778630272891663,-0.007859621619786572,-0.007684033590473712,-0.008034853438407761,-0.005417915639206035,-0.005519571554068468,-0.005008040525468713,-0.0054495029376873975,-0.005139308809040144,-0.004735170030805944,-0.004626961677442443,-0.0049263427732551745,-0.0053284215289183725,-0.005239741197213909,-0.005289031687871473,-0.00572535440188964,-0.005244023606363109,-0.004302718513524362,-0.005505461058802829,-0.003880564554823685,-0.005347562882681801,-0.004242300420482629,-0.004415759174386224,-0.005828665484860184,-0.0044727365732095264,-0.0045173162284217186,-0.006017694902660598,-0.0046489028399324,-0.004445463282374334,-0.004081954531595194,-0.002634869227549316,-0.003541677259408625,-0.0045227201349402855,-0.004104666320295682,-0.003742233906883313,-0.005280310977660494,-0.004717127671260759,-0.004104510587700741,-0.004711583020529289,-0.004248851891410898,-0.004827963608645721,-0.004589615700121704,-0.005704218737123105,-0.005082021430562693,-0.004593521173133113,-0.005776706672235926,-0.005239574393005043,-0.005041390613860304,-0.005706621266278083,-0.00372623841567725,-0.0031621793419445193,-0.005021305238953211,-0.004094494619493608,-0.0046894728531288385,-0.005212523050246268,-0.004625072533209055,-0.005273093568857718,-0.0055461142880307126,-0.0052773761705747334,-0.0040519097063544994,-0.002087171719104202,-0.003708910962720134,-0.004686971279916085,-0.004951924086326785,-0.004070566198473415,-0.004962420427683808,-0.005206004992322213,-0.00407446741750695,-0.005394891394250783,-0.002618509938828695,-0.003686866957858956,-0.002463492275645049,-0.004127437409705835,-0.004658033211447495,-0.002372786372763113,-0.00340407345726899,-0.0035472000444496067,-0.0032145183104114617,-0.004504978482105382,-0.0018392324101341707,-0.0022793328305169593,-0.0018194593221189104,-0.004138491155412335,-0.003999828976652594,-0.00320845390833873,-0.005303914945383424,-0.0038152730345061203,-0.004491494579721075,-0.004919611522362923,0.0005708899607936317,-0.0013971284479256283,0.00036622815382919994,-0.002175631913217075,-0.003452043600890989,-0.001354597722467911,-0.0032069687471140518,-0.0035065461157553373,-0.003822310990493834,-0.0029665542975495797,-0.00023443382855995002,0.0018199214538011672,-0.0014791428944642684,-0.0004171728187652716,-0.0024754563127560364,-0.0014495673559517296,-0.002937414100691,-0.004196678869566029,-0.002838396398878979,-0.003922811344739175,-0.0007300426738487973,-0.0018993272983550019,-0.0009038668106569303,-0.003921932816805414,-0.003137888671802887,-0.0018109549226557734,-0.0047283961728281166,-0.003180301015229155,-0.004648154245591587,-0.004538572768519332,-0.0008142005381562977,0.0004299863871768558,-0.003387482072162601,-0.0008841415978061495,-0.0036049338358455827,-0.0033676304878043693,-0.0025886747664848504,-0.005101338932800063,-0.004532496759292629,-0.004916551090949193,0.000437612904933673,0.003005653055221508,-0.001051643874443218,-7.182424146298602e-05,-0.002800167608204964,-0.0012566808691628812,-0.0018071760384133426,-0.004040157796191395,-0.0021643441063275482,-0.004094705027629974,0.0020277101213710094,-0.0016354822486952564,0.00019975766303624804,-0.0018184892368623181,-0.00352519221131929,0.005609971154466862,0.0039916041019368185,0.0054910160891973765,0.0030849198042878514,0.0031003447638337737,0.004848960002098601,0.0025914308596196142,0.003155338991720474,0.002274319797723923,0.002880242146388536,0.005208898808077929,0.007029535527241339,0.003898758003648542,0.00509520794452927,0.0031933922574718093,0.00393953361235662,0.0038492342206668585,0.002169580789934048,0.003164713536051186,0.0024176416239756558,0.018503612154183294,0.021509011791401807,0.018121701228349635,0.018170830655476505,0.016055313536573294,0.01800596431160346,0.01661623008748976,0.01517481144281506,0.017372151839473743,0.015279087355522148,0.020277250090579926,0.017418936005809592,0.01970337109627479,0.01731597100831233,0.016085240174163278,0.0055796283816870445,0.007930864411605187,0.004074221385606313,0.005273569222785265,0.0026751912586031198,0.003955089899223697,0.004505390610939661,0.0020073501508779466,0.0035362455148343734,0.0020624094187189678,0.007285201742187952,0.0038942709910273487,0.0054961580744032875,0.003780450043172366,0.0027571358606601447,0.02073996779263975,0.017134100589076127,0.019926065591956508,0.016800772066470463,0.016041508025657156,0.018910700855351317,0.022275057862739433,-0.0015334451459720322,-0.0018795476528926792,-0.0028510041989690572,-0.0008477245324950901,-0.0027109525733814183,-0.0010494261243768454,0.022601822802204127,0.02188363315530565,0.021154963551653368,0.024307484876111254,0.02125222369786067,0.02180608352783744,-0.001672388847575685,-0.0022857029375700955,-0.0009939482883634034,-0.0023396031306587347,-0.0013594862714829494,-0.0016592156017973014,-0.0007906046760848438,-0.00196456188141717,-0.0019313078889354421,-0.002009540635639913,-0.0028543377295167345,-0.0026766668698802077,-0.0021833006280268627,-0.0004512672281655956,-0.0025366541998241283,0.002554539098932902,0.001840409217327068,0.0014170524068684155,0.003805209333959442,0.0016050225205662563,0.0026510633274496598,-0.009908740816538992,-0.01023895471410547,-0.009529076732335995,-0.010166406779802873,-0.008753503834933153,-0.00959145551639638,-0.009315756747973847,-0.00979288056384334,-0.009282229156709777,-0.010159379998850977,-0.010385412087991973,-0.009709891327482975,-0.01015354652686377,-0.008093602211902824,-0.009475508492030955,0.0018004648875922758,0.0016994999900266739,0.003405091703988776,0.0017385828362941746,0.002077070062738479,0.0019232799614903142,0.0032285217390780833,0.001702781481190854,0.0013336199482122102,0.0026202863623224827,0.0013423506992555753,0.000939098426501708,0.00258562683777442,0.003550145911908818,0.001127144633143112,-0.00942274007262758,-0.009830175393448855,-0.00978604416057029,-0.00996040096221933,-0.01031361414653169,-0.010018053936737069,-0.01006249064812248,-0.010503187643287048,-0.009128271237015748,-0.009989963324878124,-0.00912036404322278,-0.008731223374976563,-0.009643119548741799,-0.00956295956957579,-0.009142879562214427,-0.009844542153552169,-0.010324515567130405,-0.00975825939322925,-0.01020890600208127,-0.009752425286400537,0.0030124107365286606,0.0030459714900970937,0.001663900771860435,0.0033923462213359375,0.0020151320809796962,0.0014605756194454491,-0.007132644153943457,-0.008991601846065967,-0.008890842411078676,-0.00874954555407715,-0.009079401880935737,-0.006992975060390108,-0.007275945024658395,-0.00696281960092276,-0.008880680043765542,-0.009828722926886243,-0.00918193074837217,-0.010279507771040561,-0.009552937830180287,-0.00919600229456611,-0.009800437815163033,0.003593686964817218,0.002568605525733151,0.003569693281953527,0.0027266484974524563,0.0014748523768015611,0.0035699143487793656,0.0042743894752595105,0.0035590261229407096,0.0012836285425710517,0.002565319901206215,0.0021775779178221724,0.00012416729337222103,0.002718225652050829,0.002077578912317428,0.0004759616063142508,-0.006227598888110292,-0.007265973204230751,-0.006433213692575199,-0.008994351887142324,-0.00933440502104011,-0.008167297968637691,-0.010032809524753354,-0.009388977439816471,-0.009707262191750606,-0.009790479669117164,-0.006656313197016297,-0.0055292743420643905,-0.008854389743832593,-0.006839674810456536,-0.008913460525368427,-0.008824124066397012,-0.009377954954449303,-0.010646003140722383,-0.01022334970434857,-0.010369949900032394,-0.0004081907959584726,-0.0011287377442628496,-0.0006325037481881494,-0.0008695035103513576,-0.0016430732116234272,-0.00014810756601568926,-4.2086375961711405e-05,-0.0001376834442823071,-0.0018282869678660741,-0.001294426392676327,-0.001140889375625327,-0.002647623254858068,-0.0010761469808240986,-0.0012307890686694288,-0.002227159966854219,0.0021018840992358336,0.0006747805065270005,0.0019847885381710727,-5.074368482439608e-05,-0.0010340852557281445,0.0005273568492812389,-0.0007712194484075301,-0.00092783627496658,-0.0008712223367415696,-0.00045643276023836824,0.0015027487898783699,0.0031529656133408956,0.00040059149586784266,0.0013988647002183827,-0.00011781036303752621,0.00045512191101471024,-0.0006660024417089542,-0.0013705640423526393,-0.0005477441080141965,-0.0010296572000273116,0.0003617452860159939,-0.00022783213500299703,0.00021175367125574263,-0.0021770565220610256,-0.0011229403471337373,-0.00043386678346573037,-0.00267297095169678,-0.0010982963971297604,-0.0019529370554513584,-0.0024133235772370813,0.00043839020269722655,0.001202341132583965,-0.0019164818768900175,0.0002937964844194814,-0.0015873307137915101,-0.001906034371593196,-0.0009583141905072863,-0.0026157854578181343,-0.0026851467469165592,-0.002397204903135094,0.0015469578368774164,0.003711764778114508,0.00025973007339910294,0.0012091489723570473,-0.0009475747602328358,0.00014240223053541335,-0.00037618206814652507,-0.0018435666370659515,-0.0005034339555366281,-0.0017372190355495092,0.0027951388733475882,-0.000118031347810172,0.0013130194453038733,-0.00022207529546839817,-0.0014751614672597402,0.0042958631897748005,0.003897698133100663,0.0033783260265078633,0.004923566333921544,0.0034770847314114883,0.0038191959940296195,-0.007324320511404353,-0.007717028708621481,-0.007891144708127112,-0.007771259434382517,-0.007009396001081901,-0.006750883880877186,-0.007349740097874343,-0.007057724639385045,-0.007248064742027564,-0.008352498117193368,-0.007727878274578692,-0.007772926143953261,-0.00852753372865532,-0.007007831937297419,-0.007632274547433934,0.004430801713737463,0.004267415044100042,0.005127042413255171,0.004214113316546835,0.003819149210493437,0.004835988385020744,0.00535915031894895,0.00457339784195985,0.0033918530774572817,0.0045937483354225195,0.004135649686023421,0.00290121585732771,0.004502787373924418,0.004668748122644183,0.003000012861850601,-0.005999840302173213,-0.00731297463141933,-0.0065011049590484645,-0.007376013142993793,-0.007832017042180119,-0.006687765308270875,-0.0075412908323832075,-0.008234963669006418,-0.0074911527515400846,-0.00759550421910062,-0.006228362289537405,-0.0051225770823641725,-0.006802583797888134,-0.0068612889593477975,-0.0071773022778340015,-0.0071094209348358485,-0.0076466994548359075,-0.007952264259777336,-0.007552135578847655,-0.008127198265535287,-0.005346686075552596,-0.005224620158113324,-0.004936839048117213,-0.005185290906951284,-0.005068100069892963,-0.004663988695842578,-0.004779363573507021,-0.00488585601355309,-0.005480917370204205,-0.0051685234542864795,-0.0050248594606063235,-0.0056541051019392465,-0.005203524686551063,-0.004455070808709054,-0.005464954475743363,-0.0034248713067710273,-0.0051148902051359945,-0.003786149208545416,-0.004183306704792087,-0.005372100900424517,-0.0037930218024783834,-0.004061378149390052,-0.005560734149592124,-0.004416396439130191,-0.003989249806143781,-0.0038495574021196032,-0.0021794053204623074,-0.003309415668728622,-0.004289920048544309,-0.004095705077755545,-0.0035096247530007206,-0.004823670086350661,-0.004484606827797519,-0.0036484462088080673,-0.004478755126557765,-0.004177704950340207,-0.004980393626765425,-0.004549141256906527,-0.0058567665118082115,-0.005010814552442709,-0.004329521393591359,-0.005705453125083204,-0.005199075790504631,-0.005193847621786525,-0.005666107540292714,-0.003878513388175203,-0.003121755077971532,-0.005173757520462593,-0.0042775041165592975,-0.005065511663430673,-0.005395725951669996,-0.004584596452410132,-0.005425582754815732,-0.005505606309214179,-0.005460594524956336,-0.003819518491320283,-0.0016319436195821287,-0.0034766121933041696,-0.0044541337728125924,-0.004942957678472592,-0.0038378853856549417,-0.0045059272245092956,-0.0049733767337993865,-0.0036184147870386226,-0.00516191126964135,-0.002386128440500462,-0.0036779082823985764,-0.002231162105435433,-0.004118171346634291,-0.004425216145936518,-0.002301788281218037,-0.0031097642490262407,-0.0034761125053482944,-0.002950897689236258,-0.004433813379432305,-0.00176827214149832,-0.0024313680550844545,-0.0017790930836993869,-0.004290823152792957,-0.003928708359770084,-0.002944835397414555,-0.005232693215027667,-0.0037748308550300306,-0.004643877796100082,-0.004879124836946832,0.0010245102311419363,-0.0011654073165183294,0.0008202229934141718,-0.0019436531105388533,-0.0029965573062435257,-0.0006769713314518576,-0.002751536584167151,-0.0030507283893824425,-0.0035899650501992936,-0.0025109275485046064,-2.9692288628707416e-06,0.0022732954585236507,-0.0012473152722346737,-0.00018538165373201872,-0.0024665049408011,-0.0012174547251122055,-0.0024818420445566944,-0.0039642426517053275,-0.002382820518372041,-0.0036901376222349016,-0.0006591615668625017,-0.002051309356082054,-0.0008635333991695701,-0.004074233316867238,-0.003066831106859987,-0.0015476902389235693,-0.004657215405822841,-0.003139882122008769,-0.004800560670749641,-0.004498099629243489,-0.0009660239661808995,0.0004702722805352649,-0.0035397074735180646,-0.0010665261611773973,-0.003980589213417061,-0.0035505082974798124,-0.002548279191138748,-0.005253811138112527,-0.004492023930811769,-0.005099711867879845,0.0006689287025303154,0.0034585104133067583,-0.0008199087833185821,0.0001598976657269405,-0.0027912141017287857,-0.0010246071359773625,-0.0013521330916854086,-0.0038077581926239472,-0.001709064803064868,-0.0038619863464781673,0.002258957865123711,-0.0016265360097971497,0.0004315135889511949,-0.0018092439084199234,-0.003292599042506253,0.006002097923208887,0.004162689958323899,0.005852858394097604,0.003256187118605476,0.003493422638754816,0.005432469615807587,0.0029847550601664573,0.003517989753497318,0.0024457155679684494,0.0032430375659656787,0.005379790985724421,0.0073908701630024075,0.0040698959077967705,0.005235769698677024,0.0031427410266763427,0.004080271969094172,0.004211651224287458,0.0023409925330077587,0.0035274131697292043,0.0025585683980374526,0.01900884024336677,0.022230982932440836,0.018627312524432588,0.018676451285365908,0.0163427318467402,0.01851186899410869,0.01734168159264865,0.015681796227793355,0.018097211192127597,0.015786271908559874,0.020781895384632706,0.017706007791931395,0.020208492443391055,0.017603308094667546,0.016592052669328543,0.005750461305117007,0.008291894996318485,0.00424533112820465,0.0054141089433789365,0.002624513217733694,0.004095825194465376,0.004867578226693223,0.0021787883897537723,0.0038988200076283384,0.002203381102587749,0.007425492480068381,0.0038436563157900542,0.005636705170522917,0.0036994265879449345,0.002898020872667971,0.021244391087172482,0.017421245242103325,0.020431083585728888,0.0170882458173303,0.016548334766942084,0.01919763617801582,0.023051014957509285,0.022333135148485107,0.02160477926955317,0.024755891825528044,0.021702001615334733,0.022255609286013094,-0.001435531796584511,-0.0020486925153629654,-0.0007572309177854681,-0.0021025782925736597,-0.0011227138977115806,-0.0014223607730386254,-0.0005539476823647176,-0.001727637532832198,-0.0016944066832243316,-0.0017725884647891241,-0.0026171971205940963,-0.002439598432867532,-0.0019463011144087614,-0.00021470239156997156,-0.0022996154896607656,0.023183454769404126,0.022805283536204413,0.025281407242611537,0.02275292538953588,0.022582373357462052,0.0230372609035581,0.02518269621848843,0.022778897440090994,0.021835694119318436,0.024214854769424442,0.022130923477321783,0.02113551797171532,0.024125582320703873,0.02450546610077392,0.021232777678775915,-0.00034102224886985464,-0.0001833722669541096,-0.0008395729292555626,-0.0014872973609640875,-0.0009212372650643944,-0.0012478513838312737,-0.0018745850016156616,-0.0013212270553996622,-0.00036081586823233494,-0.0019284536142383866,0.00033756707583369624,-2.4759834998118007e-05,-0.0014741266600804435,-0.0002911955690541964,-0.0003830389087651977,-0.001779399874791581,-0.0012941612835350926,-0.0013756563294357036,-0.002442924585524132,-0.0015492684910532826,0.002036533263879698,0.001935590952960261,0.0036407966491784774,0.001974665395223203,0.0023130730233473728,0.002159321869504759,0.0034642662941785454,0.0019388724550143625,0.0015697891488738918,0.0028561666384599414,0.0015785221524968222,0.0011753530915312447,0.002821517419277499,0.0037858122389100375,0.001363359702362556,-0.009408703258047435,-0.009816132907511009,-0.009772002594303391,-0.009946357892347197,-0.010299564343949066,-0.010004008376017401,-0.01004844622712122,-0.01048913516650363,-0.009114238910302812,-0.009975919839530797,-0.00910633095711164,-0.008717195573845073,-0.0096290807145658,-0.009548920536424803,-0.009128847024852983,-0.009830500623845157,-0.010310465484547681,-0.009744218729410609,-0.01019485965964687,-0.009738384575454284,0.0029754825853381428,0.003597586117916733,0.002606476007525478,0.00152983726550823,0.0033455848886923814,0.0026026283953533083,0.0014578575360262853,0.0031588304472084557,0.003385695665697945,0.0014969481514889031,0.004136384513081541,0.00346986233958506,0.0016526798096918134,0.0037403056548892017,0.003180162522307524,0.0014321302382010778,0.0032137168906349062,0.002600892632405772,0.0011006334698343142,0.0025662329994161656,-0.008739426867893505,-0.007829910444076932,-0.009460369740694672,-0.009377045851869222,-0.00964314364842509,-0.009823664267097909,-0.009653908057580955,-0.009898372060954976,-0.009827611975252998,-0.010087843398576515,-0.007859899776081454,-0.008933501027976345,-0.008768871305118988,-0.009375990204529006,-0.009909263877730862,0.003829301648739216,0.002804464957481617,0.0038053297251172866,0.00296247373095114,0.0017109938398010766,0.0038055345656593286,0.004509845207917651,0.0037946433836710276,0.0015198132029994144,0.0028011846193951315,0.002413525784650262,0.0003606114202882984,0.002954055188572207,0.002313584113576345,0.000712327447270353,-0.006213609405992723,-0.007251969703334526,-0.00641922164553972,-0.008980320714592952,-0.009320369436627163,-0.008153278587824116,-0.010018763680003496,-0.009374940970129156,-0.0096932204572736,-0.009776437149656985,-0.006642317994750974,-0.0055152940828299135,-0.00884036040061259,-0.00682567762539922,-0.008899430339775097,-0.008810095472291935,-0.009363918619706212,-0.010631948413643543,-0.010209301296620128,-0.010355899253605874,0.005240957434573753,0.005219613089324678,0.0050376064656219134,0.002068450828224633,0.003990009341296312,0.00413598417238261,0.0012665754564619835,0.003917493623683813,0.002491132104156201,0.0014248313222384292,0.0057439898177048775,0.0058108440211827985,0.0020446373169570064,0.005643677249794389,0.002972303298939331,0.0020337659392356904,0.003950635586075838,0.0014855606822103472,0.000874999974767099,0.0016386507982868064,-0.0056304605125584,-0.0039861026211556955,-0.008073372505274476,-0.006142621651213647,-0.008889466230182419,-0.008279400242566511,-0.007889733562058458,-0.010137190981364962,-0.009193556922267842,-0.01019182016843299,-0.00458910058749305,-0.008278623303636505,-0.007373578031029857,-0.008462281129286457,-0.010180788727078165,0.0003756490804939076,-0.00021392041530081927,0.00022565932652144003,-0.0021631161929151683,-0.0011090159386848296,-0.0004199517228952249,-0.0026590241777620103,-0.0010843722204980314,-0.0019389995503980646,-0.002399380180096059,0.0004522931119408446,0.0012162339697498299,-0.0019025449862145572,0.00030770100526020033,-0.0015733980287610525,-0.001892097647821108,-0.0009443919166922421,-0.0026018392404090064,-0.002671199771333003,-0.0023832615149619444,0.001338633665334791,0.003503868323575995,5.107644604587169e-05,0.0010007599689516073,-0.0011564682527113025,-6.627292651458019e-05,-0.0005849496357941154,-0.002052650787984449,-0.0007122503034116617,-0.001946280783082959,0.0025870614167865453,-0.0003267604385836688,0.0011045730239393464,-0.00043082014673746403,-0.0016841729915022241,0.0011582107139129455,0.0024556887420244017,-0.0013917310930928336,0.0008204733773456074,-0.001759450102845583,-0.001541989417632831,4.8758319936257205e-05,-0.0024301192357533375,-0.0019630392505739272,-0.002405449771615067,0.0022856800091015073,-0.0010921155961341712,-0.0005495738342439556,-0.0012369175648640847,-0.0022652675821746354,0.0033906649554238943,-0.0002824614511840963,0.0016646620383409666,-0.0006209620659950595,-0.0013940274218247227,0.0009683382168393039,0.004666279710378698,0.004502930742633256,0.005362361886577674,0.00444964106331481,0.004054760606046036,0.005071376025186474,0.005594411698207433,0.004808840404701305,0.003627559807963936,0.004829187986671155,0.004371192122973471,0.0031370327496308826,0.004738247286636464,0.004904165868906818,0.003235809782555712,-0.00598584875818328,-0.007298965223253923,-0.0064871066879447995,-0.007362004303757342,-0.007817999877134371,-0.0066737639889822365,-0.00752727973719899,-0.008220940523515137,-0.007477141911136057,-0.007581492269301988,-0.006214367619978176,-0.00510859703217206,-0.0067885825186653394,-0.0068472854459093405,-0.007163295618301103,-0.0070954155359625425,-0.007632684671709337,-0.007938246919735985,-0.007538124205015311,-0.008113178115639535,0.006491124534044553,0.0063299025221920675,0.006077194178186396,0.004160789452400453,0.0060421365294691005,0.00611694550778279,0.004026306758056975,0.005826552860184091,0.0051076414175909406,0.0039729938313682244,0.007322204220835853,0.007318281986026424,0.004566070255687028,0.006978952156072274,0.005310840385431085,0.004303422876873946,0.006428382750421994,0.00457434880306841,0.0038945168336249445,0.004483388111237151,-0.005175840160831044,-0.0035527773912145642,-0.00603755833588688,-0.006035584809310734,-0.007126537703725941,-0.006538810356992019,-0.006032588260075621,-0.007418041893469561,-0.0064983289397684925,-0.00782076274298301,-0.003906656805300967,-0.00604218801070055,-0.005160317947937776,-0.00667495818531731,-0.007232817254896833,-0.004163738122144809,-0.0049664160753758796,-0.004535169668178373,-0.005842777869213,-0.0049968365542783855,-0.004315552652426027,-0.005691466462775649,-0.00518509527232294,-0.005179867524112178,-0.005652121377545313,-0.0038645504224691985,-0.0031078021049053403,-0.0051597778629230125,-0.00426353608089649,-0.005051533294728174,-0.005381743378420708,-0.004570624266234376,-0.005411599628961267,-0.005491622276103477,-0.005446610785243968,-0.0040289824761655865,-0.0018409730655673296,-0.0036859921201402752,-0.004663725372555074,-0.005152631086988881,-0.00404733599423015,-0.004715537401193864,-0.005183056844372374,-0.0038278227199958622,-0.005371631180705025,-0.002595309755931284,-0.0038873307127619597,-0.0024402972321721722,-0.004327682295155614,-0.00463478934783118,-0.0031699683151981887,-0.001877324315473704,-0.004673278260651855,-0.0037217623671810312,-0.00525261017426241,-0.005044874798292877,-0.0035471629560350107,-0.005253858966008471,-0.004795991094598713,-0.005442160009155437,-0.0017773033242548602,-0.004150471650510315,-0.003616861444174982,-0.004549551786958364,-0.004827548889466621,-0.0017607831303927375,-0.003857292672606693,-0.001892734095816809,-0.004491892007333343,-0.004317146318632945,-0.0024239395588418556,-0.0006452444119301187,-0.002037373859958578,-0.0008496138306706442,-0.004060267944949942,-0.00305288102978879,-0.0015337607767597296,-0.004643242280385252,-0.0031259309862406545,-0.004786585342914682,-0.004484128536935572,-0.0009521033777378162,0.00048417424129193996,-0.0035257491665623515,-0.0010526051822510477,-0.003966625245946302,-0.003536550167385448,-0.002534336640217251,-0.0052398296267668915,-0.004478052951299367,-0.0050857324504219635,0.0004604436085423755,0.003250569239978054,-0.0010287749715971698,-4.869015413671522e-05,-0.0030004665289239552,-0.0012335115427730243,-0.0015610775402932417,-0.004017229713176919,-0.001918117754960882,-0.004071471040085474,0.0020507966696371644,-0.0018355540243634287,0.00022289512159081765,-0.0020182914919565213,-0.0035019708090530425,0.00044217914394432874,0.00241058362422302,-0.002414541136398954,0.00011570633451981511,-0.0035859345619449453,-0.0026192610290800855,-0.0005814306752224647,-0.004376716442630951,-0.0030786154762722433,-0.004449878016598785,0.002237245895899896,-0.0024987758805821033,-0.001282949597328175,-0.0025993424255588257,-0.0038573787190525686,0.003689349214585115,-0.0011622219317452824,0.0014108755486740635,-0.0016723397542656626,-0.002370950492846797,0.00043122790622842055,0.005542947736265961,0.008084881641530263,0.004037474410247944,0.005206532870823398,0.002416336458230491,0.0038879406987820013,0.004659881720715064,0.00197052316412428,0.003690896076811476,0.001995119341611722,0.00721831394105601,0.003635721025520494,0.005429121502426927,0.0034914672198865836,0.0026898974534066596,0.020821849716734044,0.016996994188061443,0.020008031559552893,0.016663863647180477,0.016123707810656227,0.018774105941348335,0.008403201296949504,0.004007089478214488,0.006332038678727795,0.0036701401873799415,0.0033469153353691164,0.00568529282982361,0.01923768626985861,0.0008455121590721246,-0.006021685048089701,-0.0061440476452821035,-0.007106551402051225,-0.005543018881475064,-0.006638091164599399,-0.004512013275675347,0.0003537640482169052,-0.00018483306694056995,-0.0009159736019296559,0.0016323374138847565,-0.0004944393154386341,0.0005897882129506237,-0.006755386590733603,-0.0073744303856626316,-0.006491502962568802,-0.0070863136196919465,-0.005622639480159448,-0.006502475108532124,-0.006117744586403343,-0.006511859208777625,-0.005971884638145879,-0.007279348191787357,-0.007392370113322713,-0.006706966601026645,-0.007033219357140726,-0.004920559784137359,-0.006238740152057222,-0.0075720368741117585,-0.008025645705646364,-0.008525532220412337,-0.00654484480589359,-0.007994814230837423,-0.0063940277605682196,-0.002558745601702629,-0.002905300478649473,-0.0025171659510116514,-0.0025471172293188623,-0.0005802274014059148,-0.00204264516160905,-0.0020815809628244144,-0.0019566765441040856,-0.0008508330259754404,-0.0029153989009557337,-0.0025405497315396388,-0.0013473468649549184,-0.002573524739930162,-8.260120623785849e-05,-0.0008331504409678538,-0.008942447581503239,-0.009063615690677942,-0.007771102840790617,-0.008701818158558378,-0.00782962915499144,-0.008604634258510246,-0.007753214255389645,-0.008528103065575806,-0.00831259342835666,-0.008364114562189112,-0.008888134215987022,-0.008783333501814745,-0.008064995815858893,-0.0065782104116554,-0.008252497894361464,-0.002704805310906761,-0.0033998677916792478,-0.0027756203080783874,-0.002387387698178429,-0.0038918419434102952,-0.0030173201771839706,-0.0025078142243279335,-0.003729548733643789,-0.0018968559877351816,-0.0021498071127245204,-0.0024650347060856752,-0.0014850524625143512,-0.0018714028751838586,-0.002599097619394079,-0.0016873604779777396,-0.0017854524573038954,-0.003351283016075202,-0.0022948105343808213,-0.002143246112074239,-0.0019531790893685375,-0.007100213281203085,-0.006881080166598882,-0.008240604252587788,-0.006944466200224826,-0.007583271746910935,-0.007623549035572508,0.0001486052335709874,-0.001674922350362141,-0.0018401053327153896,-0.0011453854074879358,-0.0009671500958164131,0.0005366871020102874,-0.00011100116127818161,0.0007812810413193983,-0.0005580614317885415,-0.0024983564485148687,-0.0013238934541549353,-0.0019095671926574991,-0.0019180485060994814,-0.0011623124028592117,-0.0011889231070304341,-0.0071664884411642114,-0.00818217353054422,-0.0075865702984366954,-0.007705397840901559,-0.008429741060905015,-0.006968172495547708,-0.006830534066309944,-0.0067662210200404695,-0.0084378420486154,-0.008412358159742518,-0.008066251588352742,-0.009571733820661269,-0.007952182656567358,-0.00804948575536126,-0.00891347805536844,0.00046033546586601095,-0.0008759488897095785,0.0005144461412217743,-0.0014747677977498665,-0.0028883172037085145,-0.0012149949039228732,-0.0024849680525843524,-0.0025615066055536193,-0.002427148190271533,-0.0019549616940166365,-2.248392413478583e-05,0.0016639629106423171,-0.0010859317793952565,1.1475175189090224e-05,-0.001511935627902128,-0.0008408710711932415,-0.002356915266913763,-0.0030858510776409984,-0.0021336253068988597,-0.00250513791242611,0.0012598072305563014,0.0004986793646724292,0.0007061673994136265,0.0010654000605071308,0.0008536957078484319,0.0017197446692642803,0.0014790385571411134,0.001992207913150472,0.0009453858362021991,0.00025498411612227167,0.0010177078273475215,3.331856361131374e-05,0.0007827651211858061,0.0011358960378315011,0.0007567264069654872,0.02092463047070933,0.01929633408571586,0.021037557253366722,0.01967399991692331,0.01763395542525513,0.01962303326226053,0.018926963113113482,0.018031439632656493,0.018575855867671003,0.01946043077565392,0.020345030606141522,0.022432945372652512,0.0203025053853013,0.020463026512896745,0.019522713671755197,0.020557988731731477,0.018525319365338664,0.018320021704106054,0.019601142105846788,0.01890456458289124,0.0013836714620494123,0.00047056999178150724,0.0015000267021206552,-0.0002832325403502211,-0.00041293122240192794,0.0008664130394599775,-0.0008201459245762699,-6.404841169027622e-05,-0.00038968464405775993,-0.00025263261597565777,0.0013475436318609144,0.0027309725256197126,0.00017747462927518635,0.0014236918810425644,0.00015891929474641357,0.0004503826082981079,0.0002585610482407551,-0.0008414010171023567,-0.0003003841675676936,-0.00031299275195567774,0.019576417948790954,0.022153214219542038,0.019340574857264578,0.01950744897091337,0.017928093662975642,0.01945369833037193,0.017937232344213086,0.017059883646939094,0.018831629730343084,0.017457633635945387,0.021303530595602787,0.018978556319593397,0.020851706287395855,0.019096751916326524,0.017951840900102576,-0.006217784229030439,-0.006423831530589954,-0.006935160653818766,-0.005810540703940988,-0.006511240281329512,-0.005644458985158763,-0.0004259244574687353,-0.0008180877969524011,-0.0012144272349581934,-0.0005317549548925347,0.0006997174860780388,0.00038187707425745156,-0.000508655598083678,0.0003725913829701724,0.000686287388779561,-0.0014407900008733025,-0.00027910642529209467,0.0001783210168386356,-0.0011960188447549557,0.000681783244180634,0.0006435149420715814,-0.006735125073382612,-0.00690274303251382,-0.0064664865780244135,-0.006647706187220118,-0.006475073668045342,-0.0061149341928573644,-0.006147552166650163,-0.006145727422773699,-0.00671038548667046,-0.006857764588237755,-0.006574651168315154,-0.007192609116929455,-0.006652668371323719,-0.005843898870834079,-0.0067685954512337965,0.0002797405315327671,-0.0012885308796609118,9.121150851006665e-05,-0.0002550421739085525,-0.001844779013650874,-0.00018465073699660623,-0.00042163841068772174,-0.0018125160294369697,-0.0005950470405550311,-0.00013544840362021742,-3.4826547840135098e-06,0.0016718580387999236,0.0005525778308253939,-0.0003041692437315264,-0.00011511754126843666,0.0005432951465416824,-0.0011356474701232624,-0.0008212367602947974,0.00011707382746812964,-0.0005766393718389343,-0.004115891213001688,-0.004013056985210937,-0.004012860729027468,-0.003652996258105543,-0.0030081928244420357,-0.0032212838671744366,-0.003659904220217164,-0.0031451420869805487,-0.0031540906162183676,-0.004045014751284659,-0.003280090293530694,-0.003399219340287961,-0.003747104857875573,-0.002489559245478691,-0.0028710692898292916,0.01506562604277021,0.01322427740823426,0.014995972999174132,0.015157302023277228,0.01296093314642049,0.014978893800523784,0.015258236116269357,0.013120619390810393,0.01470283894813633,0.015610359065213013,0.014693241106335683,0.016812839658262347,0.016212814694936035,0.014561428407705338,0.015238201379968518,0.016297408054723756,0.014042126474886419,0.014859781744511307,0.01616476414705824,0.015195877765743403,-0.0035734020301322993,-0.00469936095127732,-0.003665644484535097,-0.004401871471905628,-0.004741661972821853,-0.003457884661892589,-0.004269856784616721,-0.00461211344172903,-0.004046200181437217,-0.003909715391983795,-0.003397036565346188,-0.002008146985995554,-0.003507043399079746,-0.0035525890511550486,-0.00372238056160444,-0.0034308827268183183,-0.003855576492301252,-0.004078354498991156,-0.0035367261263470184,-0.0037804416345585175,0.013894838751294112,0.01650620548673135,0.015233062475851803,0.013585950163264028,0.013611852252473635,0.015163424627305728,0.01343729557334039,0.013570281991208534,0.015367512502817685,0.013729854941826262,0.015817374405276922,0.015080180216462747,0.016979890178541665,0.014948426105030324,0.014650713198963905,-0.0011090276454042115,-0.001895618742404161,-0.002485453016564039,-0.0014216564980038754,-0.002363795072084685,-0.0003551755276664238,-0.0013989984469929132,-0.00015447156791616466,-0.0020371844949084146,-0.0027491586157436273,-0.0012231849840303511,-0.002941121923475567,-0.002291479811301446,-0.0026105892986182833,-0.00228695412144374,0.019393491805989593,0.017075350412582773,0.019446646013101854,0.017281014983044816,0.015322199829290048,0.017972719639497595,0.016508815950663776,0.015643192684299288,0.015557826477676224,0.01702926521252454,0.018460509867299038,0.02112098449738169,0.01820986733222434,0.018493779395504926,0.01678530275147854,0.018450454222774314,0.016392272950720183,0.015459196327904224,0.017401284311751884,0.016029193092883896,-0.00011454967604024946,-0.001854761115858525,-9.31188359622082e-05,-0.0026560689538869817,-0.0028286555846056723,-0.0007856183974468169,-0.0032178207705446564,-0.0025836478431308435,-0.0035851093694812264,-0.0027431940961423285,-0.0006063745819802758,0.0014332231497322099,-0.0019009441626618034,-0.0006130450623684703,-0.0027233393057661402,-0.0016999055991770468,-0.0019435377577803434,-0.003849149748984998,-0.002544444993348827,-0.003390918876606735,0.018239438873656515,0.02138820378269686,0.017806535966613316,0.01802438742752031,0.015703430480044776,0.017859789384416694,0.01641205595784456,0.014746606682540044,0.01717987396915037,0.015067818157229641,0.020252444388179216,0.01709094714362672,0.01953727888584859,0.01712427945056623,0.01581739301085198,0.018784272592974563,0.01675244456558449,0.018898729914219682,0.01692943204145872,0.016102599500361976,0.01849514840612446,0.01662029411720447,0.01644604469012885,0.015908807165213784,0.01717852008681902,0.01816280389157397,0.020655269375297346,0.01792987987723987,0.01823775346825065,0.01677779545870877,0.018198361839944714,0.017311063235601165,0.016012151459641466,0.017678772255710996,0.016532178599694546,0.04822577364166789,0.051729783424250365,0.04879407870010858,0.04815867443933055,0.04642013146787708,0.048904326885303204,0.046852833335636855,0.04579000534091636,0.04851373832296912,0.04617675335532363,0.05043588798003901,0.04797341932308381,0.05079347399099168,0.048088302699232935,0.04718940287788456,0.01768582324585314,0.020685843775969732,0.017270483225543736,0.017584547473653588,0.015454674433754525,0.017385129777253854,0.017027069885871743,0.015025060136410253,0.017201455519154182,0.015368910911047308,0.019753723209658326,0.016867089072600608,0.019144576816114534,0.01694214660195099,0.01623495065967101,0.05002214256405385,0.046905580532924165,0.050203088241358156,0.04683837151399529,0.046297962060640706,0.04911932725334044,0.0005901559684856499,5.1681969733635814e-05,-0.000679296914436424,0.0018684379285944816,-0.0002578564267887854,0.0008261232155560757,-0.006741385139911763,-0.00736041989135538,-0.006477504014353358,-0.0070723069509215876,-0.005608653801825409,-0.006488477084599225,-0.0061037512231537855,-0.006497860984067297,-0.005957894293413534,-0.007265338517479806,-0.007378359399446996,-0.0066929666682072776,-0.007019212946544743,-0.004906583281453432,-0.006224746406885214,7.616613850400048e-05,-0.00031301062154130775,0.0015507119158241728,-5.956544264916024e-05,0.0003343766206929939,0.0001361256729063141,0.0015339981369631292,0.00010552765560769347,-0.0002332702877065641,0.0006065602353043772,-0.0005435576327864166,-0.0009353573002119738,0.000810218399946189,0.0018351597224554163,-0.0005138243159966994,-0.006255378311006715,-0.006551732162984918,-0.006445102204486645,-0.006569089757481446,-0.00733525591889403,-0.006947121355157154,-0.006960708039830182,-0.007302864404122919,-0.005854383278393143,-0.006672739375892605,-0.0058195412635569385,-0.005413867050180569,-0.0063162393860777604,-0.0061220266172749,-0.005707776122887276,-0.006325620239516213,-0.007182619867407186,-0.006641644278475805,-0.006978639095506727,-0.006395694002101792,-0.008928417747671204,-0.00904958427088562,-0.007757088390050633,-0.00868779157702349,-0.007815614244647277,-0.008590608865173715,-0.007739199915511499,-0.008514078689524338,-0.008298572275856533,-0.008350092259215104,-0.008874105187324293,-0.008769306113177189,-0.0080509774412135,-0.006564212037089933,-0.008238477521362097,-0.0029140445228421287,-0.0036092469849183548,-0.002984873281854785,-0.002596551413292262,-0.004101331550411764,-0.0032266340707881283,-0.0027170015123303515,-0.003939005818471872,-0.002105926113155053,-0.002358924710295378,-0.0026742273972895332,-0.0016940508389339248,-0.0020804641149817517,-0.002808317848945962,-0.001896389602108205,-0.00199449791867417,-0.003560664975967387,-0.002503958100537584,-0.002352360712094176,-0.0021622589235701195,-0.008607854346697882,-0.008446048452466737,-0.008700513193619476,-0.009215589442933948,-0.008712909496649802,-0.008716174036623192,-0.009307502452802837,-0.008582865916417791,-0.007790466355909763,-0.008945628532767888,-0.007699502841595408,-0.0075955167265175545,-0.00887769757437114,-0.007855695582618555,-0.007801822498933025,-0.008801148366734452,-0.008384254723448503,-0.008383476280856091,-0.009131983155649353,-0.008084358486283673,-0.003151032682968554,-0.001671755212385196,-0.002742607333719655,-0.003465026981264905,-0.003214366147831446,-0.0028134204709484648,-0.003840552653751389,-0.0034799020206954336,-0.002828987614340545,-0.003317692552062532,-0.0017544014655101218,-0.0022797556142965317,-0.0015228857911684717,-0.002413785913258745,-0.0029396206734583876,-0.007152485005785426,-0.00816815590400481,-0.007572560167635308,-0.007691386510770203,-0.008415717939581874,-0.006954171731405921,-0.006816534591041575,-0.0067522229067146725,-0.008423818636836996,-0.008398336828064174,-0.00805223545435895,-0.00955769562847814,-0.00793816748995934,-0.008035467348341862,-0.008899448549655194,0.0002517963510425403,-0.0010847556788220268,0.00030591762786430146,-0.001683767912668078,-0.003097588709732246,-0.0014239302121909934,-0.0026941794385352746,-0.002770711117490252,-0.002636347965007184,-0.002164067141284135,-0.00023111593448045759,0.0014556619104552566,-0.001294852805487653,-0.00019714902869880508,-0.0017209445720343648,-0.001049743348039269,-0.0025660798495278597,-0.0032951855746066994,-0.0023427657759989297,-0.0027143511645320393,-0.006376150470293079,-0.00693857066253792,-0.0063545934440750245,-0.00870968999478611,-0.008141780406782753,-0.007275636491246473,-0.009499183714253448,-0.007895546028620826,-0.008678332210968746,-0.009021743751189408,-0.006243492291128585,-0.005378255621530379,-0.008511037338012596,-0.006250179994290292,-0.00814888324499376,-0.008308750640944534,-0.007812530801392855,-0.009505118812010275,-0.009383103864948951,-0.009044392722583451,-0.0001223619342508156,0.002060981269683613,-0.0013713653701327398,-0.0003414671829899602,-0.00248733522579604,-0.0013171419683698476,-0.002211089190915656,-0.0036854838274518287,-0.0022337523715830984,-0.0033583813459782787,0.0013714335361266084,-0.0016322124561680606,-0.00016521049454081146,-0.001598180817949121,-0.003153614948768763,0.0011752944876259456,0.00026201010388266275,0.0012916726007653812,-0.0004919840482944716,-0.0006216772123512729,0.0006579222106139315,-0.001029003122348871,-0.00027272542243509616,-0.0005984583405445584,-0.0004613778836022024,0.0011391579218320417,0.0025228601716513702,-3.118593486174569e-05,0.0012153210806408736,-4.974834610940563e-05,0.00024177439822617298,4.994750845685523e-05,-0.0010502632377248757,-0.000509137684682339,-0.0005217507199872554,0.01915319147507751,0.021731012363435453,0.018917085280973044,0.01908419469630203,0.017504040061730477,0.019030250454518637,0.01751321026003399,0.01663545486538484,0.018407906447708074,0.017033368466120805,0.020881004154004318,0.01855493296899862,0.020428824471644555,0.01867317728465143,0.01752777703617659,0.0009878876618320063,0.0028869060023089263,-0.00036788869109266576,0.0008849989387226875,-0.0010598864344379371,-0.0002513163361730357,9.507368632217452e-05,-0.0017191118460565433,-0.0006606773585911972,-0.0013697442338989315,0.002534047463518037,-0.00018144757254338374,0.0009819242763546576,-0.00010517367865200775,-0.0010466884606981097,0.020782420288478286,0.0177847267402682,0.020148450996895727,0.017715615083035242,0.016939061993082843,0.01951542810367241,-0.006721124416297868,-0.006888740168768543,-0.006452489330705419,-0.006633706714696601,-0.006461076805313913,-0.006100941742877623,-0.006133558944014016,-0.006131734534663773,-0.006696385407488054,-0.0068437618909322736,-0.006560652631122788,-0.0071786027702960276,-0.006638668366842908,-0.00582991018264909,-0.006754594672053537,7.109120954508432e-05,-0.0014974945365991107,-0.00011747597804509933,-0.0004637849375871405,-0.0020538668830567615,-0.0003934053047748551,-0.0006304139756692872,-0.0020215990053445293,-0.0008038573787839702,-0.0003441671538761798,-0.00021218608126406823,0.0014634833882482923,0.0003439962801435047,-0.0005129371515569888,-0.0003238359782586671,0.0003347106178440828,-0.001344594722576995,-0.001030096116522476,-9.159464715140295e-05,-0.000785450223851125,-0.0055491759126413695,-0.006269979787721575,-0.0057486851484662175,-0.007007750508799119,-0.006601989864196421,-0.005799460841788451,-0.007146179447938199,-0.006569321050869668,-0.006485854119160996,-0.006891089081015004,-0.005142205620467954,-0.004340004291113542,-0.006387414327340349,-0.005403035960180068,-0.00619612473563063,-0.006418215368504825,-0.006011835734319354,-0.006877131327065265,-0.006818019357988269,-0.0066720357578506796,-0.00011774267188551177,0.0020547006243405324,0.00024186216957781975,-0.0006308070196131976,-0.0011035267714315196,5.3337789821202216e-05,-0.0009634194523179549,-0.00143387847019086,2.833400421734106e-06,-0.0014016290384204517,0.0015543337471896387,0.00018121228315271643,0.0016339441585203097,-0.00011939879556908522,-0.0007251097183689371,-0.0037828063845487137,-0.004908990232855582,-0.0038750661678406385,-0.0046114348375937185,-0.0049512996421169275,-0.0036672653095487034,-0.0044793940300639655,-0.004821725003434722,-0.004255694116631649,-0.004119180547823226,-0.003606407567367312,-0.002217242463307612,-0.0037164296540525723,-0.0037619911773882422,-0.003931811626085905,-0.003640253830783891,-0.004065038466706691,-0.004287854597411672,-0.0037461168207361243,-0.0039898831577763645,0.013469151218774303,0.01608156292906015,0.014807932937244465,0.013160135700020894,0.013186074307036584,0.014738267359887645,0.013011394871100212,0.013144487156665358,0.01494243780898284,0.013304125652651372,0.015392466731588051,0.014655001710287607,0.0165554685061143,0.014523192110389256,0.014225358728768539,-0.0037842618057733874,-0.0018772874293866665,-0.004068705019431659,-0.004108353572888345,-0.0049715111045266595,-0.004160986303459993,-0.004034138080384664,-0.004984648925354996,-0.003923988553268569,-0.004855072895471815,-0.0020194009032466244,-0.003668881886997808,-0.002502755981794916,-0.0038244711412467767,-0.004098378685151722,0.015279184826960364,0.01385661911630431,0.01624877621893076,0.013547738092675116,0.013620707779681517,0.015779106902377646,-0.00032322518697096883,-0.002063782278202953,-0.0003017901382307159,-0.0028652937928296983,-0.003037883396970058,-0.00099443892421074,-0.003427155223961416,-0.002792827620393533,-0.0037945155024491427,-0.002952434720566815,-0.0008151423096748598,0.0012248534024819758,-0.002110018490377199,-0.0008218134225652909,-0.0029325775863838135,-0.0019089404251132226,-0.002152588619575672,-0.004058612021055702,-0.0027536464269755914,-0.0036002892335976595,0.01781568754182703,0.02096568982437093,0.01738241865557482,0.017600543190567756,0.015278484948112344,0.017435693468015767,0.0159874266854824,0.014321244641107055,0.016755477465632992,0.01464259112860209,0.019829522511386616,0.01666657717646843,0.019113863959187998,0.01669992522126993,0.015392469556801418,-0.0003777820449286409,0.0021768423241244127,-0.0018689395018918825,-0.0005967232399170799,-0.0033890992428559073,-0.0018474687012752246,-0.00142794938868561,-0.004138219834012202,-0.0023153760114437275,-0.003892874092217577,0.0015507425510152245,-0.0021385860746658348,-0.0003182656905069295,-0.002145262616355311,-0.0032518595752057487,0.02033735860206116,0.01644504113782386,0.019381681120591243,0.016229518338885106,0.015412284853119764,0.018462287613949333,0.01726177965608118,0.020262999716814698,0.016846166841815596,0.017160463093883246,0.015029633257339574,0.016960859634707153,0.016602734296523595,0.014599847629294747,0.016777113676870507,0.014943837914238282,0.019330517441879153,0.016442623131451155,0.01872101740194814,0.016517710817017334,0.015810228942640607,0.04939901568538847,0.04628033967777641,0.049579775105699844,0.04621309010634994,0.04567231586019658,0.04849542975965851,0.019554055115430444,0.015964751712038507,0.01875165380996897,0.015863288763394306,0.015525782422491582,0.018036493194517948,0.04808074553747162,0.00046224018406999557,-0.0002989279464769675,-0.0008073660020620466,0.0015184413941923681,-0.0003987479398411727,0.0004757797106082881,-0.006683991336714727,-0.007078858108227716,-0.006420120774785379,-0.006795753367685529,-0.005551325960448949,-0.006431097620932101,-0.006270294955432848,-0.006445410070893591,-0.006124402267417139,-0.0072079103995298,-0.007101725320704958,-0.006635579143334189,-0.006966730283497461,-0.00507292772218436,-0.0061723128425974225,-0.0002744336852352164,-0.0004410359563602412,0.0012006096062306274,-0.00020043028360086814,-1.6128670534719402e-05,-0.00021445457296246533,0.0009615265168151455,-0.00025793460901513674,-0.0008066967573552813,0.0002561375897949341,-0.0006844878553944571,-0.0012862840922681223,0.00044700118664265726,0.0012628726967338208,-0.0008774913364660954,-0.0061980115409619625,-0.006718345791912842,-0.0063926538880190046,-0.00673569179563482,-0.007277823940025518,-0.006670600039013329,-0.006903305649568139,-0.007250366700954761,-0.006020875132794149,-0.00662028271809642,-0.005986035953363459,-0.00536147196534954,-0.006482800944853242,-0.006293501471429749,-0.0060981010244994475,-0.0064971134522948636,-0.007130128742567557,-0.006808262739483621,-0.006926166660794205,-0.006567203635205873,-0.008923126107952808,-0.008819815956785512,-0.0077518047226443,-0.008471084277874122,-0.007810330295463111,-0.008585319526420289,-0.007958166533796005,-0.008521771772182503,-0.008517644304999577,-0.008344804531747595,-0.008657359956811484,-0.008764015690648785,-0.008058667544641095,-0.0067829313709608565,-0.008246168594334592,-0.00251217433212531,-0.003430407057352084,-0.0025878916131474583,-0.0024178948198857655,-0.0036989813086832518,-0.0026063542401076707,-0.0023152309029391424,-0.0035416367481746376,-0.0019273491124243345,-0.0019621999832299068,-0.002495546108760728,-0.0012975524163609093,-0.0019018946859506683,-0.0026345282644841196,-0.001940819959056691,-0.0018208536721773935,-0.0031634384983431486,-0.0023253152352552485,-0.0019556416727259038,-0.001988586090942303,-0.008602564889241259,-0.008665159472153563,-0.008708207472570855,-0.009434849841033781,-0.008707619247775878,-0.008499460106141898,-0.009302208333638408,-0.00859055954459424,-0.008009436860809458,-0.008953324246588847,-0.007918460938368198,-0.007603203815404961,-0.009096889191100743,-0.00808766227775188,-0.008245102710737345,-0.009033312703142029,-0.008391947066344227,-0.008602568379328955,-0.009139680086301153,-0.008316368745192608,-0.0029722706934704134,-0.0012752630988181535,-0.0025639263877591527,-0.0032911290726997267,-0.003258852456747134,-0.0026396426193086167,-0.0034432204163405006,-0.003301094926303168,-0.0024320886007016067,-0.0031438298231647073,-0.0015807853637931552,-0.002324201643567409,-0.0013493196074284078,-0.0024631520736115146,-0.0027658203541754732,-0.007147206611612248,-0.007938615075877394,-0.0075672784709172785,-0.007474915500226221,-0.00841042978185636,-0.006948894711645309,-0.007035270654335232,-0.006759902772163268,-0.008642925735729577,-0.008393049377430108,-0.00783568998581967,-0.009552399669316664,-0.007945855909758867,-0.00825449696728565,-0.008907144185756487,0.0006523242214952465,-0.0009064028861667779,0.0007015242973792471,-0.0015052504128450289,-0.00269565662656188,-0.0008047725290609046,-0.002292362534423237,-0.002373821426331207,-0.002457660599140062,-0.0017673655056982527,-5.29118267398164e-05,0.0018508367433310126,-0.0011164025846163769,-2.3855068058915367e-05,-0.0017653705153099113,-0.0008762431502152757,-0.002169265947905206,-0.003116383601908118,-0.0019459976659267511,-0.0025405673949183433,-0.006370877411370116,-0.007157331499913893,-0.006362270670696802,-0.008928853735707473,-0.008136494715350185,-0.007059250840919413,-0.009493888154423143,-0.007903234221981763,-0.008897493816712123,-0.009029440185188638,-0.006462104357966651,-0.005385926443364046,-0.008730159598234734,-0.006481744533672445,-0.008592329881223415,-0.008540813977064925,-0.007820218377614688,-0.009724454229368722,-0.009390802695574543,-0.009276625062933775,5.582431830701635e-05,0.0024559313224737605,-0.0011929022051893087,-0.000168145805775552,-0.002531793916326599,-0.001143597414598248,-0.0018144134083673087,-0.003506616198573232,-0.0018370242633024266,-0.003184488322020063,0.0015444653900267501,-0.001676633286600259,8.144266064785408e-06,-0.0016475113233108904,-0.0029797551690591813,0.0015238084173862954,0.00038839423680627817,0.0016273052263288375,-0.00036548380197329853,-0.0002725461389174005,0.00121609237155672,-0.0006796860643532286,6.342549302228914e-05,-0.0004719446491876378,-0.00012511724443562715,0.0012654365130887494,0.0028581048462092825,9.5259204838746e-05,0.00132874349160466,-0.00014589659603669161,0.0003553248837473718,0.0003859965671612528,-0.0009236959059718446,-0.0001728638138156757,-0.00040811962391333205,0.019653831399755697,0.022443463724369322,0.019418035085560687,0.019580036777027104,0.017786819185025227,0.01952631907564546,0.01822871285320333,0.017137502690185515,0.019122909122764584,0.017530385013315553,0.021376002137071366,0.018837431128576977,0.020924236619484966,0.018950809191567237,0.018024560115659245,0.0011141845915136053,0.003222035267229209,-0.00024140323737284773,0.0009984565450104918,-0.0011561262373356606,-0.0001377142067925574,0.00043110872956372777,-0.0015924638455643025,-0.000324354783299068,-0.0012560225494806022,0.0026473299010778845,-0.0002776069181447862,0.0010953959350923936,-0.00021419668803690666,-0.0009330010056027889,0.02127746645643176,0.018067428271630232,0.02064399566370814,0.01799349682123401,0.017436122230311477,0.019792840053935046,-0.006715847868885166,-0.0066594434418520655,-0.006447214566309445,-0.006417419606777763,-0.006455802169925528,-0.006095669437929849,-0.006352198575831705,-0.006139411952501588,-0.00691513113151918,-0.006838484347235664,-0.006344380022342756,-0.007173323230360323,-0.0066463493465658,-0.006048479524267886,-0.006762275998477359,0.00047183060392388563,-0.0013190080457244383,0.0002784323510328501,-0.00028548639292440433,-0.0016522867444267173,0.0002252166097301193,-0.00022943262108886687,-0.0016249400284536293,-0.0006255013553903131,5.180053110090969e-05,-3.3920958711808814e-05,0.0018587979315470436,0.0005221576946446985,-0.00033952375751854355,-0.0003681991802203617,0.00050797151469205,-0.0009481933571423454,-0.0008516983840970555,0.0003042776112567629,-0.0006120011027187365,-0.00554390736639512,-0.00648864738498156,-0.005756360032248201,-0.007226558944759973,-0.006596713971202362,-0.0055833445594069275,-0.007140900106741571,-0.00657700155105399,-0.006704558233218523,-0.006898771306782382,-0.005360635925230302,-0.004347669928705381,-0.0066060956283749495,-0.0056344635467950694,-0.006638739903600715,-0.006649859966299898,-0.0060195124107273006,-0.007095919874287943,-0.0068257011198119034,-0.006903742922725843,6.050719914922359e-05,0.0024497960450740154,0.0004200415535918059,-0.0004573722886661656,-0.0011479233156735638,0.00022664550532870627,-0.0005671699604220364,-0.0012554126875606447,0.0003986716276228275,-0.0012280771065433425,0.0017273992691613168,0.0001368719262172602,0.0018069917894009476,-0.00016865871345403874,-0.0005516705361881237,-0.0034325742588133643,-0.004781958106806397,-0.003537720011210813,-0.004484442653183872,-0.0046006773193620456,-0.0031067182885060893,-0.004128939656665929,-0.00448407411706554,-0.004128744002970346,-0.0037817646557182115,-0.0034795319436406688,-0.0018804197894762434,-0.0035895447883663484,-0.00364801330380971,-0.0040283117080823745,-0.0035262926984098567,-0.00372762763524004,-0.004160900749209701,-0.003408820427452612,-0.003875884110935212,0.013972669983517844,0.01679810562412951,0.01531079928572599,0.013658948703332941,0.013469978802675515,0.015236318022980337,0.013730045777157826,0.01364813099890151,0.0156597042194007,0.01380283956778837,0.015890228126237926,0.01493851481756108,0.017052666114221453,0.014801891885404624,0.014723637959104452,-0.0036573640884442612,-0.0015405714226215353,-0.0039417777563878955,-0.003994338573482544,-0.00506810599955518,-0.004046970022436963,-0.0036967363867755703,-0.004857610410132137,-0.0035866336321363503,-0.004740981149649273,-0.001905608383688769,-0.0037653577460846736,-0.0023889153520481607,-0.0039338814907894145,-0.003984367461845349,0.015777002035655834,0.014140344578208989,0.016746120987232424,0.013826693164456,0.01411927263795673,0.01605747866593552,2.5788016962374587e-05,-0.0019371186398400712,3.435154790288617e-05,-0.002738506735343008,-0.002687946521076156,-0.00043538813728787273,-0.003077040001029043,-0.0024558698385102728,-0.00366761859156516,-0.0026153791169602775,-0.000688632238325316,0.0015605111513510104,-0.001983322633962336,-0.0007081770270717122,-0.0030289888217392004,-0.0017951602768032622,-0.0018158377344003945,-0.003931681092902297,-0.0024166537157460366,-0.0034863284602031654,0.018316940729979903,0.021678664167509038,0.017884102290026793,0.018097069334615135,0.015561846236485521,0.01793251365740445,0.016703946522095184,0.014824383240250111,0.017471608201206364,0.015140723056100794,0.020324978740901254,0.016949562522340086,0.01960989437908682,0.016978058728443983,0.01589024943693546,-0.000251324610260756,0.002512197010613987,-0.0017422726760351098,-0.00048311014393438126,-0.0034855521206573537,-0.0017336953534654567,-0.0010914378259779221,-0.004011279330388352,-0.0019785231589107585,-0.003778881229358468,0.0016641204253091321,-0.002234921882657871,-0.000204655100767368,-0.0022544962524721586,-0.0031379362525841593,0.020832572549970105,0.016728086014583917,0.019877588860782083,0.016507780730151776,0.015910049852825608,0.018739954431528934,0.017712453221174002,0.020917997132185194,0.017297128262591575,0.017598549307818477,0.015262005942219261,0.01739913651625291,0.017260019456335724,0.015051750254451117,0.01743440958832047,0.015382931732156156,0.019767709371228438,0.016674688342065404,0.019158570913322334,0.016737115583249727,0.01624896522286538,0.05018578711697058,0.04686169701486604,0.050366784006554206,0.04678975296706463,0.04646222023601673,0.04907084552810007,0.019991154822184838,0.016196921069238743,0.01918919494919694,0.016082826946556716,0.015964636841720403,0.018255589499520483,0.04865639014343771,-3.7899981233317313e-05,-0.00020446508695423613,0.0014368070363676613,3.608664137070426e-05,0.00022034114713160072,2.206589738533108e-05,0.0011977810516160888,-2.1403584930545496e-05,-0.0005700476810876705,0.0004925515353189864,-0.0004478616100640263,-0.001049529369781299,0.0006833729901293472,0.0014990509672692662,-0.0006408272849887582,-0.00618401751011019,-0.006704344505225256,-0.006378657237019342,-0.006721691481363112,-0.007263814307342653,-0.0066565988728107,-0.006889303128744562,-0.0072363573440588445,-0.006006884147535198,-0.006606283966702248,-0.005972044733187073,-0.0053474889511374085,-0.006468804056945461,-0.006279505862960955,-0.0060841087965661355,-0.00648311631104331,-0.0071161210747709095,-0.006794261038007674,-0.006912163867972027,-0.006553205141849513,0.0009043102775579268,0.0013957966078356392,0.00069314371829701,-0.0005455461761727454,0.001066243354779757,0.0006426682016722825,-0.0006831239674378665,0.0010858059528217208,0.0011812200844625196,-0.00044246821585708324,0.0019598996285971905,0.001537776063313561,-0.00048555329857258707,0.001688004598945901,0.0009131158205065018,-0.0005290444144321078,0.0010833629023702274,0.0002367504371583572,-0.0009266273485206472,0.0004276134214510202,-0.005541401317280758,-0.004417150301136256,-0.006235724115742972,-0.006062204659849162,-0.006532053415666412,-0.006430361577456515,-0.006396734791679285,-0.006864138823997671,-0.006481167836493732,-0.00683669307831117,-0.004424175794733471,-0.00579992242713626,-0.00539920616990473,-0.006107310705674813,-0.0067165196601241895,-0.00858853954823125,-0.008651133111349883,-0.008694180779544392,-0.00942081382599493,-0.008693592324725458,-0.008485436167978049,-0.009288174072113638,-0.00857653418283633,-0.007995419573273871,-0.008939294635847752,-0.007904444455946942,-0.007589191590244392,-0.009082857619426005,-0.008073643518642546,-0.008231082199627971,-0.009019281960496586,-0.008377924292246236,-0.008588543237267461,-0.009125648027669363,-0.00830234734388021,-0.003181564469929544,-0.0014842209086318862,-0.0027731249394918546,-0.0035004865471906454,-0.0034681909445980394,-0.0028488557135883997,-0.003652620733003898,-0.003510441784343441,-0.002641260720988138,-0.003353144979963711,-0.0017898039822412022,-0.0025333536894656377,-0.0015582781848363515,-0.002672332433885883,-0.0029750604669600313,-0.007746649231780026,-0.006911398824051762,-0.009100110737608797,-0.008084921836247247,-0.008938240207631763,-0.009205798814150542,-0.008010424925645918,-0.008951435435061668,-0.008967684145829255,-0.008834351087780157,-0.006547909314111698,-0.008191366820086535,-0.00810030772639769,-0.008360608527169085,-0.008635697862322513,-0.0015705925997429072,-0.0030100661569256205,-0.0015359860898567328,-0.0033289164668833106,-0.0032547581172734917,-0.0016186164809804519,-0.006356884595595916,-0.007143327735943049,-0.006348277949837786,-0.008914823968508965,-0.008122477069855931,-0.007045248082138363,-0.009479851015918464,-0.007889219614020601,-0.008883464189911901,-0.009015409167774656,-0.006448110200326168,-0.005371946597579822,-0.008716132510128252,-0.006467750145498599,-0.008578304085315337,-0.008526789358720928,-0.007806204996849408,-0.009710413377302043,-0.009376766863793537,-0.009262590200309324,-0.00015279287603534088,0.002247785766807077,-0.0014018446424501928,-0.0003768099423908038,-0.0027410048558419776,-0.0013525300014974716,-0.002023467953273512,-0.0037160341014221094,-0.0020461063800391328,-0.003393839941977758,0.0013361494004096928,-0.001885668903697498,-0.0002005601052640624,-0.0018565398932127253,-0.00318906681553928,-0.005672729985554665,-0.004078826716851193,-0.008137023963075436,-0.005905742854067942,-0.008700567357165801,-0.008128403405779973,-0.006741487164346129,-0.009453499758552596,-0.008599075623419826,-0.00921991830718201,-0.004305557287391033,-0.008004133174751933,-0.007150225582743287,-0.008023802942810639,-0.009136774495552237,0.0021863037782933158,-0.0017767089331990592,0.00040592001549380203,-0.0020011726105403894,-0.002833819642233251,-0.00028488286466565676,0.0009057523453682049,0.0030140197354506714,-0.00045014664263950943,0.0007900013003964178,-0.001365053059927684,-0.0003464374740651801,0.00022252893344536996,-0.0018014755370606792,-0.0005331136046909765,-0.001464967927233471,0.0024392000998265544,-0.0004863590842225709,0.000886915082122074,-0.00042293670177884836,-0.0011418827853299145,0.020854925865322182,0.01764343361952177,0.020221027017278535,0.01756947270791704,0.017011846934432633,0.019369545892105548,0.0029992864605976753,-0.0006378977444655524,0.0012516044184920892,-0.0007538438372269733,-0.0010966997745270818,0.0008981171452879295,0.019270777263823282,-0.005529922458892576,-0.006474649669164468,-0.005742372327473434,-0.007212552125349991,-0.006582714746033196,-0.00556935916665143,-0.007126894409592065,-0.006563002599254063,-0.006690558154115948,-0.006884768813516637,-0.005346653533902263,-0.004333700808915342,-0.006592097021381214,-0.005620477470090656,-0.006624740523371096,-0.006635860732623656,-0.006005521114747353,-0.007081914343578337,-0.00681169956216582,-0.006889739897281041,-0.00014818447579253367,0.0022415738853934037,0.00021143270229072712,-0.0006661728247114832,-0.001356846400677511,1.7997719574510922e-05,-0.0007759999853984669,-0.0014643582413559578,0.00019005823205482143,-0.001437018555439738,0.001519042700384535,-7.179101233004374e-05,0.0015986567408278129,-0.00037738689492239553,-0.0007604764080653087,-0.004586339205811194,-0.0030559652077848144,-0.006040090221466111,-0.005032091029588805,-0.006761221315719864,-0.006252637168678602,-0.004915824325397523,-0.006840093652062561,-0.006050343627083327,-0.0068203768993708655,-0.002959822953305318,-0.005632937830741664,-0.004843320577744897,-0.005906830814361021,-0.006262766536808801,0.002395807320704249,2.263460471343567e-05,0.0021897626987532988,-0.000495232846248671,-0.000379571372533258,0.001689485270140648,-0.0038667879417766536,-0.0017495753418515462,-0.00415125037598985,-0.004203828874004825,-0.0052778036539277914,-0.004256462792662141,-0.0039061675012252504,-0.0050672666533009185,-0.0037960356339024224,-0.004950614098573933,-0.0021146853325169977,-0.003974796997664322,-0.0025980817543786294,-0.004143354694725177,-0.004193850802127654,0.015352073869801067,0.013714780701186464,0.016321600020927217,0.013401000827567847,0.013693699554674213,0.015632692703268683,-0.0015664202536332754,-0.004152711234828043,-0.0022580131942545483,-0.004489835001637799,-0.00416294753496395,-0.0024001759501620563,0.015519444408580859,-0.000460021773031198,0.0023040410392234888,-0.001951315439026313,-0.0006918543143257793,-0.00369494148562046,-0.0019427367005901367,-0.0013003145176584544,-0.0042207738032298825,-0.002187612340936437,-0.003988330384713992,0.0014558131292973038,-0.002444057111719043,-0.0004133940590959007,-0.0024636349215468125,-0.003347256232455248,0.02040988694536189,0.01630356499074236,0.019454307202675842,0.016083164944187572,0.015485166792127168,0.018316263705925966,0.002692939127548124,-0.0020059256412389187,0.0005402840190525335,-0.0022381559085425926,-0.0026216535422999114,-8.679402751278927e-05,0.018825033550370213,0.019568042729425035,0.015772179903826643,0.01876565076971298,0.015658039239748695,0.015539802150514138,0.01783168268473305,0.048032201310714485,0.018055590360974677,0.02850903090597047,0.005635861278861741,0.029411730291333822,0.00501627792513216,0.0030097245643995693,0.0032303920317255236,0.006158007707760305,0.0032430271397747676,0.007200101264641258,0.0029633850118561756,0.026389181880701766,0.0029295301418216383,0.0015029301838449104,0.0010217228126380975,0.0034008648799789365,0.0011476470977700001,0.003278730255277671,0.0074943199064141045,-0.004570344476420162,-0.0060239006661074275,-0.0062563402766512444,-0.004330694881438772,-0.0060224503793950964,-0.0033108410682005486,0.007188984919428415,0.005553808680626392,0.005359639311843805,0.008118013448047566,0.005581131309220757,0.007356210464771713,-0.006467509543190126,-0.006321896699367676,-0.005064642053011618,-0.00625679350423156,-0.004252927755576271,-0.006824750966547612,-0.005959551399779555,-0.00703852170535208,-0.005742221535770287,-0.006318933108294793,-0.007154352613538555,-0.005938456969784509,-0.006317331664606429,-0.0037968677622423476,-0.005704631369618059,0.00704444940168543,0.03082547557373816,0.006991995456970387,0.005339152965292934,0.005501857029432592,0.007674179888567016,0.005419845402563426,0.008606327738894325,0.006459430472424466,-0.006117499219107107,-0.007819139737968935,-0.007379026971460147,-0.005662160565119462,-0.007366265339518722,-0.0035837453383186072,0.006146374458878357,0.004071044087516459,0.004737279595655016,0.007254599517021429,0.004717320569294487,0.008098828700244889,-0.008270998976320788,-0.007452144166162485,-0.006416008154431187,-0.007619906216012828,-0.004533330940380942,-0.0082015764496524,-0.007546436656295305,-0.008637263901120917,-0.006466033912003809,-0.007256518083337093,-0.00810292143611253,-0.0057927065999240305,-0.007464807695993574,-0.0038623173892046022,-0.005779966804780068,0.004608102734676396,-0.006982395981573076,-0.008096187373602702,-0.008364313102897007,-0.007268109286863385,-0.00823731941535759,-0.006304701248202168,0.004869373805494817,0.003558509859591089,0.003329097198234592,0.005259808874940152,0.003433506460278085,0.004469441166396987,-0.007954840038065387,-0.007878793116444483,-0.007453063575515764,-0.007920911608135893,-0.006664312276319866,-0.008053222151643238,-0.008072083069822092,-0.008373423580806824,-0.007814007000344198,-0.008497705372323567,-0.008536164180859784,-0.008045849734635917,-0.008620766230230465,-0.006732882025441673,-0.007918889877416785,-0.004167923013018425,-0.005495364179102931,-0.0054747436669614616,-0.003956158765985211,-0.005250941817579474,-0.0036749074114616294,-0.005297667044301773,-0.004935516733825968,-0.004954892282875208,-0.004870500962157537,-0.003085479343783817,-0.005112604886621251,-0.005524469496571927,-0.005326033554949216,-0.004248285704909914,-0.005666861825508318,-0.005224925102924659,-0.004227688272002069,-0.0056652588125327245,-0.0033626509101283997,-0.003994233706476783,-0.005629303756083343,-0.005230917607920443,-0.004392226964078707,-0.005187280513457403,-0.004308268188545697,-0.005607679017757584,-0.005172525332862259,-0.005854103286653592,-0.005869824704338959,-0.005278747103738039,-0.005716804996270784,-0.005615341069549285,-0.005298542398071425,-0.0038799654972408826,-0.005391495372369438,-0.005003059185122571,-0.006084014795470596,-0.005385132541301149,-0.005016163588014087,-0.005882967312776357,-0.004940799015570379,-0.00461799810395742,-0.006050134047123194,-0.0044207695427138415,-0.004553001044305917,-0.005514966135937448,-0.004410986305666093,-0.004831146599653543,-0.005959519860399306,-0.005026192691284988,-0.005044523327486523,-0.005996759485159362,-0.005132402272964728,-0.004907326556672638,-0.005130797941704404,0.029033865431822296,0.06439347769382218,0.029297250488050947,0.027363342419888127,0.02731257474717811,0.030768071508163176,0.0272322293731927,0.030558840741459606,0.0299361295417966,0.005338242346287958,0.0033322952537336,0.003552895916119615,0.00647963382489612,0.003565527189745268,0.007521335206900407,0.02994453018711384,0.027601617204525416,0.028041689648855752,0.03169758824732256,0.02802215887772529,0.031530991363409734,0.003207730717447832,0.0038029379434745525,0.0060560190040641225,0.003636925249083908,0.006902986609145123,0.0027386931849396933,0.0046165010014709755,0.0023074294159369482,0.004669606518904359,0.004688464777707783,0.002621253620503346,0.005120665114253502,0.004482482781208775,0.0082564781337936,0.005133274898051595,0.02691505451133316,0.0032521194739422534,0.0018259484101955776,0.0013448856438162096,0.003723309621162074,0.0014707731936595872,0.0036012218862959532,0.02748619815705662,0.02588720672908776,0.025451952781422503,0.028644118632451317,0.025554230783437028,0.02678063186612251,0.0022888366878574392,0.002148988836487976,0.0038626498437723832,0.0021072691052052843,0.003567384240827651,0.0016531651499200977,0.002927596189015817,0.0013358832098188294,0.0021057276709764406,0.002291165410751045,0.0009591426488009789,0.0016606728624934026,0.0021694677362648278,0.004253292593705842,0.001786527022682705,0.0075102902314514944,0.0058756076728085655,0.005681496893996844,0.008439040851556546,0.005902920457064033,0.007677484976337401,-0.006359022210221572,-0.006213424229304906,-0.004956296329291644,-0.006148327873058102,-0.00414466236099405,-0.006716227702894921,-0.00585111582388032,-0.006929976760618706,-0.005633805416468757,-0.0062104614535776126,-0.007045796064137333,-0.005830021005213509,-0.006208859748533696,-0.0036886473572208273,-0.0055962189217773385,0.006064834669617205,0.006244473866532709,0.00832903887774149,0.006287582045057249,0.007372183716708372,0.005549933166822942,0.007236656403739865,0.005306070547530322,0.005506527431632697,0.0069173671706373365,0.005227328029459238,0.00554304017446443,0.006897805260656375,0.008515116488091286,0.005764506823580467,-0.006281046997981531,-0.006085421235652757,-0.006663572488288567,-0.0060772614547389605,-0.0061012625311256926,-0.006435675589041236,-0.0058955528811130906,-0.0062684635220444426,-0.00442217248015964,-0.0058304752698964705,-0.006058488230661347,-0.006230465484394061,-0.006434380738860204,-0.0065032693112150415,-0.0053526935887322396,-0.006648077742642826,-0.006757549311935405,-0.005675741818567116,-0.0067276949023535445,-0.005674138793784224,0.03134918114978142,0.007313368000216053,0.005661020959445269,0.005823676988365212,0.00799534406137582,0.005741690075712169,0.008927142380672723,0.03189974545137536,0.029892031654304346,0.03027494133219105,0.03329382709035963,0.030196007940083005,0.03294140467265123,0.006103517124955646,0.006605735049777358,0.008126739632259218,0.006368259941221069,0.00887479049350396,0.005880447348439358,0.006952839360410124,0.00535698340578573,0.006995043263203609,0.0069827718125697845,0.00564644593710134,0.00738760965435194,0.006691549118462088,0.009769294952905096,0.007305761343234285,0.006468012639196807,0.0043933297992189806,0.005059343538725516,0.007575908057528221,0.005039390460955053,0.008419758721895317,-0.008162327265965144,-0.00734355547391591,-0.0063075237735740345,-0.007511300609590465,-0.0044250617229726775,-0.008092911956973847,-0.007437838838103246,-0.008528555378780467,-0.006357562183078466,-0.0071479492212156775,-0.007994266476372313,-0.00568430989825491,-0.007356217792109615,-0.0037541150378585055,-0.005671571397147542,0.0045754255150729966,0.005615272937361013,0.007447106072868358,0.005405643394538351,0.008107394912460073,0.004482023737085819,0.005927492704571866,0.003996106335238957,0.005221616738261094,0.006444326229277011,0.004755237387326291,0.006701423608853038,0.006240113204771922,0.00942693899128662,0.006681508330848796,-0.007664657192940693,-0.007691495354558795,-0.008280762065680146,-0.006808732888935242,-0.007057649488059443,-0.007402597106035094,-0.005757297029696929,-0.007423377991753196,-0.004506455734119083,-0.0059247572222649895,-0.007249147188211323,-0.007431542610025275,-0.006739418695608338,-0.00790440888638426,-0.005868427403663972,-0.007174443291314468,-0.007486014607290373,-0.005345289035404301,-0.0064068931042485806,-0.005553161267486519,0.005191377556420212,0.0038809082815932797,0.003651564187745529,0.005581695079937463,0.003755942226617775,0.004791585623775284,-0.007846203462050777,-0.007770163639317011,-0.007344476910099494,-0.00781227780155405,-0.0065558030334711475,-0.00794457555061832,-0.007963433383592672,-0.008264744230319986,-0.007705382102092853,-0.008389012240112799,-0.008427468386691232,-0.007937201610670741,-0.008512059336588877,-0.006624365964230223,-0.007810254155291765,0.00463804350567157,0.004749058175343283,0.006026887419451064,0.004697553446993375,0.00505282774038808,0.004367495957507438,0.0052351973467240605,0.004052488912240498,0.003510888745598911,0.004850668121366725,0.003927439332998399,0.0035127200709276917,0.00477012235338962,0.005657797871083856,0.003617117986989226,-0.006958164712753123,-0.007647104149494809,-0.007447021318977736,-0.00756408471190698,-0.007693919470192723,-0.0072311527131872725,-0.007451863202520521,-0.007989467502447428,-0.0068092129532583605,-0.0074939655171795344,-0.00734210545745012,-0.006778735511774179,-0.0076624327242781325,-0.007924690667293498,-0.007464069153009921,-0.007982522730062594,-0.00816660340387866,-0.007853244315688245,-0.0081089867191389,-0.007976226036028036,-0.005520901006017757,-0.005122555218549693,-0.004283949412529209,-0.005078923133421754,-0.004199992633916366,-0.005499278559463579,-0.0050641691683318175,-0.005745677877091884,-0.005761384111003678,-0.005170380416632609,-0.005608393533724746,-0.005506933102934163,-0.005190173630912287,-0.0037717328014862015,-0.0052831105797387905,-0.005111409419822402,-0.006192473402695727,-0.00549352107695192,-0.0051245174739132935,-0.0059914062084291154,-0.005049143401527943,-0.004726311656099844,-0.006158589891180053,-0.004529063307092853,-0.004661307772714973,-0.005623367395099969,-0.004519276202247162,-0.004939481683997868,-0.006067966386461331,-0.005134547086165844,-0.005152880036663776,-0.006105209770457232,-0.005240767190266342,-0.005015669331985065,-0.005239163119766378,-0.004755392952040104,-0.005000519072220131,-0.005181733344825721,-0.005895373989636602,-0.004763560255126087,-0.004701375546568956,-0.005263084677880827,-0.004940470393531149,-0.0042077531715941285,-0.005219443406665621,-0.004606852565825548,-0.0043825430289705725,-0.005873740898904389,-0.005049471013712073,-0.005221641257129998,-0.006120257491507042,-0.005050562045753079,-0.00509417610815666,-0.005749016590370032,-0.005113969079706069,-0.005339139096823231,-0.003735757858883614,-0.004829951525958885,-0.005952374981726182,-0.005693901786367196,-0.00521197129047919,-0.0056117183175177126,-0.005456789736230249,-0.00473159219883663,-0.005623893192246952,-0.004618302810209872,-0.0051250480705356235,-0.004237963273944052,-0.005569447826787116,-0.005570539413149047,0.028554479390451623,0.0635309268426673,0.028817986260418753,0.02667286104207876,0.026832398245919976,0.030079854102106975,0.02674720945292339,0.02987061631130573,0.029406761025008155,0.005207060228882009,0.0029858007687020714,0.0034214919036239136,0.006134157675039662,0.003429232429052994,0.007176281542621236,0.029415165795274117,0.02686071211214562,0.027511356572395177,0.030959610843142953,0.02747931063600741,0.030793191260852736,0.0028611954251174963,0.0036715650728696785,0.0057104057362684585,0.0035006397706716127,0.006557732022045523,0.002392006031498127,0.0040555734938363085,0.0019557041965862216,0.004108800314958097,0.004342408554551483,0.002484837676384819,0.004774830492572962,0.0041314698464723024,0.007697585698540734,0.004782558192333593,0.026384179102714945,0.0031206802929973545,0.0014789714177645004,0.001213210552598451,0.0033769508866925003,0.0013342132197600995,0.0032548126402410266,0.026955613660239977,0.025145181108947822,0.024920335451040054,0.027904054966760992,0.025010128084237086,0.02603919106580917,0.0019420115098845777,0.0020174130892413266,0.003516336270776064,0.0019707904484045973,0.003220965235257142,0.0013061329099771414,0.0023657937432536072,0.0009838451654809106,0.001543482102539223,0.001944337898627634,0.000822517417499881,0.0013136358202693141,0.0018176981242153706,0.0036921792666461694,0.0014346298496637883,0.007327943822746144,0.005478420849850956,0.0054988354029275,0.008042808730026454,0.005707506463584045,0.00728094715768877,-0.006357633301551247,-0.005995124119847537,-0.004954910871041895,-0.005934968566093702,-0.004143278877677835,-0.0067148379168977725,-0.006066609734316776,-0.006933517140768477,-0.005849260913861927,-0.00620907291914987,-0.0068322560988826496,-0.005828633371979562,-0.006212399215876148,-0.0039037161723918987,-0.005599757696888654,0.0056677180084157945,0.006061909296464916,0.007932766282402052,0.006092239477609429,0.006975531847264121,0.005152625011025682,0.0066256493262052615,0.004895868808777998,0.004894449879100877,0.006520569969897521,0.005031788019928979,0.005145704757948815,0.0064882192493601045,0.007904803118500907,0.005354459093854546,-0.006279658283412166,-0.00630096110276352,-0.006667112521212531,-0.006292805717803769,-0.006099874260387922,-0.006222257280583035,-0.005894165087192687,-0.006272003065553622,-0.004637386688313636,-0.00583401432662531,-0.006274022897960377,-0.006234004961634325,-0.006649995966085929,-0.006723823386510922,-0.005784921418621868,-0.006868666343098509,-0.006761089464117122,-0.005891204655422851,-0.0067312350958729575,-0.0058945290712978824,0.03082052200626045,0.007182429352654833,0.00531528403018742,0.005692554300069017,0.007650365898144514,0.005605672947192724,0.008582540765363843,0.03137136492263877,0.029152740240933835,0.029745736637403566,0.032557002927466105,0.029654291132612268,0.03220458859170731,0.005757924292267675,0.006474708456035575,0.00778180418177336,0.006232322788452596,0.008530172317761554,0.005534780985629217,0.006393142751293284,0.005006260614893277,0.006435460575519306,0.006637462428521836,0.005510416991090194,0.007042510403965014,0.006341264485196175,0.009211206211436082,0.006955757346112481,0.006285476377127906,0.003995540867990263,0.004876564369592291,0.007179328144651458,0.004843804085827778,0.008023646782040855,-0.008160933888535206,-0.007125020165619576,-0.006306134962855274,-0.007297663203846611,-0.004423677863278868,-0.008091518753171722,-0.007653653325331328,-0.008532097833887397,-0.006573127349694464,-0.007146558346861954,-0.007780531011093257,-0.005682922937603769,-0.007359758769805239,-0.003969147896026905,-0.005675109462534431,0.004177704394307923,0.005432589627378296,0.00705047771924011,0.005210124604419213,0.007711166626415328,0.0040842684351975675,0.005315654755301197,0.003585345995130511,0.00460944902234749,0.00604732443703801,0.004559596507534845,0.006304670131644827,0.005830248209707173,0.008817373946570997,0.006271967440601921,-0.007663265045421433,-0.007907360209907292,-0.008284304205515614,-0.007024388239589025,-0.007056258827721712,-0.007188979141264979,-0.005755909890953595,-0.00742691905284619,-0.004721638219150727,-0.005928295601414789,-0.007464924448920638,-0.007435083680417041,-0.006955059815219138,-0.008125252097993736,-0.006300791535935239,-0.007395102915094776,-0.007489555739211216,-0.005560637937971803,-0.006410432107149679,-0.005773476973075229,0.005008632666752956,0.0034829797658327433,0.0034685550019951084,0.005184400342766384,0.0035601308471155,0.00439397140597825,-0.007844810904317554,-0.007551545758785851,-0.007343085578079973,-0.007598584313946214,-0.006554413614413931,-0.007943182749465786,-0.008179350335503576,-0.008268286272397549,-0.007921250093743662,-0.008387618323190243,-0.008213651718643168,-0.007935808798609969,-0.008515601772241277,-0.0068400189233567875,-0.007813795701519672,0.004240397841391961,0.00456623664087372,0.005629758703134146,0.004501916545931271,0.00465531140427853,0.003969747793455064,0.004623043902857475,0.003641806542155614,0.0028976688070412315,0.004453099300422729,0.0037316600427511537,0.0031146303742626276,0.004359717513928453,0.0050458490477611655,0.0032062414408700513,-0.006956774335609314,-0.007862958040462848,-0.007450562335761325,-0.0077799237294868895,-0.007692527267740503,-0.0070175765332021935,-0.007450471580823803,-0.007993009267820164,-0.007024902869870203,-0.007497506667599515,-0.007557898019405811,-0.006782275707545177,-0.007878291542883067,-0.008145538107362493,-0.007897147846590348,-0.008203381729319852,-0.008170145341269653,-0.008069144447359625,-0.00811252863612056,-0.008197088938803337,-0.0055715695300917936,-0.004956503557238462,-0.004334561190865674,-0.004925812048557944,-0.0042506035991861325,-0.005549946043357725,-0.0053315497453950735,-0.005809301375350703,-0.00602897203392956,-0.005221032587240637,-0.005455205955397126,-0.005557604085224737,-0.005253763974407748,-0.004038810547758865,-0.005346710312989509,-0.004771575382780538,-0.0060691804542421495,-0.00515849087842624,-0.005001343904208099,-0.005651293830642949,-0.004497640161164319,-0.004386592786560835,-0.005823350865634562,-0.004405958268186074,-0.004326531412429103,-0.005500139816586012,-0.004184552034024912,-0.004816329545287698,-0.00594961423141926,-0.005228089598654741,-0.00503462698454171,-0.005769987989347675,-0.005117581043975073,-0.004680781137293184,-0.005120900723212415,-0.004806026369170346,-0.005267883574067232,-0.005245323456172676,-0.006162995336862895,-0.0048141941262433915,-0.0045483165003585135,-0.0053137444569369575,-0.0050040459736576375,-0.004474938488344372,-0.005283039303516474,-0.004874120709501373,-0.004446085944740938,-0.0061413566173372704,-0.005329785468979203,-0.005705930582210117,-0.0064008887039960286,-0.005114144041804438,-0.005361580117600238,-0.005812644153875122,-0.005394318094084699,-0.005215943767677356,-0.003401277619983577,-0.004706812026891751,-0.00583403565159585,-0.005787492514345115,-0.005093712085500638,-0.005276651563074978,-0.00533357830442999,-0.004396791713863319,-0.005505587931970454,-0.0045001113418935415,-0.00521858949840023,-0.0041198128305108385,-0.005667954242597623,-0.005452240278127827,0.06424153029422984,0.02934267033675397,0.02719860690591993,0.027358066418338912,0.030603893469783604,0.027272919520028967,0.030394659952641803,0.0650793660933558,0.06262816684807693,0.06299733237026822,0.06703863185387364,0.06290848493888464,0.06556983128235976,0.02794740193679496,0.028439629363380674,0.031046773475238796,0.028202047264864163,0.030657646571441054,0.027203453201956083,0.029373695719147896,0.026685569533015718,0.02829247097202345,0.029403065231190174,0.02696926064207104,0.02867595753352741,0.029113078960562387,0.03212620450378233,0.028590934894992207,0.029939566864896343,0.027386418107638786,0.02803670506013181,0.031483258138756666,0.02800467561026479,0.031316711968115814,0.0031838115608197153,0.003993936043345234,0.006032166602803059,0.00382306188689117,0.006879159887823885,0.00271476303274212,0.004377830710620675,0.0022785925205444663,0.004430987870873368,0.004664580308016294,0.002807567692907827,0.0050967964113479754,0.004453704893535155,0.008018676139474797,0.005104521478262294,0.02787987055569787,0.028895634568395497,0.03167145254490729,0.02867811783982255,0.031325098904353615,0.027262950225258608,0.02966325866697313,0.026774951127222876,0.027984243392581,0.0301672407390573,0.027516640979744374,0.029425453664919426,0.029954848637217892,0.03307525425090401,0.029393479792032405,0.0034612447786644576,0.00444917404560663,0.0028466054457424173,0.004306572260042362,0.005076010867221696,0.00371582953772298,0.005346419868586565,0.004709434862220991,0.007595765043543957,0.005175798882173999,0.004349688746657392,0.003149557774192745,0.003838089826020945,0.003696581350632938,0.005713673579199276,0.003402446908674227,0.004110462433147948,0.006230484225616915,0.004161825921840259,0.006019964032712659,0.027481207650843196,0.025671674344442844,0.02544693953557766,0.028429168672385537,0.025536688602454893,0.02656527342434687,0.0022648965158771858,0.00234027708629334,0.003838746707616353,0.0022936684487697228,0.003543473504380662,0.0016292099891300565,0.0026885525028711153,0.0013070203940727123,0.0018664948969846855,0.002267225080233517,0.001145741328785135,0.0016367173785021018,0.002140627162528093,0.004014542998144302,0.001757675883156232,0.026728991875799683,0.02683784256909272,0.02917969690985704,0.026774762974993253,0.027136645200845074,0.02593799226791949,0.02787995910464416,0.0256166602737869,0.025101209918125686,0.02750363030204195,0.025494118774016257,0.025101589380904996,0.027412087469774242,0.02829503327369481,0.025191372551065187,0.0029295810627019106,0.0033243254426813976,0.0024403200627630653,0.0023293752452372782,0.0032780108226356654,0.0026541894229320487,0.0024406194377493418,0.0029806849353026595,0.004153848324129441,0.0023940142252518015,0.0030886819685745203,0.002564745757024378,0.0016937144294681195,0.0025070038217202537,0.0029681241994524575,0.0013715380224240692,0.002267272356312228,0.0025827613051753375,0.0012461717654512993,0.002456201768213649,0.005989483284022479,0.006383555410094892,0.008253849309826186,0.0064138750731683545,0.0072969214828421695,0.005474545067990761,0.006947125333842626,0.0052178668580460715,0.0052164883177410245,0.0068420770266196616,0.005353744860385407,0.005467646898636251,0.006809736701713999,0.008225914727645316,0.005676337038451068,-0.006171190214288311,-0.006192491582794016,-0.006558605685470382,-0.006184333990255539,-0.005991424454932903,-0.006113794666422458,-0.005785733759290239,-0.006163535906028145,-0.004529082035881108,-0.0057255894308376135,-0.006165556010670035,-0.006125542205711792,-0.006541488315259445,-0.006615310787748524,-0.005676501437421677,-0.00676013661224054,-0.006652573102684969,-0.005782774142307089,-0.006622719332329538,-0.005786097894129391,0.006532442568204008,0.007331411416044092,0.006097792317620482,0.005405855506835534,0.007565723558231876,0.006573190872454366,0.006030771952310377,0.0073780020871794146,0.008115884156343444,0.006061105021261871,0.0071851608143469825,0.006352735958151503,0.0048905715590224315,0.006734547065093438,0.006578550597699359,0.004633719479475727,0.006733467998724871,0.006703842594844412,0.005000557066576172,0.0066714958067885495,-0.0055559362316838865,-0.005015772065440183,-0.006106370275533685,-0.006174223662970112,-0.005910773776595868,-0.0064937702844588534,-0.005833496655285323,-0.005673615105159991,-0.006012826536559069,-0.0058456791268372485,-0.005381658190339894,-0.0058838445060941475,-0.006060724534462377,-0.006333489513200205,-0.006334581876799808,0.03189480385066349,0.029677311685504252,0.03026998162076402,0.033079839184048374,0.030178577383163967,0.0327274174891232,0.006079666185958762,0.006796237836773952,0.008102936274842652,0.006553922863342196,0.008851009848259815,0.00585659109059271,0.006714694346825556,0.005328229550844135,0.006756946743954142,0.006958941397772936,0.005832233695185123,0.007363794183414509,0.006662831559875612,0.009531835917197301,0.0072770669634415275,0.030712520801689906,0.03163645857271793,0.03381987982616399,0.031404057902678716,0.03327706207795207,0.03032552832630612,0.03210053829307245,0.02982463554255202,0.030273577008566428,0.03256230282404118,0.030540936217376084,0.031654977491729845,0.0323832993385517,0.03466877247144101,0.031563716529341965,0.007133169530628994,0.007340693517378938,0.00644989843787967,0.007198916785554864,0.00795791900258105,0.007326712231068197,0.008144558820757973,0.007532435439193056,0.009663012448179215,0.007902595037033869,0.007526951346369136,0.006995124398591785,0.0069761150476623625,0.006777637906932599,0.0080472351817554,0.00644839150634632,0.007283641612543808,0.008520960956659848,0.007181977364711233,0.008225346035747396,0.004499958343364406,0.005754443920747069,0.0073718483560773415,0.005532047152676134,0.00803221358568422,0.004406550010990688,0.005637567322616396,0.0039077802810024735,0.004931534763403112,0.006368996918777103,0.0048817177169132794,0.006626141599201553,0.00615198352916742,0.009138092232983426,0.006593449097928185,-0.007554655167427348,-0.007798726191961018,-0.008175631698417767,-0.006915860176628803,-0.006947709667493966,-0.007080416068226191,-0.005647517136710373,-0.007318333225368953,-0.004613349482565138,-0.005819885577892395,-0.007356334774078533,-0.007326497057576322,-0.006846538954923649,-0.00801659583456715,-0.006192337212275024,-0.007286537712433424,-0.007380963825469006,-0.005452264957897977,-0.006301972869651854,-0.005665082607875178,0.005458225639226811,0.0060036420872182535,0.00477013979860081,0.005113517650455839,0.007074300561793,0.006083051144958734,0.007181046001189223,0.006713231899231216,0.009009528710765009,0.006959035081075297,0.006267435167875894,0.005436000525784376,0.005020172932689231,0.005631624726029126,0.006464748777795218,0.0045217527811848585,0.00648971682397981,0.00800859106615531,0.006309829926361258,0.007791979233428692,-0.00676501704552773,-0.0062344413312374015,-0.006418851421198521,-0.007582417481787932,-0.006445660034877862,-0.007039072536049854,-0.006568801838427169,-0.005362118033851869,-0.0057113590119156135,-0.005732122317168199,-0.006362268257934817,-0.006003892392853082,-0.0061909734010152945,-0.00666321739960848,-0.005794649870776646,0.004562590696201343,0.004888333060615372,0.005951533718543603,0.004824030996567778,0.004977399775777119,0.004292023500358377,0.004945122140598846,0.003964179719027667,0.0032203073826236996,0.004775230048876678,0.004054006141795478,0.0034371821814514394,0.004681874070656492,0.005367819823324966,0.0035287662924047966,-0.006848238209295664,-0.0077543295666029025,-0.007341976389429257,-0.007671302789629479,-0.0075839157709415884,-0.006909034516257903,-0.007341883333696049,-0.007884366458977334,-0.00691635741052253,-0.007388913689697196,-0.007449300589425754,-0.006673756686562427,-0.007769660580092934,-0.00803687974311434,-0.007788513799328894,-0.008094717619740259,-0.008061486181982273,-0.007960492581019595,-0.008003873704992413,-0.008088422914863983,0.005883984432238658,0.005885689263151498,0.005400940805834975,0.003978007215396545,0.006089720361697848,0.005864493300161535,0.004534963444339737,0.005866645612841258,0.005813129160383835,0.004470637633872712,0.006042231602758803,0.00589958356094717,0.0037072555515704985,0.005576280198228524,0.004575604227496828,0.003379193542245231,0.005587533425148916,0.004636599932932231,0.0037003111399193773,0.004543227093360126,-0.006254068683771051,-0.004979230583893645,-0.00678339106610008,-0.007013410638982552,-0.007472230029183573,-0.007277109299627143,-0.006536138171388078,-0.0072656643125222735,-0.00680800828904843,-0.007566029232655529,-0.0058424830144133836,-0.0071672756009514985,-0.006608916294315964,-0.007754708207081345,-0.007743104571945909,-0.004697707051775346,-0.005159518073599771,-0.00513695962056681,-0.006054525209710051,-0.004705873812605877,-0.004440022290736656,-0.005205367187106013,-0.004895706961392945,-0.004366646076368883,-0.005174665599474726,-0.004765794494118284,-0.0043378027361321726,-0.006032888784263184,-0.005221413740209874,-0.005597507087055337,-0.006292394447522264,-0.005005794068462988,-0.005253198549040278,-0.005704216353406855,-0.005285932999988686,-0.005324315206267313,-0.003509465954914896,-0.004815134493911634,-0.005942469423427218,-0.005895923313382067,-0.0052020732417244215,-0.005385028879083908,-0.00544196387556073,-0.004505083246130437,-0.005613990841933877,-0.0046084110745392365,-0.0053269629708532565,-0.0042280753841564605,-0.00577637336779758,-0.0055606376333927,-0.003859484533839294,-0.002932641282625399,-0.005288540402485265,-0.004471784488474546,-0.005533816805381407,-0.005728091242415052,-0.0038790331943108717,-0.004846323024282467,-0.004797062292279962,-0.005036192121336582,-0.0033026903401905203,-0.005139907882220503,-0.004928393718620564,-0.005595741791960982,-0.005146300228584515,-0.0036160831912373866,-0.005042806466268927,-0.0034447538071802415,-0.005660811061844126,-0.005067387842067949,-0.004327074367218321,0.011291575050025936,0.029930524446081172,0.010740965734410498,0.008778019608594183,0.008930767404288848,0.011814179973667986,0.009122187290095432,0.012846299199353699,0.006791651097286892,-0.0010610643298419081,-0.00310255064455121,-0.002703391837402645,-0.0003372907291795933,-0.002446178541976878,0.0020515729869506638,0.005929658803921514,0.003566021884088924,0.004193859723766676,0.007370978837452628,0.004441787023683545,0.008430368819113786,-0.004147848332112064,-0.00324805991776473,-0.001591577464623143,-0.003203581965539673,0.0005144653445514869,-0.004448820844326376,-0.0030363494907029802,-0.004567265945019169,-0.0017561688206153409,-0.002757137020450826,-0.0040257693496711135,-0.0011250500579384828,-0.0026883867817464923,0.0014524467352485474,-0.0008682547195001056,0.0036213784473147427,-0.003254570548529315,-0.004672909663197216,-0.004972657233185089,-0.003138393939061599,-0.0045579370046740075,-0.002063068447170343,0.003381085342087168,0.001773206129197826,0.00151115543793645,0.004185026464612572,0.0019055592529430144,0.0034825272147018835,-0.005049278152503651,-0.004971461978372533,-0.0038049262302819278,-0.0047253073092810155,-0.0029375145700501395,-0.0054884927141890015,-0.004737706416633212,-0.005496583725264009,-0.004391559133140869,-0.005164297402160218,-0.005679895479959792,-0.004655129524663283,-0.004957384880579833,-0.00260513783347668,-0.004240522521575395,-0.004545919629590269,-0.0061230697964446525,-0.006223952025218278,-0.003920259158701695,-0.005678226945990289,-0.0034573483941614316,-0.0012403497791792048,-0.0008775943968103616,-0.00021906519641309467,-0.00058015337148733,0.001902359720109537,-0.0014659840937942628,-0.0010935258191244908,-0.001371867808896808,0.00043911758627434807,-0.0012676870304005577,-0.0012848755703520343,0.0003390330149597823,-0.0009789211648663044,0.0018804271007957975,0.0008073844300616451,-0.0068540914436303405,-0.006453212508977157,-0.004862011642940909,-0.006120832254184835,-0.004686338327400517,-0.007186128905988818,-0.005939921381692583,-0.007099209258368921,-0.006497823205455733,-0.006078722569436187,-0.006975549778508279,-0.006364695609105435,-0.0058066148536240186,-0.0038440660759221676,-0.005818863296158445,-0.0018690335786822757,-0.002166631423421655,-0.0019465134940637794,-0.0009598308447665419,-0.001964361289189872,-0.0014830335252426679,-0.0005611991465194353,-0.0018435323502758458,0.00031279922593819626,-0.0002638360850853893,-0.0019396245043870463,-0.0013099469174530694,-0.0011854055484075976,-0.0020723626585969026,-0.000597215072440796,-0.0010913133842581184,-0.002130406876615947,-0.0007353260934842834,-0.0009683624008248555,-0.0004466959562525428,0.007748933236477157,0.0004140449538453097,-0.0012439448136030023,-0.000873871250793078,0.0007438811660334026,-0.0006807166359726701,0.0028647949646695707,0.007502157979882448,0.005462549830175468,0.006060917431758329,0.008504825648696408,0.006212417258963629,0.009385888472916626,-0.001626569305292905,-0.0008801317707339914,6.088166212572797e-05,-0.0008663696201750184,0.0019871370969696735,-0.0016397311971784333,-0.0011015376106798236,-0.0018680525786398258,9.983334188503422e-05,-0.0008806791841286446,-0.001404422017665431,0.0007013932465235736,-0.0008832162392349398,0.002531559200648394,0.0008942247312301238,-0.005998764364325972,-0.008063598298107417,-0.007211028293346682,-0.005202196596235434,-0.006960500143655822,-0.0031409478956964734,-0.0035141260883866272,-0.0023987003693298832,-0.001982387768233783,-0.0023542398681593787,0.001145289286228849,-0.0032739115530352686,-0.0031031637534608574,-0.003392236958831446,-0.0008002077430543877,-0.0026077035897923762,-0.0026350974812900077,4.5938693771837945e-05,-0.0025389628381682463,0.0013859054837750992,0.0003024684297053145,-0.008762273929623279,-0.007406746722340986,-0.006152618172041273,-0.007411153124994578,-0.004335499488482468,-0.008626131503002624,-0.007675933335597846,-0.008835378150250192,-0.007224164451098404,-0.006944075861279509,-0.007839808140937495,-0.0055454306699666165,-0.006916025903063226,-0.0033241411710613054,-0.00529537674743403,-0.0036440678784529818,-0.004185778631911838,-0.003975450938704855,-0.002167117614484552,-0.003312727296598042,-0.0028409707431893195,-0.0008208816308295778,-0.003423764380258486,-0.00018953715557538616,-0.0007764639644652628,-0.0035329297008987173,-0.0029124895282692654,-0.0019272353861583952,-0.0038865252571468815,-0.0015407727207710422,-0.00204540392579619,-0.0032972063327997327,-0.0008136782363802691,-0.001056836649872469,-0.0007450630225236814,-0.007294065873604885,-0.008591794368366039,-0.008638949387458702,-0.0072113594542098335,-0.00824079473082452,-0.006866592590877199,-0.0031793378790193243,-0.002885375671816204,-0.0029817450036233257,-0.002639697795690668,-0.0010711982601193592,-0.0030768985596394106,-0.0035891490601704396,-0.0030849778862958215,-0.002198487591334782,-0.003798816647734993,-0.0030515630621537598,-0.0022453597508467348,-0.0035921670486600845,-0.0014588415843639858,-0.0018316734284143051,-0.008659219607103072,-0.008327520654335131,-0.0075819103728872825,-0.00811008404654336,-0.007435013839825891,-0.008720229902544572,-0.00840360566806199,-0.008769368309589395,-0.00896772418819249,-0.008577972209895804,-0.008699532991556359,-0.008780155880068396,-0.008399896820004749,-0.007135136098025655,-0.008381924363773394,-0.002901015972624472,-0.004081076919216336,-0.0030774055576591576,-0.0028983480402466925,-0.0039479301119498215,-0.002701472077300695,-0.0025684229882200864,-0.003909691143673905,-0.002448566561436899,-0.002322812684647393,-0.003571293924155152,-0.0022115938268658913,-0.002795933307484964,-0.003834046168976439,-0.0030917295031365447,-0.0028040114324797737,-0.003938748910721894,-0.0032652470783533973,-0.0027345649992555933,-0.0030586959101065302,-0.006465303692812613,-0.005847689675063338,-0.005530462112627596,-0.005515500442641597,-0.004298315774269557,-0.006254718142889108,-0.006283567967805922,-0.006167884934399901,-0.0057837694325716255,-0.006205460389215359,-0.005827457447439505,-0.005433941503874204,-0.005933320804563892,-0.004187067759683356,-0.004888595924500576,0.011234550513016568,0.009645216192495296,0.011157919124835096,0.011919376872636465,0.010058932761226392,0.0118290072340403,0.012526308495996494,0.0101784155369772,0.012097730839906454,0.012820210282763806,0.01040385291897661,0.012319815981089942,0.01222994822814643,0.01027260496443106,0.011517728964293941,0.012322801150456008,0.01042882722942161,0.011594560819492087,0.012657336746041544,0.011879924949861669,-0.006308738185776139,-0.007052025294796645,-0.006435427523908719,-0.006840230173966098,-0.006595618642349586,-0.005716978806420658,-0.005988359638054379,-0.006503713160126192,-0.005454254017080995,-0.005656105568215294,-0.006445104733529315,-0.0054002855320203205,-0.006629545399348251,-0.0066193343873034325,-0.006441372351469979,-0.00654266646371414,-0.006424454402311072,-0.006129246453771426,-0.005968122854651174,-0.005857109431569244,0.009887350682000435,0.012296384670673118,0.011512065549632529,0.009589669994541162,0.010136782571223387,0.011435450547220923,0.010084531939164747,0.010585909936388613,0.012141917557176727,0.010705336241782768,0.011102334002228459,0.010895085189042418,0.01259706670772283,0.010763893772566044,0.010955628319829878,0.03045468022324572,0.011061213526908488,0.009098855383067667,0.009251557052640063,0.012134102584827944,0.00944292027484573,0.01316584219975728,0.030527570116982226,0.028217996786187406,0.028592277268931415,0.032246689146314796,0.02874070723672112,0.03204860744744815,0.009040774158980925,0.009566040188408762,0.011778363934691245,0.009579695176269745,0.012616327134459005,0.008492927613615914,0.010308270085327158,0.008266722111757704,0.010428045102024558,0.0103132270267582,0.008512071803307937,0.010809710570736783,0.010310677257953019,0.013900264560425552,0.011000755385475715,0.006251358227051802,0.003888453215295313,0.004516082210308446,0.007692253993281788,0.004763936304609244,0.008751190104246397,-0.0040395926646328295,-0.0031398985088942166,-0.0014835791686270152,-0.0030954228029195256,0.0006222224861303824,-0.004340534180678535,-0.0029282062744143064,-0.004458968200901222,-0.001648174761277562,-0.0026490220121930317,-0.003917526724659773,-0.0010171261234344707,-0.0025802784046512813,0.0015601141528148734,-0.0007603553699557469,0.003520268818904734,0.004644437730818849,0.007074667546900236,0.004640380557837296,0.007891133794633028,0.003117178141284955,0.005248879888895071,0.0029103030311527266,0.004717173899784636,0.0057566224707187984,0.0036792875860938504,0.006159174092219184,0.005784402630554231,0.009543049062937533,0.006406562107586584,-0.004386144451639245,-0.003685957640597771,-0.0047177560010141974,-0.002691845323267977,-0.003029583654357529,-0.003798919618667701,-0.0015608285998497662,-0.0031405912375350857,0.000308333552207397,-0.0015163957579697397,-0.003574288167848133,-0.0041952495177541415,-0.00299235231981944,-0.003927898862554418,-0.0013660909289798183,-0.0031106292398776726,-0.003554935069399248,-0.000854909849898286,-0.0023370955985410223,-0.0007862917887010164,0.00370354005275928,0.0020961435910999376,0.0018341721513209627,0.004507237737098064,0.0022284568596293536,0.0038049709326251147,-0.004940934475017373,-0.004863126287883989,-0.003696707973796027,-0.004616996409451167,-0.00282938112290373,-0.005380104646612677,-0.004629393662550206,-0.005388195131892061,-0.004283279808973256,-0.005055941782199805,-0.005571488453937541,-0.00454682354934953,-0.00484905009883505,-0.0024970379724820607,-0.004132257974345862,0.002352256427692511,0.002465392813276804,0.004462924187824501,0.0026806470603842527,0.0035647044265661515,0.0017536934726411328,0.003328021500051389,0.0017050254831469918,0.0017252801235723705,0.0029404635420262563,0.0015588307902959727,0.0016949792223799173,0.0031166306078485367,0.004583351120855769,0.0020893395546562068,-0.004878798599450233,-0.0047967751845795535,-0.005055501592810319,-0.004659518615712709,-0.004880187123025668,-0.004895533946931853,-0.004545628901402042,-0.004841912173568629,-0.0031631874036470043,-0.004299566777738345,-0.004828144923989055,-0.0047295521087330665,-0.005098582228446201,-0.005091213683316951,-0.004131511630930046,-0.00510667150893123,-0.005412790296559814,-0.004521771133948128,-0.005253796110588958,-0.004314978052300988,-0.006745563602499646,-0.006344726071911623,-0.004753686269713598,-0.006012380037945097,-0.00457802402840977,-0.007077567305277817,-0.005831487942663703,-0.006990657733637726,-0.006389320714197764,-0.005970275053687545,-0.0068670111151202156,-0.006256210547906784,-0.005698194845638795,-0.003735836787362234,-0.005710434970324218,-0.001977069351182836,-0.002274695301430675,-0.002054556277089738,-0.0010677748023376588,-0.002072404650715384,-0.0015910290397936138,-0.0006691020362562781,-0.001951563577648058,0.00020498233857390381,-0.00037171037094854096,-0.0020476655874576664,-0.0014179250535236634,-0.0012933741697183129,-0.0021804168256781453,-0.0007051228544003084,-0.0011992720041217532,-0.0022384668277236693,-0.0008432478498887716,-0.001076308265473148,-0.0005545890364902459,-0.006805989316416965,-0.006274154820071282,-0.006932735800593899,-0.0071206232686839765,-0.006034953891937423,-0.006430908070865926,-0.0064854917878307975,-0.005943096599661135,-0.004677485335118209,-0.006153080866108495,-0.0062098669080142156,-0.0064394206336060335,-0.007452785524276619,-0.006384058754845683,-0.005989169115611931,-0.0073658301645309595,-0.00640617154546167,-0.005894063226253717,-0.007007876801643725,-0.005621985581662253,-0.002245963425640659,-0.0011177457544743964,-0.0016963660818359347,-0.0025469678908383747,-0.0017778603298451653,-0.0017738363336473985,-0.002262655992862851,-0.0015396602781816524,-0.0012744316857716345,-0.001418876629519343,-0.0015569641185296317,-0.0015509308972605008,-0.0011373604203858136,-0.0016836246234874877,-0.001705643962947436,0.007823391695581402,0.0057844163315954366,0.006382582833744706,0.008825756903574128,0.0065340385922522575,0.009706435195996533,-0.0015185684618019568,-0.0007722063693782332,0.0001687127293069144,-0.0007584453288570824,0.0020947504264947773,-0.001531729019045126,-0.0009935893495125157,-0.0017600277809258285,0.0002076427827397717,-0.0007727528131310428,-0.00129644346677307,0.0008091351570402795,-0.0007752899921205149,0.002639117506423256,0.0010019475417082045,0.00603227628079401,0.007003758563098419,0.00876293578162112,0.006965722429750206,0.00946020530895089,0.005857435010897786,0.00720688579674213,0.005567527729544125,0.006611462122192588,0.007656213196788615,0.0062585505056730745,0.008022135828606334,0.007647201470198414,0.010674147022626314,0.008173310259394906,-0.0010396596674242789,-0.0011792964409249474,-0.0014473448392091134,-0.00017440046334696107,-0.000616543863863511,-0.0006420101175031576,0.0008028841998875151,-0.0007756265959772238,0.0019574785152697643,0.0008166259303956233,-0.0007976729524736606,-0.0007095956426036103,-0.000187542283310873,-0.001268439950556255,0.0005653979091927017,-0.00041552262656264886,-0.0009199782124041982,0.0010178063019566272,0.00027954112136060317,0.0010152676467752632,-0.00865354064449183,-0.0072981609470083595,-0.006044155838665039,-0.007302564187049982,-0.00422726225411287,-0.008517413057900599,-0.007567310813773398,-0.008726637709461462,-0.007115601135490685,-0.00683553431783033,-0.007731175811544565,-0.005437071332767457,-0.0068074866726347705,-0.0032160048166793883,-0.005187042130363576,-0.003752283890241196,-0.004294048236681539,-0.0040837004703842585,-0.0022751674495830594,-0.00342090859242158,-0.002949105179937846,-0.0009287853952757403,-0.0035319571470085963,-0.0002973801909675169,-0.0008843654885199549,-0.0036411334801518163,-0.003020631297754341,-0.00203526169727749,-0.003994764311626699,-0.0016487581053537719,-0.0021534412775458243,-0.0034053864187056533,-0.0009215833843759611,-0.0011647669742064258,-0.0008529615591656404,-0.008211639876014856,-0.008018246942947217,-0.00867611647857716,-0.007813563196771017,-0.006907756555285921,-0.007302186316554579,-0.005632429188103564,-0.007071651122682741,-0.0041643121690830565,-0.005636782314287252,-0.00752680370055175,-0.007754789833153638,-0.007677566285888844,-0.007945779699883441,-0.006511299903227248,-0.007886596368784535,-0.00711989977189423,-0.004954021556371193,-0.0060645677897256,-0.0049260245126561296,-0.0038471978665409324,-0.002727457984509881,-0.002404940819091996,-0.004380875927881937,-0.002729728882937583,-0.0027358864801224417,-0.003448527992408509,-0.0016253413108576402,-0.0013703130201971059,-0.0017361744281682015,-0.002975431212020588,-0.002077870599363826,-0.0016743308043701446,-0.002430934677075488,-0.0016098427263022718,-0.008550511492081544,-0.008218846192343756,-0.007473311210143311,-0.008001431619141398,-0.007326422106487391,-0.008611515519506589,-0.008294922711976465,-0.008660649030957208,-0.008858971286176078,-0.008469271802942853,-0.008590820834750032,-0.008671428872115795,-0.008291214477207222,-0.007026575234383827,-0.008273237644232111,-0.003009154130847065,-0.004189333771455823,-0.003185560858541775,-0.003006488042276264,-0.004056174144593539,-0.0028095901958934697,-0.002676529600659547,-0.0040179310080017015,-0.0025566609418837456,-0.0024308945847075834,-0.003679498976221298,-0.0023196624145165852,-0.0029040630638729414,-0.003942278419236725,-0.0031998891400670465,-0.002912141713139224,-0.004046991746537482,-0.00337342404080608,-0.0028426882159912703,-0.0031668520856411573,-0.007798623708832783,-0.008164204489938468,-0.008028309309155796,-0.008926422013874627,-0.007994356544682335,-0.007614467318849783,-0.008359971511058882,-0.007973927546663616,-0.007397085517609374,-0.008142514922229945,-0.007827809788741725,-0.007333786269947653,-0.008987455410816062,-0.008098084159620085,-0.00845327768885941,-0.009036612048843942,-0.00816698246524625,-0.00839303646255203,-0.008732018038916003,-0.008214980832016947,-0.003329206511781489,-0.0014712804164568828,-0.002728205373585495,-0.0037603160060681075,-0.003691649744440313,-0.002904571072172507,-0.003487865714656062,-0.0035224798520409363,-0.0024926576701350856,-0.0034842565050978115,-0.0024630507741001837,-0.0031820429365152416,-0.0020388806975241607,-0.0034447025744238366,-0.0035133031717493306,-0.0064172212674100905,-0.007160581945934037,-0.006543923068454565,-0.006948781245356175,-0.006704129068747883,-0.005825401247419114,-0.006096816772246096,-0.00661221424013613,-0.005562656646823846,-0.005764528494503305,-0.006553600203206368,-0.00550867558709776,-0.006738075425878761,-0.006727847378232963,-0.006549880922834635,-0.0066511864182966065,-0.006532947652613584,-0.006237716590589423,-0.006076577437619934,-0.005965552051180066,0.009566759339871308,0.011976518919053788,0.011191953846408392,0.009268991044628404,0.009816259948318078,0.011115318185421762,0.009763999657675961,0.010265522711723383,0.011821999104925237,0.010384984791967922,0.010782108085179685,0.010574790241853083,0.012277284764150473,0.01044356026119508,0.010635352614705744,-0.006443046744939725,-0.0048981119456738675,-0.006792122690880375,-0.0067976581513536204,-0.007318625916999317,-0.006918883545890931,-0.006259114803815357,-0.006627910577948501,-0.005966066118086365,-0.006535996649666344,-0.005436703955955615,-0.00671147858754671,-0.005883140959389655,-0.006885773231962333,-0.0064567306770071595,0.010930703648896978,0.01005836048421173,0.012253852067987268,0.009760720604833175,0.01029111791067727,0.011273173040678377,0.02992962335043573,0.01089570772178408,0.008719143050916645,0.009085779848633426,0.011755456569049878,0.009264426715868067,0.012787640570384543,0.03000254860631544,0.027481628856180714,0.028066316150162255,0.03151313486850931,0.02821001477230536,0.03131518559038377,0.008661041090177431,0.009400310520439166,0.011399593608681806,0.009401224241700465,0.012237932570295202,0.008113002091937474,0.009715271528952189,0.007873955386305195,0.009835207241823768,0.00993394080802067,0.008333425764621054,0.010430684979536392,0.00991865547185961,0.01330937937741119,0.010609071717571058,0.0060257206035428685,0.0034473207859642293,0.004290082710615328,0.007252692513252687,0.004533099059728409,0.008312246582154188,-0.004097744942179507,-0.002981699116344966,-0.0015415949974675804,-0.0029501334727592187,0.0005643347162488652,-0.0043987028958024045,-0.0032026078243533587,-0.004530070705039227,-0.0019221987288482632,-0.0027070997135500196,-0.003772125763031799,-0.0010751023358442629,-0.0026512554944864274,0.0012869167752235032,-0.0008311941740125413,0.0030789784442548317,0.004418469544125419,0.006634853380894825,0.004409517033295483,0.007451831768925237,0.002675726987055849,0.004593529046480242,0.002463867268603098,0.004061593496183256,0.005316271844648913,0.0034482198636684204,0.005719163564361936,0.0053391757620701325,0.00889060042100469,0.005961769470531343,-0.004444315137394826,-0.003960552748573967,-0.004788875858050443,-0.002966143084834724,-0.003087681634112681,-0.003653534799134853,-0.0016188333717707106,-0.0032116056461477032,3.481728420542172e-05,-0.0015872850417480674,-0.0038488548058973416,-0.004266334080498082,-0.0032667283470738527,-0.00421547844223569,-0.0018560522284158452,-0.0033979439830437766,-0.0036259771952733186,-0.0011287205797399025,-0.002408040006907008,-0.0010729647689015416,0.0034773800145185356,0.0016543238374267467,0.0016076233240977507,0.0040664046120864415,0.001997092909929294,0.0033638217963037386,-0.004999133391922251,-0.004704670784964108,-0.0037548403974850095,-0.004471504145506203,-0.002887468601819863,-0.005438327097975208,-0.00490422420972863,-0.005459357820683534,-0.004558025773116247,-0.00511414703292185,-0.005425867625797442,-0.0046050024923492815,-0.004920177145657383,-0.0027713298134239474,-0.004203338494182719,0.0019105412633815112,0.0022389759703347685,0.004022073443062115,0.0024493794371751015,0.0031234564671544303,0.0013117325109259725,0.002671579592683119,0.0012581445843436194,0.0010677817041544857,0.002498986629630418,0.001327324475700011,0.0012529674746486052,0.0026703311095732244,0.003927639351343322,0.0016425905434939792,-0.004936994212975941,-0.005071647476322029,-0.005126641794110318,-0.004934361034075479,-0.004938383181032921,-0.004750003821827232,-0.004603807759096009,-0.0049130387696492365,-0.003437648168361501,-0.004370658218875145,-0.0051030242215998394,-0.0048006708901482675,-0.005373536935593187,-0.005379100899875827,-0.00462281612459519,-0.005394566898336464,-0.0054839550683058085,-0.0047965792500741025,-0.005324951189849755,-0.004602662344230931,-0.006864006674737949,-0.0062461593024497435,-0.004871906020729481,-0.005918770895297206,-0.004696231485789196,-0.007196047614473134,-0.006166728876988242,-0.007114058340182888,-0.0067247758095042515,-0.006088629544534999,-0.006773327628278791,-0.006374606352670617,-0.0058214455393235725,-0.004070444044441499,-0.005833695123551215,-0.0016976233500080443,-0.002211280773220561,-0.0017879833706943465,-0.0010044304682068192,-0.0017929390344344957,-0.0011086452949415927,-0.00038999954280567295,-0.0016850190336285883,0.00026825229246384336,-0.00010555077041317689,-0.0019842644023486803,-0.001151510731734534,-0.0012300153955595043,-0.0021299035940222167,-0.0008576351358579617,-0.0011488020334970998,-0.0019718518277667646,-0.0007799165108206381,-0.0008099730745738815,-0.0005041487816444987,-0.006924438418809666,-0.006609534734162918,-0.007056129849787939,-0.007456317033770404,-0.006153315466215651,-0.0063372625463425595,-0.006603912174822387,-0.006066375322796481,-0.005012387659255086,-0.0062763920629934685,-0.006545226997312004,-0.00656275675888252,-0.007788584143450127,-0.006724403111865474,-0.0065415066975296025,-0.0077065317237806,-0.006529503751181417,-0.006229344640999309,-0.007131286570771762,-0.005962108995290286,-0.0021825505699537046,-0.000851405681886244,-0.001632983293892509,-0.0024964381005998073,-0.0019305256953350064,-0.0017233400567926937,-0.001996034060911347,-0.0014762879114554783,-0.0010080476530190958,-0.0013683971091872193,-0.0015064792778559546,-0.0017035640307815696,-0.0010868934425566179,-0.0018491683902332385,-0.0016551514349920412,0.007598076196415595,0.00534405124920895,0.006156968695069904,0.00838666269942078,0.006303573023148679,0.009267864593935388,-0.0015765856344120244,-0.000614353815987566,0.00011078556721198173,-0.0006134701291195209,0.0020369388732501513,-0.001589746899309764,-0.0012674975686350193,-0.001830949523454054,-6.591402603757157e-05,-0.0008307305068128738,-0.0011513956958102193,0.0007512554373193725,-0.0008461464635127698,0.0023661962401935166,0.00093122565885923,0.005592012523160351,0.006778274189871897,0.008323815379042804,0.006735348105876489,0.009021534034013963,0.005417099559202332,0.0065527278054739145,0.005122185010733671,0.005957024228796966,0.00721663680799069,0.006028025330103244,0.007582879838600032,0.007202747459545464,0.01002239271340581,0.0077292391498373445,-0.0010976512134008825,-0.0014532516606545838,-0.0015182456366217133,-0.00044805481437984836,-0.0006745135640363792,-0.0004970496288818161,0.0007450042045832187,-0.000846483071186285,0.0016843841719999498,0.0007458917856000241,-0.0010715305747728123,-0.0007804477601406728,-0.0004612000042491184,-0.0015553065616778037,7.631781704446534e-05,-0.0007021122240517923,-0.000990844296871895,0.0007444715030893725,0.00020877113802985898,0.0007290781734185008,-0.008772210191192592,-0.007199505055597869,-0.006162526588278427,-0.007208837445374103,-0.004345385192722162,-0.008636066247310227,-0.007903138420396878,-0.008850253620108677,-0.00745124514810467,-0.006953992450785189,-0.007637411753433223,-0.005555328958704264,-0.006930873245646067,-0.003550324116790254,-0.005310195591906238,-0.0034723719632336293,-0.004230513281462703,-0.0038166203854706573,-0.0022117611623395377,-0.0031410864090016125,-0.0024661029136063104,-0.0006496806752844471,-0.0032650163201745942,-0.0002340949671812716,-0.0006181394180413848,-0.003577637056377029,-0.002753815557605694,-0.0019718691790504166,-0.00394416725090734,-0.0018013802122457366,-0.002102935868267192,-0.003138476696379745,-0.0008582618034293187,-0.0008984702491922427,-0.0008025191813100426,-0.008330256588651384,-0.008354216041281141,-0.008799726600550535,-0.008149431423300438,-0.0070262225405014625,-0.007208459679463608,-0.005750706174249641,-0.007195068253572126,-0.004498928226310322,-0.005759987525861898,-0.007862618800643477,-0.007878292598649687,-0.008013388533821867,-0.008286664073836958,-0.007063841912028869,-0.008227422343162035,-0.007243322948234854,-0.00528888262757982,-0.006187822310892046,-0.005265801381468426,-0.003783689345030176,-0.0024607149867537773,-0.0023415270128555403,-0.004330261280001029,-0.0028825051940351907,-0.002685354429457684,-0.0031816060103961657,-0.0015619783170605197,-0.0011039657971209749,-0.0016856918042087846,-0.0029248804105826026,-0.0022305540062474735,-0.0016238474981188843,-0.002596567843158843,-0.0015593658319624582,-0.008669153446535422,-0.008120110817959072,-0.007591832981729908,-0.00790765029905472,-0.00744493559602542,-0.008730164386966563,-0.008630938032092375,-0.008784240863671538,-0.009195203539777558,-0.008587905248801595,-0.008496988147601223,-0.008790091589141267,-0.008414764205380218,-0.007362211561592558,-0.008396792342279405,-0.0027294434616539362,-0.004125806284261648,-0.00291871197006733,-0.0029430289507133343,-0.003776189786433934,-0.0023266606104373486,-0.0023969004755675467,-0.0037508746795712903,-0.002493228555719564,-0.0021642257084441233,-0.0036160018112290867,-0.002053026222937658,-0.002840609969565719,-0.003891684464002897,-0.0033527577748557248,-0.0028615939487844845,-0.003779928128592159,-0.0033099433142012046,-0.0025759179938334483,-0.0031162925812388558,-0.007917181852184312,-0.008500178415512205,-0.00815182815661031,-0.00926267573000418,-0.008112937762522735,-0.007520718910282089,-0.008478599387066457,-0.008097440698210634,-0.007732837588800413,-0.008266054415254978,-0.008163678097931963,-0.007457226165554161,-0.009323728594231745,-0.00843897334550275,-0.009006889566399003,-0.009377840833891045,-0.00829051792733678,-0.008729102751067223,-0.008855625639004024,-0.008555928094120596,-0.003265729789849565,-0.0012048529015864587,-0.0026647626766776395,-0.0037097303475727866,-0.0038445879738460663,-0.002854023834534347,-0.0032209407804194186,-0.0034589901026798034,-0.0022259730166164886,-0.0034336824804220316,-0.0024125246672931206,-0.00333490792158484,-0.0019883727414506205,-0.003610521659354285,-0.003462727800622571,-0.006196726560166316,-0.00715704129362286,-0.0063283317730390785,-0.006945240343371512,-0.006483579368575605,-0.005393163658807581,-0.0058763741500222405,-0.006396612025180213,-0.005559117763915435,-0.005549080585395175,-0.006550060309792763,-0.005293292695851975,-0.006734534780965931,-0.00672923719160783,-0.006763390336481683,-0.006652576231308041,-0.006317360903097033,-0.006234176880040098,-0.0058610669894098655,-0.0059669400730241705,0.009975158836906344,0.012584460836875372,0.011599738779217033,0.009664763729062142,0.010010918374088231,0.011510414616459833,0.010373210325491307,0.010673660655438632,0.012430041319665444,0.010780352275271753,0.011177320280857517,0.010769308726559903,0.012671947669836085,0.010625375794016552,0.011030626389767007,-0.006439506993910086,-0.004682850956317799,-0.006788582006597331,-0.006799048134895704,-0.007532289849489221,-0.006920274019128135,-0.006043581374469205,-0.006624370380841416,-0.005750577920148097,-0.006537386073480824,-0.00543809060276927,-0.006925020830761531,-0.0058845288707704375,-0.007104282264704962,-0.006458119907955972,0.011325862041182804,0.010252974262410038,0.012648523530247814,0.009942652564785989,0.010686521042152949,0.01145484664719453,0.030526663485313823,0.028007025818851804,0.02859138859879966,0.03203649513745185,0.02873501793050298,0.03183845279938558,0.008981910795142671,0.009720957176828192,0.01171963879672352,0.009721871854364402,0.012557656880647222,0.00843403662416128,0.010035823206075642,0.008195061102497877,0.010155671735879352,0.010254427808601316,0.008654394635831422,0.010750949756012484,0.010239146351159495,0.013628779342739952,0.010929284208222914,0.028564804503106687,0.029514419758254442,0.03228897130770587,0.02947255408064199,0.03191121951233953,0.027868433164640525,0.030244652050829057,0.027579763272981273,0.02860442653979637,0.030682941333795746,0.0282553154680109,0.029979199793873243,0.03066909105673156,0.03362741164669118,0.03012259218381012,0.009242325327540794,0.010172520091240006,0.008825752720808537,0.010097658664525819,0.010729444641084118,0.00962350876042865,0.011064916929660235,0.01055920491546766,0.013273620073283662,0.011065835403576432,0.01001605013216199,0.009021978397154547,0.009550446249409202,0.009537311167270355,0.011363684668277932,0.009311756918857573,0.009882257654639017,0.011810885126368931,0.009999945894665673,0.011795625957910295,0.003401560862678002,0.004740616948264045,0.006956349213724891,0.004731674915907673,0.007772951510246513,0.002998427784645529,0.004915658448876877,0.0027866341896933787,0.004383836492376831,0.005638162599143952,0.003770667707784968,0.006040804856324825,0.005661060878974923,0.00921129711413435,0.006283338957028107,-0.004336029876558597,-0.0038523163430319346,-0.004680555601562791,-0.002858024165327203,-0.0029795334970431956,-0.003545329750386971,-0.00151086066599739,-0.003103444603102994,0.0001426273192204263,-0.0014793131414980413,-0.003740629653792326,-0.004158067118327488,-0.003158578492989309,-0.0041072165619978965,-0.001748045537796414,-0.0032897816296423824,-0.0035177743023696857,-0.0010207941502884817,-0.002299984870814075,-0.0009650435174890224,0.0036232075570387908,0.004792110366232485,0.003159273053979539,0.004015875137915643,0.0058885702624535685,0.004517278502419229,0.0061688982350534514,0.0057218328742807655,0.008594823137692621,0.0061600059687615455,0.00474096982630158,0.0035330148997254813,0.0036130150397322204,0.0043219248459059854,0.005743482150215821,0.0034013723490318253,0.005137681830796472,0.00727914300831448,0.0052006444903415884,0.007302003967450776,-0.0036220418694981756,-0.0035399365871509447,-0.0032041406519107995,-0.004168533962636834,-0.002504839060464798,-0.0035482448431553783,-0.003236363073638652,-0.0014006935789256387,-0.0021815848083372967,-0.0015243883110063474,-0.003304102473658142,-0.002393310515455895,-0.003026397944745419,-0.0027593809403215703,-0.001938013510691471,0.0022334366630128374,0.00256177190847637,0.004344332504918119,0.0027721114472756916,0.003446007785484501,0.0016348088512320486,0.002994248046932399,0.001581236603209428,0.0013909717859230128,0.002821706627013121,0.0016503954305401103,0.0015760810647022206,0.002992998951477356,0.004249947114805387,0.0019655861667709877,-0.004828661901507465,-0.004963301500447007,-0.00501829085014357,-0.004826026871932773,-0.004830050040345157,-0.004641690160417747,-0.004495507076588208,-0.004804708358733843,-0.0033294648641147557,-0.004262380872517858,-0.0049946754754072835,-0.004692352282268465,-0.005265158388787242,-0.005270723456011993,-0.0045145128821057826,-0.005286186380917723,-0.00537556701754668,-0.004688258647644665,-0.005216577760961358,-0.004494361126889673,0.002762703018829567,0.0034461164842820645,0.0025303635844606616,0.0016472843065239709,0.003614200979455761,0.0029402212507391814,0.0022074912447239818,0.0036294391348208788,0.004205620603203292,0.0024179139151686707,0.003241446132436165,0.0026804503682687475,0.0010482524837242264,0.002969047000181954,0.002623806725358858,0.000994645011660873,0.002900858606340808,0.0026827024009431774,0.001295756706481115,0.0028540277477340946,-0.004319082234088721,-0.0035174678646203127,-0.004763896413583866,-0.0047635240995432485,-0.004681880116363115,-0.004953517993695673,-0.00449081677670407,-0.004512559468535169,-0.004540831438564173,-0.004487225282507721,-0.00400612020966325,-0.004713247519813313,-0.004627592276799238,-0.004989226454929545,-0.005057926383015004,-0.006815903988244498,-0.006501033480354764,-0.006947582544008182,-0.0073477145617349875,-0.006044860401787519,-0.006228788396576132,-0.006495403708630702,-0.0059579291945992315,-0.004904040311033679,-0.006167917426010298,-0.00643673213289223,-0.006454260271777382,-0.007679947874787009,-0.006615890322978094,-0.006432998731569881,-0.007597905138539257,-0.006421010702879073,-0.006120875109280171,-0.007022725457134326,-0.005853666577582865,-0.002290616105383821,-0.0009593377533871906,-0.0017409974497620538,-0.0026045347680280074,-0.0020385679487657663,-0.0018313626587342857,-0.0021040810148662582,-0.001584284268135129,-0.001115997629310174,-0.0014763827762256055,-0.0016144767498296577,-0.0018115834958787646,-0.0011948514150179601,-0.001957202373296684,-0.0017631658079417516,-0.0060008054779232866,-0.005517919495428993,-0.007408178265010182,-0.006360200658932614,-0.006875970422755609,-0.007539943698882005,-0.00582187285893648,-0.00618556692733023,-0.0065865320682190285,-0.006098618767774093,-0.0055416562512677955,-0.006811638886023497,-0.0070462818569249795,-0.006990881613773217,-0.006561789699860196,-0.00114027754660656,-0.002009841740944437,-0.0008947282506774552,-0.0023236857606982035,-0.0017873430694781754,-0.0013338657845003992,0.0059138391980421215,0.007099722220929613,0.00864480052844181,0.007056811221342727,0.00934218940810321,0.005738979010000594,0.006874268069625894,0.005444154473554021,0.006278702922371312,0.007537957604849477,0.006349702632081484,0.007903965653205417,0.007524068773400549,0.010342746500607822,0.008050282208773626,-0.0009897038120649632,-0.0013452681849647668,-0.0014102561393441434,-0.00034019021537773646,-0.0005666073829342876,-0.0003891617354773689,0.0008527415446504381,-0.0007385604884744281,0.0017920274346894432,0.0008536294499202158,-0.0009635856762685009,-0.0006725317563668744,-0.00035333407324279135,-0.0014473125168324816,0.00018412993729227385,-0.0005942222832409715,-0.0008829072056140389,0.0008522098094632495,0.00031656291504832536,0.0008368177880489753,0.006855290259775179,0.00730584351504382,0.006371252898652475,0.006526418399412568,0.008308357152193628,0.00761529295885094,0.008524019950215378,0.008150459321487682,0.010280040215489146,0.008481191851219047,0.0075116571993422065,0.0069308506338995705,0.006351679285871033,0.007055783029393703,0.007700347261420325,0.0060570608530206025,0.007845839508410094,0.009175321796159739,0.00777529727279887,0.009161440822858111,-0.0003093542661919278,0.00047915856804172985,0.00013811344409973795,-0.0009493559984646366,-1.3443456527684728e-06,-0.0002819310373453711,-9.288298743926032e-06,0.0010081562605704748,0.0009698741026093015,0.0008364813427926453,0.0002292704142312712,0.0003797963838454903,0.00045490616765448105,-0.00010324065107162619,0.0006923789469459865,-0.008221570102380208,-0.008245524833628932,-0.008690989700410006,-0.008040772773234933,-0.006917672750581561,-0.007099891261232198,-0.0056423281822242655,-0.0070865006815088475,-0.004390673301609605,-0.005651605980386841,-0.0077539772283125585,-0.007769649883760221,-0.007904744707335407,-0.00817797925627884,-0.006955293904529348,-0.00811875614102254,-0.007134750071398331,-0.005180548734209584,-0.006079397506425702,-0.005157469392115639,-0.0038919183168910996,-0.002568811270108465,-0.0024495942082184315,-0.0044385451127519435,-0.002990625868146306,-0.002793456511838476,-0.0032897752426282612,-0.0016699587220431497,-0.0012119009137416103,-0.001793685083395062,-0.003033023341658082,-0.002338608995909761,-0.0017318420473473389,-0.0027046594714851924,-0.001667346466719293,-0.007324951203797048,-0.00683953438487959,-0.007599193693668667,-0.007940895808078755,-0.007405920504777378,-0.008068269240431428,-0.006554160292652504,-0.005252635500342187,-0.005651230094207937,-0.005421127467043124,-0.006705833078622628,-0.006914814224216264,-0.007147577414377071,-0.007338432249663362,-0.005469277425918735,-0.0025770945480717684,-0.0025443913033930308,-0.0014390691166295787,-0.0030902466582703944,-0.0017103981407903814,-0.0016867063832203973,-0.007808548584381147,-0.008391485702672726,-0.008043171370216044,-0.009153892787099126,-0.008004283564063196,-0.007412125160489773,-0.008369902832824495,-0.007988788907396608,-0.0076242163591274505,-0.008157379498827874,-0.008055019426652103,-0.007348638640088384,-0.009214939376409175,-0.00833028700964095,-0.008898131809823876,-0.009269046310303732,-0.00818184656361373,-0.008620380243091112,-0.008746890972760766,-0.008447223252035719,-0.0033739044385195133,-0.001312820612457176,-0.0027728791887373064,-0.003817950257329225,-0.003952823145496444,-0.0029621589241511904,-0.0033291112319430187,-0.0035671870013209706,-0.0023340455207312453,-0.003541876654523493,-0.0025206131974036755,-0.003443091308145262,-0.002096421141155929,-0.0037187336775275142,-0.0035709249443530377,-0.007079142957242703,-0.005872817012091775,-0.008401487541899741,-0.007511649489160174,-0.008767322907814413,-0.008636268307841814,-0.006984938737688944,-0.008145369342800591,-0.007770336293659671,-0.008129870604578865,-0.006373435294982159,-0.008430696490429209,-0.007941269902078732,-0.008706094445438213,-0.008322965578110532,-0.001463767490250632,-0.003092868132233555,-0.0012481968041011295,-0.0035368051961996902,-0.0030120356359053203,-0.0022397836630053433,-0.006548002011143219,-0.004791168643827851,-0.00689712744106731,-0.006907579269494944,-0.007640908921297997,-0.007028832331592708,-0.00615203694876115,-0.006732890620205958,-0.005859010562336022,-0.0066458973682398505,-0.005546485253428495,-0.007033578664442854,-0.005992981595294066,-0.007212858039553553,-0.006566623371658697,0.011005702427205022,0.009932487159176813,0.012328757445834492,0.009622073654626319,0.010366163615403691,0.011134720562554021,-0.004772828003328818,-0.006922961179603867,-0.0053820645021263784,-0.007282708627319714,-0.0062927649470006786,-0.005920971273222152,0.011283271060486115,0.0031426699690252453,0.026979953003449283,0.0028937418476605377,0.0016824542838652,0.0012013258766081169,0.003864829153053607,0.0013272301126318316,0.0034579668621548703,0.00656954726999685,-0.006162651638899564,-0.007401173550082546,-0.0076339112282190515,-0.005466784803549444,-0.007399722957042393,-0.004684662453235822,0.006049506061285467,0.004627356682866437,0.004433019358340674,0.0074181144882709635,0.00465470755397114,0.006431261692801916,-0.008062637790150061,-0.007916806650281867,-0.006418461429557206,-0.007851603004913275,-0.0058447964357118565,-0.0082030495354473,-0.007097362112112607,-0.008417095251453675,-0.007119161281193746,-0.007457123554802108,-0.008533073335716616,-0.007315648407988431,-0.007455524850923629,-0.004932413730913537,-0.007081524554225435,0.004506164994275805,-0.007452898468028563,-0.007917048334964531,-0.009034074361467402,-0.007450555947853616,-0.00867374366278176,-0.006519910197393877,0.004571479947852144,0.0037072420304912167,0.0028344458577435295,0.0052240814008687785,0.0031468056950724804,0.004226964257614529,-0.007973987074322847,-0.00874661759165232,-0.007845340128866306,-0.00856708468071369,-0.007077685169438885,-0.008270702499136388,-0.007802943348200492,-0.008357829739061231,-0.007776007371785393,-0.009100520321489529,-0.009392861563711911,-0.008658112833839203,-0.00896856945301579,-0.006858260495851665,-0.008297952776338921,-0.00041115744790250913,-0.00127344338521907,-0.0019220113741021368,6.319694735371843e-05,-0.0014787485279010074,0.00014786997403038978,-0.0012329802724603163,-0.001737775586623557,-0.001296260479188249,-0.0014641491536160696,0.0005788913283728169,-0.0012570864182330187,-0.001218175117699262,-0.0012724331598248438,-0.00011989064687445411,-0.0022031549965383203,-0.0020146886815016153,-0.0007677443253283168,-0.001969765123649633,0.0005430905526468279,-0.0003378953144909592,-0.0016153924822033263,-0.0018875791261947796,-0.0005681716407047774,-0.0016124205455797208,-0.0006915452160574959,-0.0018024250844104765,-0.0008967786580879388,-0.0018276916932334218,-0.001590040498118892,-0.0016486759321467643,-0.002337411596017617,-0.002202766152228835,-0.0014596222050138044,-1.3737495918173562e-06,-0.00175939479008387,-0.0013564225823108412,-0.0019727131539161846,-0.0015284290481126304,-0.0010932254986968167,-0.002615889680283921,-0.0019285502479198147,-0.0013652737577773053,-0.0025621067181454123,-0.0007081195545245717,-0.001091776326652116,-0.001602912713400837,-0.000754685109305663,-0.001117327102087378,-0.0018141330511628174,-0.0008625456197660826,-0.0011326698141545042,-0.00271767696632537,-0.001614407094952235,-0.0016420551009162499,-0.0013811737074954109,0.005502571974576226,-0.006723589825713801,-0.00761987489269959,-0.007887882731719857,-0.006528731220509487,-0.007760943429407234,-0.00582916865966163,0.00554908004500061,0.0044538538808599195,0.004224631280599179,0.006425883723030441,0.004328953995604966,0.005364081309406979,-0.0076958017037567755,-0.007619771708524335,-0.006930614408284863,-0.007661879877221398,-0.006405577551046281,-0.007576930021826941,-0.007332147420235513,-0.007896987894163807,-0.007337810005369186,-0.007757473358348083,-0.008059656413485683,-0.007569550929874051,-0.007880440359158965,-0.005993857930870801,-0.0074426454361714465,-0.005049158079660477,-0.006160747668099701,-0.0061401146440245085,-0.004369747507398469,-0.005916170664009829,-0.004339201687637294,-0.0066203153228579234,-0.0062577164984272795,-0.0060138128317460205,-0.006192617311929931,-0.004405419628938078,-0.006218066325599235,-0.006366961450623947,-0.006431715997396781,-0.005352878030490314,-0.006509463974775228,-0.006330502379610917,-0.0053322597934354005,-0.0065078629915575606,-0.004203471061014821,-0.005098565509675286,-0.006511743323787617,-0.006113028746328091,-0.0050226555678844365,-0.006069350885137743,-0.005189672766666741,-0.006273131956934439,-0.005586583848330852,-0.006519709302750382,-0.006535523955128,-0.005692845988865114,-0.006382325446659055,-0.006280840113016563,-0.005712649261587148,-0.004293550262941383,-0.006056852239539021,-0.006325342089466582,-0.007144041114764077,-0.006707883468877973,-0.00633849108777121,-0.006942800938516879,-0.006263010446996319,-0.005939832744309868,-0.0071101333558779185,-0.005479184411316502,-0.005874752304008541,-0.006357448290353468,-0.00551571799169602,-0.005936339910196319,-0.006802353884619331,-0.005868310562934004,-0.006149937563230346,-0.006839622730724295,-0.005974601937367242,-0.006012598440532105,-0.005972999633613649,-0.0053072860736702214,-0.005854198652492113,-0.006517734726330139,-0.005402805916200219,-0.006202681754420265,-0.005329648648418305,-0.005302132624367723,-0.005855761720956688,-0.006212835336889649,-0.005676706105677724,-0.00440819741966962,-0.005056196632095974,-0.005845243132748232,-0.005143059096211725,-0.004779774857104881,-0.006923189572234553,-0.005957858761678776,-0.005442645512181207,-0.006791497556211743,-0.0049024121844637785,-0.005083554757265979,-0.005613077177213159,-0.005932929517063949,-0.005487380315493669,-0.005786775864888692,-0.00558885891109632,-0.005542050172413466,-0.005499925193573904,-0.005650354515204961,-0.0061720580429054294,-0.00634340882631744,-0.006231518929471258,-0.006799599487441867,-0.006252690411369218,-0.005467597668069783,-0.006484471448004362,-0.004594838056059347,-0.00606419492373945,-0.0048617325266344085,-0.005161595852528494,-0.0067640229441868205,-0.005298466879925601,-0.005481308418001778,-0.0068459912105639465,-0.005621378673473083,-0.0053023371957646665,-0.005426918299285036,-0.0038627653149975716,-0.004915707413952603,-0.005754172928418666,-0.005487792474989506,-0.005002552953172377,-0.006731064994979687,-0.006331246891825402,-0.005583356798168512,-0.006199641675379044,-0.00042681055100277245,-0.00048289071060126526,-0.0004408887412983981,-0.00020810377357815426,0.0004959814730237883,-7.424860204025425e-05,-0.00044574507554388223,-9.94717082703111e-05,-7.791794383064255e-05,-0.0009814256027705166,-0.0003925936551715899,-0.0004739775486109648,-0.0007924864430685486,0.0004492750650176995,-3.132907576066582e-05,0.012511389795680993,0.010634528360166023,0.012341622541781538,0.01255720964309106,0.010213384975816708,0.012160860090940728,0.012501804924971148,0.010266546000720283,0.011883629085496753,0.012771794801705396,0.011533553586580618,0.013637835361872633,0.013066185286999472,0.011324932521411205,0.012050932658018976,0.013051154142681742,0.010646877238059833,0.01152140784475834,0.0127615504711961,0.011751815262388767,0.0001343235614743868,-0.0009030427089683676,-5.874622190821143e-05,-0.0007431744999887196,-0.001096923121525508,-1.0169700316072145e-05,-0.0007632968921595408,-0.001075971229714542,-0.0005054795602833542,-0.0004884413351477888,-0.00016836327920729472,0.0010787390439128612,-0.00039051536064653073,-0.00040060798938224327,-0.0005463007498291799,-0.00041574591660058566,-0.000854388696417969,-0.0010460379296063406,-0.0006729768420045851,-0.0008570914354132066,0.011298527345362805,0.013894709435524472,0.012648516663206901,0.010912422325117983,0.010985509004674,0.012478781936410692,0.010606305633936313,0.010793783533556842,0.012526810006920516,0.010846909808581683,0.012552988377743442,0.011884182419252813,0.013774747305026707,0.011675643369923236,0.011226985630837138,0.02750553443971529,0.0032163429113735535,0.0020054192983604844,0.0015244354604562267,0.004187132547017013,0.001650302970110779,0.0037804054098680854,0.027866273648307044,0.026478254661451643,0.026043240781456176,0.029522969233603417,0.026145462570268344,0.027371222612292634,0.0022530253636198114,0.0021131722319811543,0.00411158163592345,0.0020714509580559578,0.0035316184305327594,0.0018326640009418823,0.0033917702476660276,0.001515434992325312,0.0022851560435985067,0.0027556204795890662,0.00113875650826796,0.0018401742231896822,0.0026339818541361204,0.004716892457485632,0.001966008351106939,0.006371153022999821,0.004949433412944774,0.004755154754197729,0.007739353823049455,0.004976774426281109,0.006752813272238748,-0.007953989616048084,-0.007808173372255285,-0.00630997877030541,-0.007742976581180237,-0.0057363706921236685,-0.008094387311318722,-0.0069888113570945095,-0.008308411304548279,-0.007010606405740034,-0.007348536663512373,-0.008424377761916135,-0.00720707364914873,-0.007346937697637099,-0.004824078488256023,-0.006972973357200739,0.004924153690341607,0.005103985735202734,0.007415109425154927,0.0051471461655624995,0.006232829404234726,0.004623477933111983,0.006536176882610558,0.004379404095887808,0.004579917773315476,0.006216678001634317,0.004300594384959181,0.004616521400770667,0.006197102633183942,0.007815436539394486,0.004838184221474326,-0.007875896231610526,-0.0074405206530397784,-0.008258985159052906,-0.007671842892215317,-0.007456389257390327,-0.00803076044244822,-0.007489862554861246,-0.00762380261980333,-0.005775206874030872,-0.0074246845499542705,-0.007196400870422823,-0.007607994906742129,-0.007812206895334854,-0.00764165866553667,-0.0064898823994207116,-0.00802617873728794,-0.007896208854509553,-0.006813271673982353,-0.008105896678575778,-0.006811671385317191,0.0048935794489876035,0.004029602421278817,0.003157067218590116,0.005545984608730034,0.0034693343751166623,0.004549162299068524,-0.007865341479531832,-0.00863788685969254,-0.0077367002699592,-0.008458371928223763,-0.006969135958592825,-0.00816202709957332,-0.007694314344290675,-0.008249145374471542,-0.007667387823561524,-0.008991752612989042,-0.009284065446245856,-0.00854940487994356,-0.008859814659384206,-0.006749734122789867,-0.00818928102795067,0.004590665392126045,0.004059004376077459,0.0057841062938300955,0.004203815638765716,0.004614473173706687,0.004124033068647729,0.005449851846723256,0.004016685447896403,0.003714465604858986,0.004400230695157547,0.0032257389171290395,0.002877543306561051,0.004490108758654999,0.005481635474475613,0.0031898845532359957,-0.007373517769483233,-0.007587757775095495,-0.007641106390498803,-0.007724311325099056,-0.00850608863391694,-0.008296507968420545,-0.00826211320926848,-0.008588212468268694,-0.007144210548878274,-0.008082683026103517,-0.007492451176770136,-0.007182293097617953,-0.008020939972752588,-0.00782035113757996,-0.007336133040458008,-0.008108041240676135,-0.009016787421872265,-0.008398407547335845,-0.008907984402114502,-0.008266556656380217,-0.0015073921913647417,-0.0017795514456200327,-0.00046027738462782637,-0.0015044214228022343,-0.0005836407060233351,-0.0016944059956130666,-0.0007888511543082461,-0.0017196698866445478,-0.0014820450725242702,-0.0015406734170100148,-0.002229339045138197,-0.002094708827626349,-0.0013516382335659563,0.00010646169532226314,-0.001651382624289003,-0.00146441191427512,-0.0020807641935259398,-0.001636435871280727,-0.001201181704084561,-0.0027240125644847563,-0.0020366045098149403,-0.0014732573358360085,-0.0026702243451313195,-0.0008160373932297258,-0.0011997325075227816,-0.001710926324425541,-0.0008626133867846759,-0.001225285668603688,-0.0019221681022988345,-0.000970478821540049,-0.00124063076263679,-0.0028258101717755627,-0.0017224153134012472,-0.0017500667505666366,-0.0014891586170485737,-0.001161588668861309,-0.000922439716770778,-0.0013548902746189824,-0.0018240542315377838,-0.0013322548603798183,-0.001522227659522885,-0.0020602716556774666,-0.0013112986953627934,-0.0005248689926116735,-0.0017850728904354898,-0.0007271894445352121,-0.0007554812816857481,-0.002011119435393279,-0.000959554399825395,-0.0008894322123011905,-0.002036390792982502,-0.0016295638198554894,-0.0016053083422484687,-0.002510166912866696,-0.0014162658195263369,-0.0016248180723845704,-0.00027857167328906233,-0.0013246127551090996,-0.002015636103855844,-0.0017247974678126852,-0.0014966034669027716,-0.0025425049178722336,-0.002134912414822683,-0.0016639601088553268,-0.0020811596121620706,-0.0008947494727458861,-0.0013551056801725727,-0.0007229303414459063,-0.0015662638172777071,-0.002236640968732275,0.0058708795718479785,0.004775982988302872,0.00454682886993923,0.006747417908956613,0.004651120400766149,0.0056859567615577,-0.007587191293332443,-0.007511168394492835,-0.00682208063540727,-0.007553272235308569,-0.006297094428161089,-0.007468331531114815,-0.007223572606771613,-0.007788356675830434,-0.00722923320356233,-0.0076488551439885125,-0.007951008762393783,-0.0074609509177350885,-0.0077718083980590925,-0.005885416604840294,-0.007334057817729835,0.00531789507859831,0.005428842975848083,0.006977867090543029,0.005377367205655286,0.005732459498957964,0.0052621668225649905,0.0064012989414724145,0.004947417947907077,0.0044063853804337996,0.006017195079302091,0.004822472817392552,0.004408155908761448,0.005936727510130167,0.006823509287936698,0.004512467289327359,-0.006699365250245792,-0.007124557887267988,-0.007188104029456321,-0.007305135338833692,-0.007171349256147729,-0.006972287892538057,-0.007192939464604556,-0.00746674822581516,-0.006287066987755619,-0.007235031462040379,-0.006602674077732804,-0.006303003225768481,-0.007186304166313085,-0.007184846522941635,-0.006724537751634605,-0.007506250688113862,-0.007426604060737287,-0.007113441744081348,-0.007632658673272521,-0.007236329690677496,-0.006403251563917249,-0.006004577396925903,-0.004914314270165754,-0.0059609045514886294,-0.00508130835635533,-0.006164664393197504,-0.005478185748595599,-0.006411216764551865,-0.006427016214840681,-0.005584437360475306,-0.0062738468684550505,-0.006172365031899505,-0.005604238551918441,-0.004185275702405829,-0.005948400354104722,-0.006433825910288608,-0.007252606751665481,-0.006816405661380395,-0.006446978567985029,-0.007051346834949575,-0.00637148840851957,-0.006048279816030837,-0.007218696225844248,-0.005587584962871504,-0.005983192539206057,-0.006465934587241579,-0.005624119480954106,-0.006044786658564383,-0.0069108855018455125,-0.005976749941353632,-0.006258405969938857,-0.006948158111611798,-0.0060830518505134955,-0.006121052891769959,-0.00608144980799295,-0.005637113303205113,-0.005631304553862822,-0.006063804177396866,-0.006778143366536017,-0.00539420958266644,-0.005583057641705823,-0.0061452766194852945,-0.005571220452007366,-0.004838112034744573,-0.006101594574610095,-0.005020693363012191,-0.005047237422200005,-0.006539442496234762,-0.005463480814161379,-0.005635770992921595,-0.00678611226131992,-0.005464572269530713,-0.005508229084158345,-0.006414598017807017,-0.005528030032993171,-0.0063984351372850115,-0.005056476083308358,-0.00615204731985556,-0.007012276540159386,-0.006753564255211603,-0.006534535013238639,-0.006671281757542165,-0.006516223962452368,-0.006053572022141831,-0.006683493009333103,-0.0054600894501087615,-0.005967241131458989,-0.005342538643607312,-0.006411992579331901,-0.006413085024271578,-0.005504674662359305,-0.005824494659336789,-0.005378989562926422,-0.005678355605725777,-0.005480460771548362,-0.005433654644773515,-0.0053915332309807384,-0.005541948237344172,-0.006063600882740526,-0.006234931155893316,-0.006123053860884366,-0.006691079690209968,-0.006144221239059925,-0.005359211106387117,-0.006375982964752097,-0.00470315368251862,-0.006172659049713417,-0.004970075219511146,-0.005269962024746296,-0.006872565096999562,-0.005406860555975464,-0.005589706916561074,-0.006954543034961046,-0.005729790885526311,-0.005410717798059742,-0.005535317939555177,-0.003971007865568338,-0.005024048604966131,-0.005862606362522376,-0.005596191630833736,-0.005110903067380616,-0.006839604980597242,-0.006439731763062973,-0.005691765656909955,-0.0063081136823995645,-0.004349557361847821,-0.00497593827188887,-0.004626296834013784,-0.005822436455913949,-0.005441160553243496,-0.004829279778318787,-0.006106192407712257,-0.005522714874399322,-0.00544378037556001,-0.00596001833371974,-0.004485317649487426,-0.00379081502566264,-0.005751397367996117,-0.004770870672938533,-0.005492455417406068,-0.005859720320698962,-0.005512921431713204,-0.006299756897776994,-0.006404824157546238,-0.00620904370607949,-0.004876228826657934,-0.0028136918201078797,-0.0045627322274991635,-0.005416641710020806,-0.005815078923864744,-0.0048296022244257745,-0.0058915866845137286,-0.006280657197939189,-0.005032620356314542,-0.006362572073824545,-0.003956247843504539,-0.0051779896519168365,-0.003830726249815994,-0.0055051465153590235,-0.006247713052322857,2.648882651761347e-05,-0.001010981315755281,-0.00016660021720507512,-0.000851095512254434,-0.0012048813177719475,-0.00011801897209422399,-0.0008712199035275176,-0.0011839274665612198,-0.0006133762123203052,-0.0005963358309142923,-0.00027622809345346334,0.0009709997853735704,-0.0004984008241362754,-0.0005084960068731915,-0.0006542016754662225,-0.0005236340927063466,-0.0009623225415350071,-0.0011539884684313867,-0.0007808903113041684,-0.0009650234440037708,0.0109783412084269,0.013575303514393743,0.012328755432834182,0.010592119759023563,0.010665248431372516,0.01215896925601197,0.010285890629545236,0.010473465158663296,0.012207011254217666,0.010526606912894462,0.012233176772516462,0.011564192324424885,0.01345532545683372,0.011355590162014222,0.010906797237992984,0.0001061547698399955,0.001849934245761692,-0.00028975008262665765,-0.00029391919003075466,-0.0011115784338732381,-0.00048289177484717936,-0.0003716028739644672,-0.001269502902689292,-0.00039833678131225047,-0.0012485482951949526,0.0012013316713763462,-0.00037677103920502527,0.000655022124904005,-0.0006090559630796118,-0.0010269343719910835,0.012684662841617731,0.011329187363899542,0.013712227516154545,0.010943117292158548,0.010866240405415058,0.012583535265970015,0.026974956810270782,0.0030848989084794167,0.001658499676299052,0.0013927822757498023,0.0038409261898383774,0.0015137655502001442,0.0034340533954195108,0.027335879952444558,0.02573664396380215,0.025511921847030036,0.028783531273896424,0.025601665931859505,0.026630196261950477,0.0019061875243694207,0.0019815916551178354,0.003765350599614066,0.0019349673242870587,0.0031851867863020105,0.0014856891448745558,0.0028302147286895177,0.0011634550091291769,0.0017230033021502663,0.002408945655229631,0.0010021538469879357,0.0014931945666362024,0.002282366704701718,0.004156025603949938,0.0016141692052358684,0.006188611688749041,0.004551902935066736,0.004572334757306455,0.007342859479459576,0.0047811897467020656,0.0063559326284316755,-0.007952596783733128,-0.007589547798561095,-0.006308589978757505,-0.007529297756420401,-0.0057349832990754865,-0.008092994134877024,-0.007204532838637415,-0.008311953407434972,-0.007226336050599368,-0.007347145323856357,-0.00821056153363509,-0.007205682630185275,-0.007350478604555133,-0.005039374201161366,-0.00697651385364579,0.004526613431813618,0.004921225890853261,0.007018494813306311,0.004951593266906985,0.005835754667017643,0.004225825965399107,0.005924765544158982,0.003968846181254908,0.0039673109103137965,0.0058196180177748765,0.00410488352531002,0.004218842126267387,0.005787244484973512,0.0072047195852516475,0.0044277805052811234,-0.007874503593903483,-0.007656331499893516,-0.008262527187220023,-0.007887704824808571,-0.007454997647180536,-0.007817022483529204,-0.00748847084008948,-0.007627343875649617,-0.0059906914486510966,-0.00742822560094061,-0.007412163173408241,-0.007611536105923878,-0.00802809657609306,-0.007862444767075007,-0.006922567944438123,-0.008247046987596282,-0.007899750446770066,-0.007028962034504021,-0.008109438594674568,-0.007032293431012761,0.00471077994896184,0.0036317209828473068,0.0029739699744933483,0.005148668852325928,0.0032734659420016548,0.004151481721969524,-0.007863948783839416,-0.008419064206498784,-0.0077353077980749155,-0.008244521842900244,-0.0069677455448470624,-0.008160633675193887,-0.007910190508413049,-0.008252687611748378,-0.00788324522726898,-0.008990357035326626,-0.009070049701803027,-0.008548010585572672,-0.008863357946993826,-0.006965407428475091,-0.008192822976051867,0.004192994627573181,0.003876061633812332,0.005386879143032324,0.00400808321905549,0.004216818374351444,0.0037261876158685724,0.004837809675458357,0.0036059809730193916,0.0031014391415221483,0.004002485690107281,0.0030298254077005303,0.0024792425657409792,0.004079581319406995,0.0048696236187491405,0.002778868151589227,-0.0073721262856495185,-0.0078036128862002075,-0.007644647867934647,-0.007940178802657807,-0.008504694254655214,-0.008082690783483983,-0.008260719621140193,-0.008591755443469747,-0.007359962777232566,-0.008086224843927443,-0.007708286942679805,-0.007185834019330862,-0.008236866316624309,-0.008041189031590755,-0.00776915098001009,-0.008328921151174666,-0.009020330927475659,-0.008614412114843074,-0.008911527252507812,-0.008487472264156592,-0.0015578783484083848,-0.0016140174356200775,-0.0005107154756315123,-0.0013518170610434853,-0.0006340834135808234,-0.0017449006717243048,-0.0010551800447382432,-0.0017830571511376827,-0.0017485405828302442,-0.0015911605661053482,-0.002076630827188338,-0.002145220803188256,-0.0014150033511878735,-0.00015964129955420872,-0.0017147642417620669,-0.0011257109086190058,-0.0019579358424859188,-0.0013025900443117016,-0.001078461432251796,-0.0023848923101578053,-0.0014865814956705821,-0.001134574372032305,-0.0023360348224092044,-0.000693360855670848,-0.000866043721508544,-0.0015881406365735851,-0.0005290112443988306,-0.0011025627051872782,-0.0018042699018187805,-0.0010636590034464454,-0.0011228142359996586,-0.002491572314752303,-0.001599635751969526,-0.0014162058703443036,-0.001371315647942568,-0.0012120590020221749,-0.001188800659715519,-0.0014182558043598584,-0.002090634678788312,-0.0013827326753860242,-0.0013696196583083385,-0.002110782040077091,-0.0013746614580719574,-0.000791126968551537,-0.0018484621640983269,-0.0009935025897449736,-0.0008188113222735383,-0.0022777460215616862,-0.0012388085174286716,-0.0013717158394858258,-0.0023159222421877805,-0.0016929453020132254,-0.0018718319387396164,-0.0025735991813858206,-0.0016956337673416169,-0.0015020421247187367,5.484843973151203e-05,-0.0012018783577812265,-0.0018977273991841247,-0.0018180424419005207,-0.0013787592083018866,-0.002208355944175265,-0.0020120853425136054,-0.0013301257389278067,-0.001963250750368256,-0.0007769646152053399,-0.0014483184762078927,-0.0006051726865578446,-0.0016644061500815715,-0.0021187149405119893,0.005688251200126657,0.0043783877030755475,0.004363973387763828,0.006350558729284562,0.0044554745628761164,0.005288675391196978,-0.00758579937351849,-0.007292603465886978,-0.006820690591171636,-0.007339630740011118,-0.006295705645729473,-0.007466939902893066,-0.007439341626233794,-0.007791898119864292,-0.00744500616797875,-0.007647463052129963,-0.007737287760590603,-0.007459559278640089,-0.007775349900029499,-0.0061009219028218325,-0.007337598766062753,0.004920502301772708,0.005246138032501957,0.006581093857214075,0.00518185590146055,0.005335195935361072,0.004864751663555025,0.005789816174525551,0.004537080585288635,0.0037936786979412946,0.005620062267065499,0.004626859028285798,0.0040103996546588735,0.00552677423600821,0.006212230826130691,0.0041019360053191865,-0.006697975510112183,-0.00734030722826728,-0.007191644721135426,-0.007520922677657798,-0.0071699583422260935,-0.0067587636622686645,-0.007191548480453038,-0.007470289330510839,-0.00650265247328832,-0.007238572287332391,-0.006818318835736758,-0.006306542824057947,-0.007402067963894146,-0.007405543276692604,-0.007157318906513241,-0.007727012851784717,-0.007430145064686804,-0.007329193958916682,-0.007636199992246301,-0.007457041889534821,-0.006453960425872667,-0.005838388159421604,-0.004964954940661842,-0.005807667650247985,-0.0051319595904370805,-0.006215362288120953,-0.00574566921531924,-0.006474879554411723,-0.006694768880679969,-0.005635108541003066,-0.006120564361413181,-0.006223066429321282,-0.005667853445421525,-0.0044524561659059275,-0.006012039358004079,-0.0060935724962310825,-0.007129191802544508,-0.0064809607839803884,-0.006323652717791202,-0.006710898541072779,-0.005819303736518304,-0.005708141778445388,-0.00688312514403368,-0.005464358199973773,-0.005648001966209876,-0.006342610076262193,-0.0052890490902563455,-0.005921507237217557,-0.006792439485814494,-0.006070365559519869,-0.006140029710362754,-0.006612672314843662,-0.005959768819542758,-0.0057858182160305275,-0.005963093655456305,-0.0056877870153996405,-0.005898825614376315,-0.006127446363019846,-0.007045983265933353,-0.005444872365315473,-0.005429872842454815,-0.00619597672690414,-0.005634833378368069,-0.005105453756956616,-0.006165242554307229,-0.005288064331264817,-0.005110819554806904,-0.006807222983336916,-0.0057439036965635,-0.006120247203787834,-0.007066917179309603,-0.005528178810721685,-0.005775735999891218,-0.006478264877874855,-0.005808487498007267,-0.006275117951841182,-0.004721582184199518,-0.006028755603527242,-0.006893819187894823,-0.006847246993171459,-0.0064161284303749025,-0.00633588320269091,-0.006392890649219613,-0.005718357278440431,-0.006565069776264193,-0.005341804310304868,-0.006060855663625129,-0.0052242651524435696,-0.0065105752767541806,-0.006294692089936895,-0.005555343099750131,-0.005658330950115755,-0.005429652682772272,-0.005525155588132764,-0.005531127198634815,-0.005484319918138375,-0.005659001677607525,-0.005605560539537598,-0.006331229252787992,-0.006285633673858393,-0.005969790464560104,-0.006741801243873389,-0.006207870357669784,-0.005626666271375974,-0.006439643380446759,-0.0043634283153700035,-0.006049359833954366,-0.0046351873343054234,-0.0051467744427471625,-0.006532128602623422,-0.004855106024959365,-0.005249721361020353,-0.0066190064086254444,-0.0056065508227454205,-0.005075712218351624,-0.005412092228982279,-0.003636430685965031,-0.004900889497875008,-0.005744268738240646,-0.005689772642488374,-0.004992657262193484,-0.006504105082256105,-0.006316408880941585,-0.005356672408313008,-0.006189733434835892,-0.004400173247586124,-0.0052433039288225965,-0.004689855082763734,-0.006090004144102926,-0.005491826684016389,-0.004676201286720855,-0.006156887382158792,-0.005586327018275043,-0.005711256577382912,-0.006023654194747183,-0.004752560283973022,-0.0038543243328684217,-0.00601894790889634,-0.00505111495509416,-0.005976808141757411,-0.006140246277108439,-0.005576531850573251,-0.006567446369267236,-0.006468486255541559,-0.006489666279791801,-0.0047530790259545696,-0.002479476911287704,-0.004439626014546042,-0.0052983527761003716,-0.005908679030102887,-0.004711387602306751,-0.005556393176902065,-0.006157352729545311,-0.004697733742986683,-0.006244184809341914,-0.0038381229269336256,-0.005271534319421077,-0.0037126220619665374,-0.0056036460161873235,-0.006129338829895262,0.0003129313622843725,-0.0009401142246001069,0.00010702743009552827,-0.0007802400654691085,-0.0009181101307764494,0.0003712294954081342,-0.0005845423677932603,-0.0009100411592251254,-0.000542536897004576,-0.00032260574036124275,-0.00020540987654765457,0.001244337157471105,-0.00042756892127470683,-0.0004505359474917427,-0.000799179584261029,-0.0004656739588127946,-0.0006884928836224944,-0.0010831134604250465,-0.000507112216817747,-0.0009070400737700064,0.011421239175302014,0.014225139717860172,0.012771070711810995,0.0110303128910051,0.010894775616240832,0.012596496708422169,0.010937770209246252,0.01091654415068138,0.012857642690729311,0.010964800308363571,0.012670702966352022,0.011793529017442678,0.013892321955508269,0.011580109207624248,0.011344835082238797,0.00017694775026436536,0.0021230489449564436,-0.00021893211639236005,-0.00023597056205213913,-0.0012566174373117424,-0.00042493402300081666,-9.792409094864309e-05,-0.0011986199368816302,-0.0001246551393377059,-0.0011905497662368675,0.0012592008705943638,-0.0005217113032556968,0.0007129190150202808,-0.0007669047515350592,-0.0009689477165553604,0.013122004552599011,0.01155857402660789,0.014149119847366234,0.011167722276150973,0.011304294406062771,0.012807800750699013,0.02786128736755017,0.0262628454900887,0.026038234130747344,0.029308205011479443,0.02612793468506587,0.02715598724239346,0.002229084278484399,0.0023044673991439208,0.00408768446902327,0.0022578570724099906,0.00350770678259132,0.0018087129977589064,0.0031528319334111713,0.0014865769872639309,0.0020459628855044147,0.002731691196866766,0.0013253244958548445,0.0018162228969348297,0.0026051540746133976,0.004478248040206217,0.0019371620194387157,0.027109337843989736,0.02721815193041895,0.029848415076079313,0.027155093144248188,0.027516870655796524,0.02652901757027614,0.02875945547420253,0.02620786109885618,0.02569277168507597,0.028383445643371506,0.026085387491319296,0.025693111780213117,0.02829197318997947,0.029174236152626702,0.02578284640835089,0.002893792847138086,0.003573386602335608,0.002404514065001012,0.0022935646416778533,0.0035270835291607416,0.0026183912727369605,0.002404812689118732,0.0032298304713862134,0.004402716212500733,0.00235820578758724,0.0035527851251478167,0.00274409617233295,0.0018732103804521675,0.002971368787140371,0.003432290259790654,0.0015510875552726478,0.002731735244115588,0.003047098257115863,0.0014257419545767418,0.0029205994902459097,0.00484872109140324,0.005243214198213558,0.007339854291571805,0.005273571038686194,0.0061574860973952015,0.004548023916911454,0.0062464539283875,0.00429112222621979,0.004289627414234745,0.00614133748174103,0.004427118308051398,0.004541062198739763,0.006108974355114405,0.007526043215843876,0.004749936298070474,-0.007765874726702973,-0.0075477248099821885,-0.008153859467458049,-0.007779072289316861,-0.007346410708851466,-0.007708399083168344,-0.007379878794183046,-0.007518739550309453,-0.005882249937348729,-0.00731964000171614,-0.007303581057275563,-0.0075029345062553624,-0.007919449993465796,-0.007753816866372897,-0.006814032807918991,-0.008138378282538527,-0.007791118777393762,-0.006920416349372671,-0.008000783883810302,-0.006923747080595264,0.005392260305100291,0.006416623958719225,0.00495714552912143,0.0042643282832676216,0.0066511329926338845,0.0054330426241015264,0.004889985069602683,0.006463253669298214,0.007201713988111482,0.004920355339746137,0.006484644642363517,0.005426971941971969,0.003963429350502879,0.0060337361746640936,0.005877547307159527,0.003706353550278079,0.006032656393553776,0.006002968516267297,0.004073568450202083,0.0059705989191455745,-0.006910370544538555,-0.006608739577649605,-0.007700990426989667,-0.007529439179514206,-0.0072656777321921774,-0.008088959676783082,-0.00718827877481209,-0.0070282264837547076,-0.0076073130089818666,-0.007200507807927417,-0.006518860095256849,-0.007021592938535672,-0.007438061266036279,-0.007471718806976874,-0.007472812334152178,0.004515207785360302,0.004198370482185904,0.005708733737432078,0.0043303531487033295,0.004539018613583855,0.004048541972573542,0.005159829467717254,0.003928371440212382,0.003423976010393553,0.004324758861701551,0.003352389949229857,0.002801964904395477,0.004401833632740816,0.005191627474533453,0.003101502049965663,-0.007263541654635484,-0.007694983833017282,-0.0075360356656092664,-0.007831543445808069,-0.008395986990878925,-0.007974027399087485,-0.008152051817392777,-0.00848303808053116,-0.007251385761948758,-0.007977574598890156,-0.007599667681240378,-0.007077267530811929,-0.008128201160148821,-0.007932535468660722,-0.00766053221118656,-0.008220246627051023,-0.008911570480199055,-0.008505707369276293,-0.00880279371971203,-0.008378780017253118,0.005445060337815083,0.005893152769106026,0.005157993767566615,0.003985348244058788,0.005432667700311299,0.004956850112373945,0.003704183014827632,0.005339179297543232,0.005429823472397,0.003836222731659659,0.005842615373377278,0.005449598610709535,0.0035184595118269266,0.00554687037596537,0.0048450031514531535,0.003398231986676951,0.004812025444925222,0.004045513413865597,0.002857827252609541,0.0041226047254517405,-0.0066137166297140825,-0.005591321314000105,-0.007339766084106345,-0.007159965283818108,-0.007553985647232826,-0.00761226265151843,-0.007635746313748587,-0.00802032491587067,-0.007815804584436817,-0.008107330141008808,-0.006239422592314719,-0.007458688077800443,-0.0071534907051834795,-0.007791490830757668,-0.00853565965606406,-0.001104099567458558,-0.001080844292027609,-0.001310275639522149,-0.001982588818377541,-0.0012747567134109336,-0.0012616442251861938,-0.0020027341771096476,-0.0012666860194521885,-0.0006832125660995538,-0.0017404414292813337,-0.0008855657086914712,-0.0007108917847403149,-0.0021696813515025355,-0.0011308469737196848,-0.001263742811515667,-0.0022078534141775404,-0.001584937883772319,-0.0017638092481087827,-0.0024655049971137434,-0.0015876281882243176,-0.0016100456692760621,-5.2998334042732985e-05,-0.0013098454342725197,-0.002005770852708189,-0.0019260712050754014,-0.0014867441706686209,-0.002316437592101475,-0.0021201337195428864,-0.0014381059693149678,-0.002071294276833458,-0.0008848957987935167,-0.0015563098235418858,-0.0007130791295844897,-0.0017724193309982216,-0.0022267740284665077,-0.0001793370297950584,0.0004928472714862118,-0.001636639046620793,-0.0005923910978387207,-0.0013973860223433986,-0.0018429132849825758,-0.0006700962293003229,-0.001555352558710563,-0.001758252934639075,-0.001547280665175454,0.00036437849867399094,-0.001202054182216869,-0.0012432422613576784,-0.0014474028870825504,-0.0018656093079744674,-0.00010420009388499074,-0.0014702191357846427,-0.00012915537534963353,-0.0018658682604468777,-0.0019436634856243595,-0.0007452076192157953,0.005242490752859343,0.005568030139649492,0.006902581538557141,0.005503766022790056,0.005657079995946558,0.005186758209020176,0.006111542077800294,0.004859184479267613,0.004116047641093095,0.00594184059411206,0.004948935878336882,0.004332681947026449,0.005848578330215776,0.0065338494328206495,0.004424191375513729,-0.0065894655131506575,-0.007231731677617557,-0.0070830849221419885,-0.0074123278979868834,-0.007061399756279973,-0.006650247776773669,-0.007082986381772997,-0.007361699455653028,-0.006394159876846259,-0.007130005459584123,-0.006709796224380059,-0.0061980718288521305,-0.007293485101480985,-0.007296959794616524,-0.0070487597165440645,-0.007618396864664377,-0.007321560787812353,-0.007220616968448243,-0.007527593177481189,-0.007348450756531987,0.006563053294651208,0.0068367957369709865,0.0060803088594319574,0.004658363894367611,0.007040646742891189,0.006543566155132775,0.005214926570052424,0.006817751054398178,0.006764359166710896,0.005150638729788734,0.00720744381596531,0.006792977054741275,0.004602591492618242,0.006741970492220919,0.005742575415733085,0.004274799823412419,0.006753193283377187,0.005803434014045079,0.004595591468584701,0.005710154918039414,-0.005732203345000578,-0.0047209068046147615,-0.006524628836841145,-0.006491169293239709,-0.006949759179937488,-0.007018228305248651,-0.006014156271156523,-0.0067432929376938485,-0.006549240726306607,-0.007043506930931531,-0.005104095940720734,-0.006427950826438448,-0.006133250675998413,-0.007014967997602223,-0.007003383866651678,-0.0055793787910939216,-0.005790396290092316,-0.006018993565604548,-0.0069374240404187605,-0.0053364882676457375,-0.005321489756468787,-0.0060875104760352875,-0.005526430565671394,-0.004997097583760228,-0.006056779873811214,-0.005179696198055688,-0.005002469349609965,-0.006698687978063774,-0.005635490023599641,-0.006011781731675985,-0.006958355726023473,-0.005419786905832467,-0.005667312480137155,-0.006369769944511495,-0.005700060450624558,-0.00638359629128852,-0.004829903805544685,-0.0061372116065933485,-0.007002359952829232,-0.006955784781762015,-0.006524623194026439,-0.006444367428133424,-0.006501383143241461,-0.005826782289726657,-0.006673579634773682,-0.005450188961553301,-0.0061693141419347924,-0.005332639257518126,-0.006619079461660124,-0.006403174479284881,-0.004489603633324496,-0.0038128717525922093,-0.006170808399163101,-0.005102257461781808,-0.006164995068769847,-0.006610721835774529,-0.0045091560339012605,-0.005477059068834812,-0.005678877167309918,-0.00566703734985408,-0.0037160264603073347,-0.005554006569070261,-0.005593509645345234,-0.006010015193396149,-0.005560372967908412,-0.004673683242130654,-0.00610183093933573,-0.004765138200219866,-0.006720444763930032,-0.006126434133491246,-0.005168648403520388,-0.004291892678892687,-0.005134937974345744,-0.004581545683967013,-0.005981555809322176,-0.005383435279743227,-0.004567893333170946,-0.006048432232246629,-0.005477925551293514,-0.005602845544451203,-0.00591521220120302,-0.00464424447863529,-0.003746098545407765,-0.005910506565645491,-0.004942770372810457,-0.0058683703656235665,-0.006031792730614427,-0.0054681333256154235,-0.006458948394951096,-0.006359999439554902,-0.00638117535867267,-0.00486141054223258,-0.0025875797815461056,-0.004547919274477282,-0.005406740950982384,-0.006017120738920307,-0.0048197083217788326,-0.00566481138124421,-0.006265819914712692,-0.004806053016993103,-0.0063526620582357385,-0.003946362395512999,-0.005379911564529928,-0.0038208426726880564,-0.005712057446377928,-0.006237804253024309,-0.0033522524824096387,-0.0019564201639617924,-0.004825952892636657,-0.0038223631978129484,-0.005452599944734059,-0.005115742344754897,-0.0038466420554813083,-0.005665028907540038,-0.005065965668663155,-0.0057595434431912465,-0.002468989443286287,-0.0049617691919991635,-0.004279899395075928,-0.005260373511275775,-0.005749743768706372,-0.0025020277847828264,-0.004720958734313262,-0.0026637612643547717,-0.005266182070749574,-0.005290453992569122,-0.003806086292685422,6.911737167444476e-05,0.0020154142673834883,-0.00032680020385916016,-0.000343842120520347,-0.001364589443656423,-0.0005328228142371322,-0.00020578168473107107,-0.0013065861662310155,-0.00023251386730192128,-0.0012985154722964124,0.0011514791353523957,-0.000629609483596706,0.0006051450150012977,-0.0008748275810387748,-0.0010768910281498333,0.012802363152024371,0.011238484549618209,0.013829809032362642,0.010847515243430356,0.010984128606084343,0.012488084445113798,0.002237847330932908,-0.00024710960835959645,0.0014843615391033264,-0.0006601816635835809,-0.0004861193806627484,0.0008355492831334144,0.012939435754567324,0.004669535649539354,-0.0028427430627276677,-0.004044026069274686,-0.004343598357620924,-0.0022299875510796772,-0.003929117843808812,-0.0014356908616736418,0.004214664119542914,0.002823162245766737,0.002561368222293607,0.005522890682352089,0.0029553862943202383,0.00453088452936665,-0.004636767690720194,-0.004558981753870645,-0.003112241395862084,-0.004312920927661761,-0.002525799867933471,-0.004859131806174732,-0.0038279392883775096,-0.004867219782077027,-0.0037628271733142287,-0.004254168649026605,-0.005050424921017831,-0.004026243409015757,-0.0040474319209007166,-0.0016971667592795758,-0.0036118760243380467,-0.005255107099664793,-0.006616250430205166,-0.006717192292391389,-0.00417972801688494,-0.006171210950862414,-0.003949338094205104,-0.0023860934978999914,-0.0020229410014620443,-0.0011196463725505648,-0.0017251966575087118,0.0007599934899186302,-0.0023958019643457,-0.001778777565270165,-0.0023015996489529,-0.0004890154330038424,-0.0019530509427037027,-0.002214528863132713,-0.0005892122729849539,-0.0016641022691704604,0.001197064852265288,-0.00012046943056764575,-0.007564806924766856,-0.007163658040752845,-0.005338448620050981,-0.006831054673471145,-0.005395661859238656,-0.007679809316743377,-0.006199884664963715,-0.0075928441118329245,-0.0069912369254659205,-0.006338720110809022,-0.007469126521275161,-0.006858030466315896,-0.006066545447052596,-0.004103532230757578,-0.006311941808756027,-0.003015473906889434,-0.0030688502081222587,-0.0030930281256317093,-0.0021052978702032327,-0.002866408307579586,-0.0026290470704261387,-0.0017062308107003276,-0.002745477777768861,-0.0005873516409827024,-0.00140856455074549,-0.0026254206972850013,-0.0022396220580393872,-0.0021149989280143653,-0.002758242204882143,-0.0012821620762774122,-0.002020820764292364,-0.002816323269466888,-0.0014203621152414961,-0.0018977601069330608,-0.0011315492984334066,-0.006725778659046948,-0.007559622103641109,-0.008279817341525657,-0.006384264881037757,-0.007660306873172834,-0.006230062727859893,-0.002308912621315627,-0.0028817599211133755,-0.0025228054272028316,-0.002427064750127482,-0.000594818823104516,-0.002415250016353367,-0.002483371280538284,-0.002225832776938965,-0.0012610812623643605,-0.003537110579482715,-0.003036288385565276,-0.001977036911240424,-0.0030984601562595586,-0.0007476202938494689,-0.001366131787161579,-0.007836733705739866,-0.00817830442186417,-0.006952616480342239,-0.007727882362473651,-0.0070076963812272805,-0.008107501790472541,-0.007322227301217786,-0.007935075876632416,-0.00787795088556768,-0.008146405196105247,-0.008515492571943816,-0.00856211048653506,-0.007758413838942725,-0.0064490959872792455,-0.007942449864150332,-0.0024481723774388963,-0.0031722288366661288,-0.00241553011782672,-0.002168951823463082,-0.003883747073520231,-0.0028835170999281473,-0.0025087179121521005,-0.003624827938996852,-0.001933839788194673,-0.002054236525647874,-0.0028601887254078584,-0.0017473334727938908,-0.0022752686010729353,-0.002890814178598507,-0.002127242841484443,-0.0020858871664261535,-0.003862878442729894,-0.0029474600953003152,-0.002663173117249136,-0.0025091069728612673,-0.0015282560815974059,-0.001664318485550103,-0.0008373133218376816,-0.0010802957838158976,0.00023680009659054113,-0.0015680974493752487,-0.0011267208790998024,-0.0012694584035617133,-0.0005443863093825507,-0.0017179600574517258,-0.001599499782492911,-0.0011432503354816032,-0.001226789376897215,0.0005679663215800235,-0.0003881187996251109,0.01573232515054718,0.014572785101294667,0.01582480347804874,0.016764532051046947,0.01413281666521452,0.015642486882742265,0.01663107351344821,0.014457634789823058,0.01662666127486595,0.01709251283577178,0.015122678727675249,0.016776698166295498,0.01682878606458656,0.015186409653477775,0.016501999465803555,0.017049808404918654,0.014512854592364198,0.01592048829429525,0.016725352699660204,0.016398899367943445,-0.001871468288958638,-0.0021001330992401306,-0.0017443466234484028,-0.0018449233644182478,-0.002315174072867384,-0.0016980102518920764,-0.0019450148113237123,-0.0019918778207070327,-0.0009019203673460312,-0.0013608467785375458,-0.0017045413999836683,-0.0009221393824396608,-0.0018847802105178514,-0.0016577583815435806,-0.0012273263926682214,-0.0015860561015785108,-0.002110139392113757,-0.0017826023482462382,-0.001880176955433073,-0.0012914118501881858,0.014402996826464128,0.016548346891095203,0.015868838721501497,0.014312319098486842,0.014922228186535217,0.01596130046578595,0.0139755379906623,0.014710590703345641,0.01600680188126239,0.015035194054703238,0.01562441530385499,0.015471907874737578,0.016913013807069215,0.015535615413949112,0.015090374600621065,-0.0061573913234819035,-0.007236594223801088,-0.007283689038289396,-0.0055886587436037435,-0.006886036068734758,-0.00551347227282727,-0.002473763269643387,-0.0021799954217470645,-0.00201999446258949,-0.001934478959727091,-0.0003669929260705607,-0.0021552540541576715,-0.002410661532298398,-0.00216332890659276,-0.0012775816968813756,-0.0026201006779598265,-0.0021299433511921865,-0.0013244130060348822,-0.002413677637812791,-0.0002826694139293662,-0.0009110787994683397,-0.00752110885391052,-0.007189761902226106,-0.006175554585369046,-0.0069725557698798605,-0.006298120369412973,-0.007364865602204708,-0.006779093180647966,-0.00741394302815644,-0.007611880032340223,-0.006953198603027576,-0.007344196422475746,-0.0074246342953437384,-0.006775393502895659,-0.005512450621822946,-0.0070269046267141195,-0.00219562429412367,-0.0031183401139100635,-0.00237190194821887,-0.0021929443413322507,-0.0029853073348343156,-0.0019962112394457396,-0.0018632372909194144,-0.002947105440026384,-0.0014872748829904956,-0.0016177883363750825,-0.0023928345134819917,-0.0012906940298213856,-0.0018745119680386904,-0.0026552905364713303,-0.0019137647478692343,-0.0018825856200674587,-0.0027598779867692965,-0.0020870936225050973,-0.0018131994177564051,-0.0018807688534177446,-0.006904943921691078,-0.006287073243726292,-0.005712521822261354,-0.005954745310648503,-0.004737090193545342,-0.00647726010420667,-0.0062487927200257296,-0.006390406216755309,-0.006006234988997873,-0.006170687590195126,-0.006049907337148125,-0.005656326311036462,-0.005898556627619253,-0.0041523564655356685,-0.0051108642684803375,0.01036861220776556,0.009043529683290379,0.010291924762129168,0.011053998314444275,0.009457480103872179,0.010963564197613383,0.011661431638309544,0.009577029970910847,0.011497410437323519,0.011955562018364327,0.010016284306035243,0.011668131693892378,0.011578190476510338,0.009884989773009998,0.011130557525875887,0.011671103579378278,0.010041268947146749,0.011207416997652339,0.01200584680662254,0.011492883211821795,-0.006748311701467147,-0.007234343099236426,-0.006875051590364026,-0.007280079408205838,-0.006777858479000362,-0.006156306366387881,-0.00642782788913035,-0.006685937232410204,-0.005636311976424195,-0.006095435074102294,-0.006410324311931777,-0.005622645723329534,-0.006852193206673418,-0.0065845484763541505,-0.006406587727415647,-0.006765293575564238,-0.0063896746770726355,-0.0060944739222742106,-0.006190615639439412,-0.005822345522299661,0.009285800390576504,0.011431322148772967,0.010646336115062969,0.00898795552483302,0.00953536104845363,0.010569665074046055,0.009483092330972841,0.009984742160498437,0.01127671216173699,0.010104235510197247,0.010715019225597889,0.010507687070127147,0.011945539673715243,0.010376449105246292,0.010568253430427502,-0.005943825624143821,-0.006067865799198896,-0.006102874804545629,-0.005618332008558984,-0.0051162721157206915,-0.005671906166835555,-0.006146747435948995,-0.005499869691094737,-0.0056597296414499145,-0.006752961402552692,-0.005862099013351459,-0.006125538122865274,-0.00636546917435609,-0.005274603210651523,-0.005507277779074331,0.012101799481332087,0.010153998534689505,0.012133971037200014,0.012163114702904328,0.009665944585502169,0.011886609734813059,0.012041158069571347,0.009921577920303813,0.011376238283978287,0.0124895598609705,0.01099594225751056,0.013325864857399446,0.012591252945272944,0.010965770490861913,0.011505419737341293,0.012778081425252491,0.010220809045984408,0.010909024124212005,0.012421896853059607,0.011341708908053836,-0.005395539770854603,-0.006539689677312359,-0.0053922184056162895,-0.006261709454724686,-0.006802313919622643,-0.005411039134388423,-0.006349623104915517,-0.006583657259279577,-0.00616769411609133,-0.005899979583639225,-0.005859473963110041,-0.004355519599986378,-0.0059897154519039306,-0.005919626174275595,-0.006247725388092517,-0.00581763155783322,-0.006443452030823068,-0.006817807223254333,-0.006143805435187925,-0.006430299528158616,0.01082649763669075,0.01364834386348613,0.01223900516683637,0.010618834063163518,0.010505167736634109,0.012271170315791263,0.010245962144948616,0.010246711467304371,0.012252689438696866,0.010502172239341825,0.012226055529608612,0.011346780299273022,0.01346283764384696,0.011316621835341177,0.010801203389385033,0.0112561993527379,0.009729032980308618,0.011381620761936835,0.011068486632154624,0.009730109035734461,0.011640707089024658,0.011183256627547336,0.010049752600952392,0.010913905045002786,0.011760102477167413,0.010654292914545676,0.012726633765138402,0.011562828363541125,0.010700540668698062,0.010912275323678848,0.011857698088448486,0.010466895494636547,0.01057686961628165,0.011780563617266673,0.01106242232342318,0.03840676536596113,0.04180587864161934,0.04093331449011184,0.03831807206190474,0.038704915823677105,0.04102378734291065,0.0381985231852023,0.03870596275339712,0.04127558971793659,0.039023390043492444,0.04012018637635628,0.03976192426441579,0.04247124919035013,0.039824286103935895,0.039596828644396564,0.010236504447167684,0.012801575849172943,0.01094304098047132,0.010116476303659095,0.009629228443818385,0.011068500298374563,0.010221210581099583,0.00966592844040936,0.011363225972296763,0.009985585064896751,0.011794922205696553,0.01055455639641923,0.01241388434909321,0.01060080753966665,0.010402744815532062,0.03976360605334879,0.038746977366367834,0.04193747751999619,0.038658317504969335,0.03876031648299777,0.04045973937566338,0.004536868806085007,0.0031457842595681057,0.0028840693715233992,0.005844697188158054,0.0032779685111812033,0.004853013510681397,-0.004528465386220031,-0.004450687431776211,-0.0030040933826481937,-0.004204651382063243,-0.0024177076741705686,-0.004750806995240047,-0.0037197186965999647,-0.004758894445721284,-0.003654611011307944,-0.0041459052460884275,-0.004942081168107348,-0.0039180006191715695,-0.003939189329558191,-0.0015891587895395496,-0.0035036746264917634,0.0031866286039715845,0.0032996761656862534,0.0055859021751877135,0.003514762920107747,0.004398192176391208,0.002803670581819873,0.004666970690107102,0.0027550494600619333,0.0027754153637946513,0.004279897804027661,0.0026089969668164326,0.00274507710777444,0.004455842554190627,0.005920797345454007,0.0031390517487679126,-0.004466353094830082,-0.0041034461002341345,-0.004642991041794734,-0.004247148783895766,-0.004186799976885574,-0.0044830817755461445,-0.004133303074767386,-0.004148551883219784,-0.0024709053035042866,-0.0038873347420537033,-0.003918307409591462,-0.004100634824442945,-0.004469436357410009,-0.004181146379276089,-0.00322224217794426,-0.004477522603949017,-0.004502449064924832,-0.003612171063600995,-0.004624561724980244,-0.00340555362457804,-0.007456207650216936,-0.007055100211393364,-0.005230074786484525,-0.006722531098888741,-0.005287276335534209,-0.007571198194394966,-0.006091424592224701,-0.007484243072642035,-0.0068826849505374274,-0.006230245956129453,-0.00736053835229408,-0.006749495934260513,-0.005958098810327692,-0.003995276383166707,-0.006203464051161178,-0.003123625064055704,-0.00317700525005414,-0.0032011863041271436,-0.0022133570652791185,-0.0029745428069817875,-0.0027371579044301528,-0.0018142488716988133,-0.0028536001276648114,-0.0006952593806985207,-0.0015165539627981207,-0.0027335311220427097,-0.0023476937040845538,-0.0022230610482582565,-0.002866365726170666,-0.0013901390720751005,-0.00212887286987412,-0.002924452580337302,-0.0015283530989689243,-0.0020057994405754476,-0.0012395115784914132,-0.007516668931776876,-0.006751221136008115,-0.007643496696812076,-0.00783160384726382,-0.0065119125287413275,-0.00714133488341264,-0.007196002368319538,-0.006420013825952661,-0.0051538691320177155,-0.006863368296495407,-0.006469896980450291,-0.006932750437955288,-0.00794664985099412,-0.006644131453552532,-0.006249177273725591,-0.007859648904830853,-0.006666249522029478,-0.006154031433581941,-0.007501498720120819,-0.005881886850147747,-0.003148249447405337,-0.002263369450371719,-0.0028426448117552733,-0.003449502544557524,-0.0026797691199348527,-0.0029201893526178318,-0.0031649567019056994,-0.002441367027907922,-0.00242024529171194,-0.0023204818446454847,-0.0022425139124928797,-0.002236491286766938,-0.002066904598346139,-0.0023692683246620177,-0.0023913013862466624,-0.0077281066353498355,-0.00806964284584283,-0.006844078824726008,-0.007619266592728572,-0.00689915460005914,-0.007998847195842252,-0.007213651277070826,-0.007826438681223017,-0.007769321976960412,-0.008037746608304634,-0.0084067973193865,-0.008453412252410003,-0.00764979409928993,-0.006340610935573104,-0.00783381419133647,-0.002556271451553553,-0.0032804011187012837,-0.0025236256806416475,-0.0022770159247430598,-0.003991998163848057,-0.0029916669918232416,-0.0026168162508171133,-0.0037330526949660558,-0.0020418805549473704,-0.002162289522418762,-0.0029683288993108043,-0.0018553619939002822,-0.0023833435604947812,-0.0029989579062664395,-0.0022353037835479484,-0.002193943494972692,-0.00397112731499537,-0.0030556030149552216,-0.0027712870389710337,-0.0026172055105850803,-0.007396067732750421,-0.007281200817031158,-0.007392734118347363,-0.008046482439442372,-0.007761236830381123,-0.007628794618688504,-0.00835188490303869,-0.007542384424807471,-0.006908928298130979,-0.007901398620669213,-0.007143188460109312,-0.0068966714450591545,-0.008317298289814468,-0.0072034170210653736,-0.007314708579092296,-0.00814484220659088,-0.007945139056375887,-0.008102644589226734,-0.00868912014694226,-0.007714676590049389,-0.0028155774302159645,-0.0012043348464068277,-0.002416262904805456,-0.0030259638654955784,-0.0029239610369440243,-0.0023836236933978848,-0.0036209196825276978,-0.003402039734189344,-0.002618572416460241,-0.003143270386950677,-0.001938116938050171,-0.0026120138359203514,-0.0017154880054365863,-0.0026426292471394028,-0.0033811836013702802,-0.001979507055785231,-0.0022081922771749075,-0.0018523713586161448,-0.0019529553378475587,-0.002423254918919729,-0.0018060298777383573,-0.002053058550323468,-0.0020999257872961518,-0.0010098572952293508,-0.0014688301039058008,-0.0018125608925215538,-0.0010300803688343702,-0.001992817735365457,-0.0017657731806823586,-0.0013352953339361498,-0.0016940625783318265,-0.0022181991882153913,-0.0018906274260746092,-0.001988212825391063,-0.0013993874933573142,0.01408374221506658,0.01622973660293747,0.01555004544550276,0.013993037937030639,0.014603149513790598,0.01564253260697655,0.013656134628249935,0.014391448554479776,0.015688048964601686,0.01471614792104254,0.015305526830234131,0.015152993610350766,0.016594532519428766,0.015216718919073195,0.014771346306440397,-0.0019110901017743017,-0.00063039419115223,-0.002296304441218239,-0.0020324520980793746,-0.0023088779531780824,-0.00216913012356122,-0.0021426377489622106,-0.0024879256839955,-0.002086756909184456,-0.002164583305681076,-0.0008744331769101467,-0.001913217454394987,-0.0013466098815250916,-0.001866426299145245,-0.0022828614341102176,0.015259451102073173,0.014433376597858665,0.016366156139522497,0.014342706984978113,0.014234228267510075,0.015654685002273447,-0.0074125156352629435,-0.007081202283213442,-0.006067097646229237,-0.0068640181505122124,-0.006189643351928735,-0.0072562880603164685,-0.00667057453032361,-0.007305360599868625,-0.007503264052670782,-0.006844662541287485,-0.007235621102533225,-0.007316044156499832,-0.006666875464288568,-0.005404053791676427,-0.006918354700223638,-0.0023036912851251328,-0.0032264998553926585,-0.00247998606516285,-0.002301013173626086,-0.0030934542736963714,-0.0021042582105792553,-0.001971272766634094,-0.0030552482163202265,-0.0015952723702530906,-0.001725799124093254,-0.002500920738654323,-0.0013986697663059512,-0.001982548793432148,-0.0027634039146537904,-0.0020218056310882544,-0.0019906229691808745,-0.0028680019330552756,-0.002195151802807442,-0.001921229712080672,-0.001988806281012639,-0.006661422443019301,-0.006757077492376274,-0.006890866313465482,-0.007787885386567243,-0.006587444146461081,-0.006477454106657589,-0.007222108372035625,-0.006567051582456164,-0.005990885164444451,-0.0070048822974878135,-0.006204170268923914,-0.005980157862909424,-0.007631583918702309,-0.006474036937246801,-0.006828485454190952,-0.0076806795376573546,-0.0065428306862050385,-0.00676844240338719,-0.007376557090546652,-0.006590657026112101,-0.002367144094360963,-0.0007668274047846907,-0.002022913398895612,-0.0027978638008337906,-0.0027292431048643066,-0.002199167188806163,-0.002525659430054098,-0.0025602195291479315,-0.001787520218356739,-0.002522033234560115,-0.0012858066857268544,-0.0020039875290156794,-0.0011181109851178344,-0.002266351095828016,-0.00233487606575835,-0.0068568392057749335,-0.007342918242685052,-0.006983591565175157,-0.007388674946987289,-0.006886387385870759,-0.006264773192617168,-0.006536329431360833,-0.006794456790495406,-0.0057447330596955256,-0.006203902387275298,-0.006518816349400422,-0.0057310582588609325,-0.006960745758892261,-0.0066930580342513596,-0.006515092865736832,-0.006873836052562846,-0.006498164495273416,-0.006202940627970511,-0.006299092723700712,-0.005930784712085026,0.008965028414269719,0.011111195901103347,0.010325963610735421,0.00866709586724973,0.009214657847662495,0.010249271886828027,0.009162379465144668,0.00966417447243841,0.010956533146419267,0.009783703627171398,0.010394677160666001,0.010187275936289701,0.011625561402786717,0.010055999386411241,0.010247861549309843,-0.006625260819354599,-0.0053371021949559245,-0.007231949616855443,-0.006979932466303606,-0.007501012129448809,-0.007358761069219944,-0.006441298599916351,-0.0068101671481467325,-0.006405522741816011,-0.006718237452841015,-0.005401955202198286,-0.006676685353410211,-0.006105629352789415,-0.006850974505066402,-0.006421947787006625,0.01032973939426334,0.009456894574017445,0.011388737703255741,0.009159090549019314,0.00968978271741534,0.010885912520486351,-0.005503931689956513,-0.006648196949484929,-0.005500609661085291,-0.006370186512301516,-0.006910847801620325,-0.005519432483223879,-0.006458109037515919,-0.006692169059989949,-0.006276161019287871,-0.006008419821618939,-0.0059679122644061295,-0.004463806903429873,-0.006098165223695258,-0.006028070908898717,-0.00635620141464732,-0.005926063979712397,-0.006551949810435746,-0.006926340123370297,-0.006252270198834045,-0.006538793647749512,0.010506170411346716,0.013328860524581767,0.011919119016336376,0.010298443108408769,0.010184762141205853,0.011951294480258553,0.00992543858653575,0.009926227919958994,0.011932807480641454,0.010181766133039232,0.011906149059150259,0.011026629524499322,0.013143318707246584,0.010996460618456601,0.010480886823811665,-0.005516808001405298,-0.00351383674340546,-0.005821694503264438,-0.005745665764696821,-0.0067492116982313995,-0.005818370594678014,-0.0058914033765451,-0.00697570024115246,-0.005801056877640302,-0.006757012652246106,-0.004276967698070659,-0.006068876323800618,-0.004781283669745662,-0.006129039762294982,-0.006616787811530578,0.012423371138254431,0.0108572002625378,0.013465832904450793,0.0106495555966739,0.010506030386081264,0.012256631630571741,0.009916011618093093,0.01248185641103153,0.010622763181217331,0.009795948366306383,0.009308559814940139,0.010748263826463997,0.00990071355227191,0.00934527084666641,0.011043079356015945,0.009665024472549048,0.011474896720928468,0.01023416541492191,0.012094054749369563,0.010280430400235338,0.01008230986999145,0.03924406400500995,0.038226965842659076,0.04141905536612506,0.038138263218464905,0.03824031168846304,0.03994057388187546,0.011721867998743515,0.00981622073979114,0.012169040092023091,0.009696148942808614,0.009836539832798849,0.011375220398839078,0.03958395440458625,0.004310881730715309,0.002704393077218239,0.0026577388471977817,0.005404414019936551,0.0030468266155299698,0.004412291981393236,-0.004586642370363354,-0.004292292723161332,-0.0030621885627260172,-0.004059214426602358,-0.00247577328344749,-0.004808995912007638,-0.003994316026338852,-0.00483001523903077,-0.003929197146777933,-0.004204061603808461,-0.00479654496403234,-0.0039761460651364456,-0.004010255322704676,-0.0018632180983189095,-0.0035747133223423843,0.002745253762397967,0.0030734325818998834,0.005145513620786244,0.0032836715765454864,0.003957284009643044,0.0023621383979473467,0.004011350096019523,0.0023086012425779724,0.002118556419791845,0.003838972061816262,0.0023777129133828634,0.0023034942248434396,0.004010099078930986,0.005265905535912165,0.002692735239444457,-0.004524526777470481,-0.004378140366111066,-0.004714103837011046,-0.004521886547546333,-0.0042449587293586066,-0.004337606980587627,-0.00419146001091491,-0.00421963188587441,-0.0027451884417513833,-0.003958398804714774,-0.004192953428345887,-0.0041717117488337535,-0.004744231053439973,-0.004468788045366145,-0.0037131293190477734,-0.004765249621048433,-0.004573552734610587,-0.0038867459888127687,-0.004695674915018034,-0.0036929926232051654,-0.00757472952359116,-0.006956469421442155,-0.005348347988210872,-0.006628860589794175,-0.005405562362982662,-0.007689733134213295,-0.006426748181453253,-0.007607700121877699,-0.007218293625779835,-0.006348629827213725,-0.007266812292213648,-0.006867946313409109,-0.006081379856890134,-0.004329966063065836,-0.006326780552717531,-0.002843880790202548,-0.00311353735793492,-0.002934330338564139,-0.0021499452760516836,-0.0026948415961829974,-0.0022542607503037455,-0.0015348486571001914,-0.002586832059632456,-0.0006319362451278563,-0.0012501119623183647,-0.0026700893468357923,-0.002081050007048752,-0.0021596475438796416,-0.0028158210560571507,-0.0015427492850450739,-0.0020783605280240295,-0.002657667439814696,-0.0014649812366905094,-0.0017392349747377641,-0.0011890399544210377,-0.007635196841032753,-0.007086751764468117,-0.0077669721939606475,-0.008167519487064775,-0.006630327649348746,-0.007047627956612396,-0.007314501536147609,-0.006543347879113024,-0.005488921853649488,-0.00698676086187614,-0.0068053397689095095,-0.0070561429616249885,-0.008282602287334304,-0.006984559514938129,-0.006801650871618738,-0.00820050608077527,-0.006789612110845517,-0.006489395520795782,-0.007624964939863713,-0.006222093888794466,-0.0030847832299170735,-0.001996746691484362,-0.0027791945064466438,-0.003398931415508152,-0.0028325633900006756,-0.002869640792698513,-0.0028981111478963606,-0.002377941350136228,-0.0021535784996473788,-0.0022699610480374924,-0.0021919976604207457,-0.0023892224684063804,-0.002016395253202751,-0.0025349193128433845,-0.002340777439299266,-0.007846659166134709,-0.007970919001910758,-0.006962532724731379,-0.007525516791814683,-0.007017613067721954,-0.008117430086331633,-0.007549334699148241,-0.007949936940114092,-0.0081051695674029,-0.008156333902886902,-0.008312979164489693,-0.008572043308111578,-0.0077732724591041,-0.006676012050756654,-0.007957310721645058,-0.0022766618069930667,-0.003216923124876689,-0.002256923229021389,-0.002213601265854937,-0.0037119955428688693,-0.002508595763568917,-0.002337208516771666,-0.003466033234328687,-0.0019784795546039322,-0.0018956915710548294,-0.002904869701203307,-0.001588823989498568,-0.0023199225454854405,-0.0029484039801863766,-0.002388032775219145,-0.002143429272247279,-0.0037040486965364858,-0.0029921422185400413,-0.002504539646839939,-0.0025666721625643408,-0.007514583407986379,-0.007616904212016025,-0.007516181993986999,-0.008382417446943487,-0.00787979373305428,-0.007535043729227456,-0.008470504597712602,-0.007665850461794497,-0.0072445063041714965,-0.008024902492145112,-0.007478847659393898,-0.007020062940461177,-0.008653318753612955,-0.007544029289411511,-0.007867664198370396,-0.00848574510460469,-0.008068651627616571,-0.008438597932291137,-0.008812714653499828,-0.008055444228288206,-0.0027521271680465446,-0.0009379573718571259,-0.0023528399315888722,-0.0029754086551708543,-0.0030767873021987774,-0.002333101110049631,-0.0033539279242214655,-0.003338558421828539,-0.002351862454990042,-0.0030927129587556795,-0.0018876116695144018,-0.002764794700069657,-0.0016649957954605532,-0.0028083198279768183,-0.003330615252697696,-0.0017599063831560172,-0.0022046577812173764,-0.0016377101170095185,-0.001949421211650824,-0.002203569622075876,-0.0013753933499486364,-0.0018334479212192595,-0.0018852186716203914,-0.0010063243572852273,-0.0012542506997006938,-0.0018090268885307679,-0.0008155845843238208,-0.0019892835087946766,-0.0017671508300044756,-0.001547732247350167,-0.001695440037738705,-0.002003468704290242,-0.0018870933984494814,-0.0017735296163890462,-0.0014007642153429955,0.014490428991238199,0.01683528865595888,0.01595614133744629,0.014387081243659212,0.014796920486753407,0.016035940926086043,0.01426319624579925,0.014797991396466844,0.016293872576088265,0.015109900512791692,0.015699084310726877,0.015346663530316293,0.016987586304569837,0.015397714458007467,0.015165076831588556,-0.0019075559751700747,-0.0004159779845414915,-0.00229276981877104,-0.0020338303966693626,-0.0025215101459628913,-0.0021705087504914726,-0.0019279215354213672,-0.0024843909065717976,-0.0018720541677642115,-0.002165961899674484,-0.0008758086437281499,-0.0021257707424584024,-0.0013479864790204917,-0.0020838829283135888,-0.002284240317215453,0.015653026138927485,0.014627179169845071,0.016759294666750968,0.01452385096714663,0.014628158510143608,0.015835605040619545,-0.00753103084768611,-0.006982569898189967,-0.006185462535931262,-0.006770335563790433,-0.006308030299331338,-0.007374785978707008,-0.007006079917864009,-0.007428796436171811,-0.007839071356053799,-0.006963114702477095,-0.007141906093194265,-0.007434555893569772,-0.006790237902396635,-0.005739181032483001,-0.007041753467245578,-0.0020241645854715963,-0.0031630292127812257,-0.002213311789545011,-0.0022375957419789832,-0.0028137209058970727,-0.0016216453801774972,-0.0016918275322669195,-0.0027884300415889035,-0.0015318967014209227,-0.0014593046854240123,-0.0024374931300011025,-0.0011322613371537442,-0.0019191500971885453,-0.0027128638386108234,-0.0021745062391306594,-0.0019401173276087772,-0.0026012299470839473,-0.0021317406063752612,-0.001654687426783827,-0.0019383006001449066,-0.006779853977598341,-0.007092609587979364,-0.007014254285535587,-0.008123782234916149,-0.006705868364254676,-0.00638380437975617,-0.007340609524493302,-0.00669040249886561,-0.0063261958298855385,-0.0071282908783995074,-0.006539528979748934,-0.006103442048452966,-0.007967432074143934,-0.006814410281863663,-0.007381258211028532,-0.008021478223848941,-0.006666178890579899,-0.007103998628178621,-0.007500008659653658,-0.006931088299329295,-0.0023037241487781244,-0.000500574088410481,-0.0019595123457372163,-0.00274732213219292,-0.002882044020549577,-0.002148652205306265,-0.0022589724729815287,-0.00249678657436451,-0.0015210100181412766,-0.002471503184652846,-0.0012353343474211438,-0.0021566844939587843,-0.0010676451010788912,-0.0024319863988977383,-0.0022843545440411105,-0.006636255106555554,-0.007339377358836473,-0.00676791249826631,-0.007385133491234153,-0.00666580049612007,-0.005832359184063031,-0.006315797446477103,-0.006578818071582672,-0.005741193945455937,-0.005988366792182512,-0.006515276497087084,-0.0055156309573589695,-0.006957204832988396,-0.006694447763017233,-0.006728595452864922,-0.006875226414174611,-0.00628258452489127,-0.006199400958518155,-0.006083537824137894,-0.00593217264941261,0.009373659337553691,0.011719633677322766,0.010734082669888576,0.009063092120826026,0.009409427266584678,0.010644691003904465,0.009771933880827921,0.01007254362317129,0.011565071347171562,0.010179294339780431,0.010790033052963655,0.010381865835994925,0.012020467198423248,0.01023788123210614,0.010643279055792262,-0.006621720836894126,-0.00512175363705046,-0.007228408378866064,-0.0069813228995314145,-0.007714712840828887,-0.0073601526260740225,-0.006225728684039234,-0.00680662671955339,-0.006189946833168704,-0.006719627326205064,-0.0054033417645756865,-0.006890220768547934,-0.006107017812079727,-0.007069476582281157,-0.006423336933372662,0.010725120837351478,0.009651619307518945,0.011783731330524431,0.009341125561038307,0.010085409108545315,0.011067652362615291,-0.005283620408091815,-0.006644656863771278,-0.005285224375264215,-0.006366646845886141,-0.006690250850062693,-0.005087310508175214,-0.006237608619007412,-0.006476545635999075,-0.006272621492617634,-0.00579293779772115,-0.005964373042996982,-0.0042486269662132805,-0.006094625893364304,-0.0060294590308480455,-0.006569646389231635,-0.005927451824897183,-0.006336354083275723,-0.00692279976842258,-0.006036739725924179,-0.006540182998595112,0.010914231395195255,0.013936074436824064,0.012326615030684789,0.010693859425181947,0.010379348682681535,0.012346073559184415,0.01053463252385871,0.01033448931117787,0.012540780238031981,0.010577201255873246,0.012300965986689668,0.011221059456577682,0.013537656236118339,0.01117817785270877,0.01087621116757207,-0.005513269334021481,-0.0032988452664772503,-0.005818155521518925,-0.005747053192475159,-0.006962734782963289,-0.005819758169992253,-0.005675939691451724,-0.00697215981155004,-0.005585615595718729,-0.006758402540664741,-0.004278351508489544,-0.006282262285851359,-0.0047826687032233375,-0.006347367022155239,-0.006618177356559207,0.012817995623562025,0.011051661703660915,0.013860051196241622,0.010831332470727493,0.010901345031710488,0.012438132216839527,0.010265124979866041,0.013038356976016798,0.010971642094838271,0.010140232513804633,0.009444102292131726,0.01109223378750413,0.010458570550180105,0.009694563861381077,0.011600325116798978,0.01000934384928345,0.011818639204143059,0.010369590244324552,0.012437586103132774,0.010410982949477062,0.010426493797052044,0.039976202908313205,0.038764199743561385,0.04214960217526771,0.03866318361728256,0.03897310914452221,0.04046458554887722,0.012065531770517174,0.009951698731757937,0.01251254705451018,0.009826773257713767,0.010180804603184001,0.011505637959913557,0.04010814671921997,0.0030678986271301155,0.0033959781008470196,0.00546743245893564,0.003606153241895239,0.004279585184291696,0.0026848990871106955,0.004333612920159116,0.0026313775875973357,0.0024414306642855377,0.004161286332090048,0.002700468225294906,0.0026262920996767483,0.004332361292499697,0.0055878083388146175,0.0030154153203314207,-0.004416235832483382,-0.004269864758112084,-0.004605794270081068,-0.0044135937533491786,-0.004136695944216686,-0.00422933467503984,-0.00408320067718978,-0.004111371827784969,-0.002637075347355845,-0.0038501627938374553,-0.004084696890096328,-0.004063456336863734,-0.004635915755561248,-0.0043605028464865515,-0.0036049182275873534,-0.004656932354235276,-0.004465256942407097,-0.0037785175595275414,-0.004587364730519824,-0.003584783554308101,0.003596754361610728,0.00457017164830781,0.0033645937273331073,0.0024823063083507443,0.004738084941269971,0.0037741389532552853,0.0030420236985044175,0.004753298298853747,0.005328936192207012,0.0032522818692229125,0.004580498163730512,0.0037295251788075534,0.002099048218502451,0.004308439581445559,0.003963806090908989,0.0020454915489748512,0.004240337239873461,0.004022539382859543,0.002346240701705213,0.004193647296267926,-0.0036260638683754984,-0.003105540653070654,-0.004351486876311742,-0.004070213968973785,-0.003988612354352309,-0.004541037948891705,-0.0037976848685189915,-0.003819397765171835,-0.00412850626459887,-0.003794081137052424,-0.003096980475101781,-0.0038034903363799895,-0.0039987216131914145,-0.004079227333858016,-0.004147868566881466,-0.007526590970721509,-0.006978201932019186,-0.007658353435879889,-0.00805884550344466,-0.006521824037414988,-0.00693908242685628,-0.007205921653691485,-0.006434853209463007,-0.005380526028789634,-0.0068782148422295705,-0.006696818247991856,-0.006947596997832146,-0.008173916442867732,-0.006876020062933443,-0.006693116242676666,-0.008091829926664943,-0.006681092406745664,-0.006380899341167931,-0.007516354303761048,-0.0061136248332365455,-0.003192939931392126,-0.002104793980942491,-0.0028873240135162716,-0.0035071192882122175,-0.0029406967808730173,-0.0029777787590166533,-0.003006249244447324,-0.0024860287860702926,-0.0022616437237019667,-0.0023780377808681704,-0.0023000644320538685,-0.0024973112550449876,-0.0021244467104537964,-0.002643022631393994,-0.002448861128813435,-0.006477749972032802,-0.006227742341837778,-0.008119344812119515,-0.006837305219657136,-0.007353366942657765,-0.008251194245094877,-0.006298739580115162,-0.006662622956705254,-0.0072971053300577285,-0.006575635163646494,-0.005801523956356118,-0.007071849922830737,-0.007539950828504312,-0.007251136309319995,-0.006821922026947231,-0.002041634786153725,-0.002911946653108679,-0.00204013829154108,-0.003226051275483973,-0.002689262068283466,-0.002019287043677844,-0.007405988616843489,-0.007508298686562091,-0.007407587464882196,-0.00827373728032996,-0.007771161561527639,-0.0074264471006841755,-0.008361815531141964,-0.007557239997750881,-0.007135941203880904,-0.007916258844832283,-0.007370256379906534,-0.0069115178712577195,-0.00854461104278898,-0.00743543115892415,-0.007759035114715937,-0.00837705440133638,-0.007960000339338438,-0.008329911855015472,-0.008703991493557203,-0.007946796609455622,-0.002860256594785308,-0.0010459046497002284,-0.0024609227521165543,-0.0030835611733368786,-0.0031849433118723834,-0.0024411818588585873,-0.003462125531786825,-0.003446740911830985,-0.0024599452878815526,-0.0032008705813970748,-0.0019956540108645475,-0.002872918609870941,-0.0017730095183455892,-0.0029164487302768527,-0.0034387969676693995,-0.006592994024904728,-0.005634109434529505,-0.00794153675481419,-0.006827012595565326,-0.007826615712452547,-0.007943134278483227,-0.006972896986218198,-0.008053333174309656,-0.007925790142564981,-0.00783935947698795,-0.005898874836710469,-0.007688534394718098,-0.0074468306088866735,-0.007753727958615295,-0.008242217854040213,-0.0011477130230501086,-0.0027201900002234002,-0.0011220714370330355,-0.0029434509046682143,-0.003088807063893089,-0.0018557534821566396,-0.0020155961009061495,-0.0005238680907388658,-0.002400849107485332,-0.0021418828235449765,-0.002629609856571588,-0.0022785744005852024,-0.002035963485081458,-0.002592486876159419,-0.0019800893058102265,-0.0022740253842007435,-0.0009837450625037358,-0.002233830745728999,-0.0014559683333638111,-0.0021919386365848773,-0.002392315633685128,0.015334146154269474,0.014308012188771257,0.016440767524374542,0.014204653235245078,0.014308991495421832,0.015516799830513961,-0.00041022134245473303,-0.002332396753141124,-0.0010561306820205743,-0.0024587170375962807,-0.0023167439647749396,-0.001300262101141037,0.015470736386272728,-0.00667133548765112,-0.00698405928310813,-0.00690571231415612,-0.008015114314294827,-0.006597356498461226,-0.006275325345504952,-0.007232027851841787,-0.0065818930354357135,-0.006217716871633899,-0.007019730809192512,-0.006431034559124941,-0.005994991125273052,-0.007858779847429873,-0.006705888259281924,-0.007272664940320285,-0.00791282070128328,-0.006557671806203133,-0.006995440520694957,-0.007391410876992296,-0.006822547817541003,-0.002411801797266642,-0.0006084708001411948,-0.0020675577112361293,-0.0028554449806662456,-0.0029901821096404114,-0.0022567161301838856,-0.002367045929826086,-0.002604886441659018,-0.0016290114190697905,-0.0025796003311498363,-0.0013433042423418395,-0.002264749088117934,-0.0011756006746486312,-0.002540079577052618,-0.0023924328722365164,-0.005673427565266946,-0.004737633925613527,-0.007263504530679594,-0.006105378417539943,-0.007359226665208621,-0.007498039072377196,-0.005579359677067465,-0.006738170784859197,-0.006633087996435765,-0.006722703250981424,-0.004752002824401725,-0.006805939060179338,-0.00658670614146762,-0.007080922811447071,-0.006698477441383926,-0.0005033795005420764,-0.0021309983710350185,-0.0005438754900161623,-0.0025745329423181667,-0.002050235522807848,-0.0010627595384955044,-0.006730234330687081,-0.0052301156453727635,-0.007336998277176221,-0.0070898725199152225,-0.007823350422104976,-0.0074687554102086835,-0.006334202724846094,-0.006915165442486649,-0.006298423868247443,-0.006828157102230585,-0.005511732987759245,-0.0069987751668588475,-0.006215493037998595,-0.0071780489209168855,-0.006531836964382463,0.010404780953682184,0.00933095165657467,0.011463704869468986,0.009020366026021697,0.009764871243445883,0.010747410183266958,-0.004954760414527111,-0.007105280344700108,-0.005821308700480869,-0.007465088770554813,-0.006474965916608663,-0.005886202782351007,0.01068249392899038,-0.005621673302654379,-0.0034070265275294703,-0.005926588157781927,-0.005855480675070717,-0.007071282836260619,-0.005928190545118344,-0.00578435995543461,-0.0070807089082504686,-0.0056940245337694035,-0.006866929955049421,-0.004386630279088697,-0.006390741329947953,-0.004890997068278997,-0.006455852906423028,-0.006726690746962137,0.012498267474567327,0.010731422584775203,0.013540651372759414,0.01051102541572097,0.010581059136431387,0.01211830944061822,-0.003228070714145413,-0.0059394691022991,-0.003940668282706308,-0.006173340764415195,-0.006066049017128405,-0.0047040835609492605,0.012635396021829332,0.011745586794192114,0.009631126761936858,0.01219274757388684,0.009506164982332503,0.00986030217944197,0.011185532320415671,0.03958881028016294,0.01143256442103702,0.01143256442103702,0.03958881028016294,0.011185532320415671,0.00986030217944197,0.009506164982332503,0.01219274757388684,0.009631126761936858,0.011745586794192114,0.012635396021829332,-0.0047040835609492605,-0.006066049017128405,-0.006173340764415195,-0.003940668282706308,-0.0059394691022991,-0.003228070714145413,0.01211830944061822,0.010581059136431387,0.01051102541572097,0.013540651372759414,0.010731422584775203,0.012498267474567327,-0.006726690746962137,-0.006455852906423028,-0.004890997068278997,-0.006390741329947953,-0.004386630279088697,-0.006866929955049421,-0.0056940245337694035,-0.0070807089082504686,-0.00578435995543461,-0.005928190545118344,-0.007071282836260619,-0.005855480675070717,-0.005926588157781927,-0.0034070265275294703,-0.005621673302654379,0.01068249392899038,-0.005886202782351007,-0.006474965916608663,-0.007465088770554813,-0.005821308700480869,-0.007105280344700108,-0.004954760414527111,0.010747410183266958,0.009764871243445883,0.009020366026021697,0.011463704869468986,0.00933095165657467,0.010404780953682184,-0.006531836964382463,-0.0071780489209168855,-0.006215493037998595,-0.0069987751668588475,-0.005511732987759245,-0.006828157102230585,-0.006298423868247443,-0.006915165442486649,-0.006334202724846094,-0.0074687554102086835,-0.007823350422104976,-0.0070898725199152225,-0.007336998277176221,-0.0052301156453727635,-0.006730234330687081,-0.0010627595384955044,-0.002050235522807848,-0.0025745329423181667,-0.0005438754900161623,-0.0021309983710350185,-0.0005033795005420764,-0.006698477441383926,-0.007080922811447071,-0.00658670614146762,-0.006805939060179338,-0.004752002824401725,-0.006722703250981424,-0.006633087996435765,-0.006738170784859197,-0.005579359677067465,-0.007498039072377196,-0.007359226665208621,-0.006105378417539943,-0.007263504530679594,-0.004737633925613527,-0.005673427565266946,-0.0023924328722365164,-0.002540079577052618,-0.0011756006746486312,-0.002264749088117934,-0.0013433042423418395,-0.0025796003311498363,-0.0016290114190697905,-0.002604886441659018,-0.002367045929826086,-0.0022567161301838856,-0.0029901821096404114,-0.0028554449806662456,-0.0020675577112361293,-0.0006084708001411948,-0.002411801797266642,-0.006822547817541003,-0.007391410876992296,-0.006995440520694957,-0.006557671806203133,-0.00791282070128328,-0.007272664940320285,-0.006705888259281924,-0.007858779847429873,-0.005994991125273052,-0.006431034559124941,-0.007019730809192512,-0.006217716871633899,-0.0065818930354357135,-0.007232027851841787,-0.006275325345504952,-0.006597356498461226,-0.008015114314294827,-0.00690571231415612,-0.00698405928310813,-0.00667133548765112,0.015470736386272728,-0.001300262101141037,-0.0023167439647749396,-0.0024587170375962807,-0.0010561306820205743,-0.002332396753141124,-0.00041022134245473303,0.015516799830513961,0.014308991495421832,0.014204653235245078,0.016440767524374542,0.014308012188771257,0.015334146154269474,-0.002392315633685128,-0.0021919386365848773,-0.0014559683333638111,-0.002233830745728999,-0.0009837450625037358,-0.0022740253842007435,-0.0019800893058102265,-0.002592486876159419,-0.002035963485081458,-0.0022785744005852024,-0.002629609856571588,-0.0021418828235449765,-0.002400849107485332,-0.0005238680907388658,-0.0020155961009061495,-0.0018557534821566396,-0.003088807063893089,-0.0029434509046682143,-0.0011220714370330355,-0.0027201900002234002,-0.0011477130230501086,-0.008242217854040213,-0.007753727958615295,-0.0074468306088866735,-0.007688534394718098,-0.005898874836710469,-0.00783935947698795,-0.007925790142564981,-0.008053333174309656,-0.006972896986218198,-0.007943134278483227,-0.007826615712452547,-0.006827012595565326,-0.00794153675481419,-0.005634109434529505,-0.006592994024904728,-0.0034387969676693995,-0.0029164487302768527,-0.0017730095183455892,-0.002872918609870941,-0.0019956540108645475,-0.0032008705813970748,-0.0024599452878815526,-0.003446740911830985,-0.003462125531786825,-0.0024411818588585873,-0.0031849433118723834,-0.0030835611733368786,-0.0024609227521165543,-0.0010459046497002284,-0.002860256594785308,-0.007946796609455622,-0.008703991493557203,-0.008329911855015472,-0.007960000339338438,-0.00837705440133638,-0.007759035114715937,-0.00743543115892415,-0.00854461104278898,-0.0069115178712577195,-0.007370256379906534,-0.007916258844832283,-0.007135941203880904,-0.007557239997750881,-0.008361815531141964,-0.0074264471006841755,-0.007771161561527639,-0.00827373728032996,-0.007407587464882196,-0.007508298686562091,-0.007405988616843489,-0.002019287043677844,-0.002689262068283466,-0.003226051275483973,-0.00204013829154108,-0.002911946653108679,-0.002041634786153725,-0.006821922026947231,-0.007251136309319995,-0.007539950828504312,-0.007071849922830737,-0.005801523956356118,-0.006575635163646494,-0.0072971053300577285,-0.006662622956705254,-0.006298739580115162,-0.008251194245094877,-0.007353366942657765,-0.006837305219657136,-0.008119344812119515,-0.006227742341837778,-0.006477749972032802,-0.002448861128813435,-0.002643022631393994,-0.0021244467104537964,-0.0024973112550449876,-0.0023000644320538685,-0.0023780377808681704,-0.0022616437237019667,-0.0024860287860702926,-0.003006249244447324,-0.0029777787590166533,-0.0029406967808730173,-0.0035071192882122175,-0.0028873240135162716,-0.002104793980942491,-0.003192939931392126,-0.0061136248332365455,-0.007516354303761048,-0.006380899341167931,-0.006681092406745664,-0.008091829926664943,-0.006693116242676666,-0.006876020062933443,-0.008173916442867732,-0.006947596997832146,-0.006696818247991856,-0.0068782148422295705,-0.005380526028789634,-0.006434853209463007,-0.007205921653691485,-0.00693908242685628,-0.006521824037414988,-0.00805884550344466,-0.007658353435879889,-0.006978201932019186,-0.007526590970721509,-0.004147868566881466,-0.004079227333858016,-0.0039987216131914145,-0.0038034903363799895,-0.003096980475101781,-0.003794081137052424,-0.00412850626459887,-0.003819397765171835,-0.0037976848685189915,-0.004541037948891705,-0.003988612354352309,-0.004070213968973785,-0.004351486876311742,-0.003105540653070654,-0.0036260638683754984,0.004193647296267926,0.002346240701705213,0.004022539382859543,0.004240337239873461,0.0020454915489748512,0.003963806090908989,0.004308439581445559,0.002099048218502451,0.0037295251788075534,0.004580498163730512,0.0032522818692229125,0.005328936192207012,0.004753298298853747,0.0030420236985044175,0.0037741389532552853,0.004738084941269971,0.0024823063083507443,0.0033645937273331073,0.00457017164830781,0.003596754361610728,-0.003584783554308101,-0.004587364730519824,-0.0037785175595275414,-0.004465256942407097,-0.004656932354235276,-0.0036049182275873534,-0.0043605028464865515,-0.004635915755561248,-0.004063456336863734,-0.004084696890096328,-0.0038501627938374553,-0.002637075347355845,-0.004111371827784969,-0.00408320067718978,-0.00422933467503984,-0.004136695944216686,-0.0044135937533491786,-0.004605794270081068,-0.004269864758112084,-0.004416235832483382,0.0030154153203314207,0.0055878083388146175,0.004332361292499697,0.0026262920996767483,0.002700468225294906,0.004161286332090048,0.0024414306642855377,0.0026313775875973357,0.004333612920159116,0.0026848990871106955,0.004279585184291696,0.003606153241895239,0.00546743245893564,0.0033959781008470196,0.0030678986271301155,0.04010814671921997,0.011505637959913557,0.010180804603184001,0.009826773257713767,0.01251254705451018,0.009951698731757937,0.012065531770517174,0.04046458554887722,0.03897310914452221,0.03866318361728256,0.04214960217526771,0.038764199743561385,0.039976202908313205,0.010426493797052044,0.010410982949477062,0.012437586103132774,0.010369590244324552,0.011818639204143059,0.01000934384928345,0.011600325116798978,0.009694563861381077,0.010458570550180105,0.01109223378750413,0.009444102292131726,0.010140232513804633,0.010971642094838271,0.013038356976016798,0.010265124979866041,0.012438132216839527,0.010901345031710488,0.010831332470727493,0.013860051196241622,0.011051661703660915,0.012817995623562025,-0.006618177356559207,-0.006347367022155239,-0.0047826687032233375,-0.006282262285851359,-0.004278351508489544,-0.006758402540664741,-0.005585615595718729,-0.00697215981155004,-0.005675939691451724,-0.005819758169992253,-0.006962734782963289,-0.005747053192475159,-0.005818155521518925,-0.0032988452664772503,-0.005513269334021481,0.01087621116757207,0.01117817785270877,0.013537656236118339,0.011221059456577682,0.012300965986689668,0.010577201255873246,0.012540780238031981,0.01033448931117787,0.01053463252385871,0.012346073559184415,0.010379348682681535,0.010693859425181947,0.012326615030684789,0.013936074436824064,0.010914231395195255,-0.006540182998595112,-0.006036739725924179,-0.00692279976842258,-0.006336354083275723,-0.005927451824897183,-0.006569646389231635,-0.0060294590308480455,-0.006094625893364304,-0.0042486269662132805,-0.005964373042996982,-0.00579293779772115,-0.006272621492617634,-0.006476545635999075,-0.006237608619007412,-0.005087310508175214,-0.006690250850062693,-0.006366646845886141,-0.005285224375264215,-0.006644656863771278,-0.005283620408091815,0.011067652362615291,0.010085409108545315,0.009341125561038307,0.011783731330524431,0.009651619307518945,0.010725120837351478,-0.006423336933372662,-0.007069476582281157,-0.006107017812079727,-0.006890220768547934,-0.0054033417645756865,-0.006719627326205064,-0.006189946833168704,-0.00680662671955339,-0.006225728684039234,-0.0073601526260740225,-0.007714712840828887,-0.0069813228995314145,-0.007228408378866064,-0.00512175363705046,-0.006621720836894126,0.010643279055792262,0.01023788123210614,0.012020467198423248,0.010381865835994925,0.010790033052963655,0.010179294339780431,0.011565071347171562,0.01007254362317129,0.009771933880827921,0.010644691003904465,0.009409427266584678,0.009063092120826026,0.010734082669888576,0.011719633677322766,0.009373659337553691,-0.00593217264941261,-0.006083537824137894,-0.006199400958518155,-0.00628258452489127,-0.006875226414174611,-0.006728595452864922,-0.006694447763017233,-0.006957204832988396,-0.0055156309573589695,-0.006515276497087084,-0.005988366792182512,-0.005741193945455937,-0.006578818071582672,-0.006315797446477103,-0.005832359184063031,-0.00666580049612007,-0.007385133491234153,-0.00676791249826631,-0.007339377358836473,-0.006636255106555554,-0.0022843545440411105,-0.0024319863988977383,-0.0010676451010788912,-0.0021566844939587843,-0.0012353343474211438,-0.002471503184652846,-0.0015210100181412766,-0.00249678657436451,-0.0022589724729815287,-0.002148652205306265,-0.002882044020549577,-0.00274732213219292,-0.0019595123457372163,-0.000500574088410481,-0.0023037241487781244,-0.006931088299329295,-0.007500008659653658,-0.007103998628178621,-0.006666178890579899,-0.008021478223848941,-0.007381258211028532,-0.006814410281863663,-0.007967432074143934,-0.006103442048452966,-0.006539528979748934,-0.0071282908783995074,-0.0063261958298855385,-0.00669040249886561,-0.007340609524493302,-0.00638380437975617,-0.006705868364254676,-0.008123782234916149,-0.007014254285535587,-0.007092609587979364,-0.006779853977598341,-0.0019383006001449066,-0.001654687426783827,-0.0021317406063752612,-0.0026012299470839473,-0.0019401173276087772,-0.0021745062391306594,-0.0027128638386108234,-0.0019191500971885453,-0.0011322613371537442,-0.0024374931300011025,-0.0014593046854240123,-0.0015318967014209227,-0.0027884300415889035,-0.0016918275322669195,-0.0016216453801774972,-0.0028137209058970727,-0.0022375957419789832,-0.002213311789545011,-0.0031630292127812257,-0.0020241645854715963,-0.007041753467245578,-0.005739181032483001,-0.006790237902396635,-0.007434555893569772,-0.007141906093194265,-0.006963114702477095,-0.007839071356053799,-0.007428796436171811,-0.007006079917864009,-0.007374785978707008,-0.006308030299331338,-0.006770335563790433,-0.006185462535931262,-0.006982569898189967,-0.00753103084768611,0.015835605040619545,0.014628158510143608,0.01452385096714663,0.016759294666750968,0.014627179169845071,0.015653026138927485,-0.002284240317215453,-0.0020838829283135888,-0.0013479864790204917,-0.0021257707424584024,-0.0008758086437281499,-0.002165961899674484,-0.0018720541677642115,-0.0024843909065717976,-0.0019279215354213672,-0.0021705087504914726,-0.0025215101459628913,-0.0020338303966693626,-0.00229276981877104,-0.0004159779845414915,-0.0019075559751700747,0.015165076831588556,0.015397714458007467,0.016987586304569837,0.015346663530316293,0.015699084310726877,0.015109900512791692,0.016293872576088265,0.014797991396466844,0.01426319624579925,0.016035940926086043,0.014796920486753407,0.014387081243659212,0.01595614133744629,0.01683528865595888,0.014490428991238199,-0.0014007642153429955,-0.0017735296163890462,-0.0018870933984494814,-0.002003468704290242,-0.001695440037738705,-0.001547732247350167,-0.0017671508300044756,-0.0019892835087946766,-0.0008155845843238208,-0.0018090268885307679,-0.0012542506997006938,-0.0010063243572852273,-0.0018852186716203914,-0.0018334479212192595,-0.0013753933499486364,-0.002203569622075876,-0.001949421211650824,-0.0016377101170095185,-0.0022046577812173764,-0.0017599063831560172,-0.003330615252697696,-0.0028083198279768183,-0.0016649957954605532,-0.002764794700069657,-0.0018876116695144018,-0.0030927129587556795,-0.002351862454990042,-0.003338558421828539,-0.0033539279242214655,-0.002333101110049631,-0.0030767873021987774,-0.0029754086551708543,-0.0023528399315888722,-0.0009379573718571259,-0.0027521271680465446,-0.008055444228288206,-0.008812714653499828,-0.008438597932291137,-0.008068651627616571,-0.00848574510460469,-0.007867664198370396,-0.007544029289411511,-0.008653318753612955,-0.007020062940461177,-0.007478847659393898,-0.008024902492145112,-0.0072445063041714965,-0.007665850461794497,-0.008470504597712602,-0.007535043729227456,-0.00787979373305428,-0.008382417446943487,-0.007516181993986999,-0.007616904212016025,-0.007514583407986379,-0.0025666721625643408,-0.002504539646839939,-0.0029921422185400413,-0.0037040486965364858,-0.002143429272247279,-0.002388032775219145,-0.0029484039801863766,-0.0023199225454854405,-0.001588823989498568,-0.002904869701203307,-0.0018956915710548294,-0.0019784795546039322,-0.003466033234328687,-0.002337208516771666,-0.002508595763568917,-0.0037119955428688693,-0.002213601265854937,-0.002256923229021389,-0.003216923124876689,-0.0022766618069930667,-0.007957310721645058,-0.006676012050756654,-0.0077732724591041,-0.008572043308111578,-0.008312979164489693,-0.008156333902886902,-0.0081051695674029,-0.007949936940114092,-0.007549334699148241,-0.008117430086331633,-0.007017613067721954,-0.007525516791814683,-0.006962532724731379,-0.007970919001910758,-0.007846659166134709,-0.002340777439299266,-0.0025349193128433845,-0.002016395253202751,-0.0023892224684063804,-0.0021919976604207457,-0.0022699610480374924,-0.0021535784996473788,-0.002377941350136228,-0.0028981111478963606,-0.002869640792698513,-0.0028325633900006756,-0.003398931415508152,-0.0027791945064466438,-0.001996746691484362,-0.0030847832299170735,-0.006222093888794466,-0.007624964939863713,-0.006489395520795782,-0.006789612110845517,-0.00820050608077527,-0.006801650871618738,-0.006984559514938129,-0.008282602287334304,-0.0070561429616249885,-0.0068053397689095095,-0.00698676086187614,-0.005488921853649488,-0.006543347879113024,-0.007314501536147609,-0.007047627956612396,-0.006630327649348746,-0.008167519487064775,-0.0077669721939606475,-0.007086751764468117,-0.007635196841032753,-0.0011890399544210377,-0.0017392349747377641,-0.0014649812366905094,-0.002657667439814696,-0.0020783605280240295,-0.0015427492850450739,-0.0028158210560571507,-0.0021596475438796416,-0.002081050007048752,-0.0026700893468357923,-0.0012501119623183647,-0.0006319362451278563,-0.002586832059632456,-0.0015348486571001914,-0.0022542607503037455,-0.0026948415961829974,-0.0021499452760516836,-0.002934330338564139,-0.00311353735793492,-0.002843880790202548,-0.006326780552717531,-0.004329966063065836,-0.006081379856890134,-0.006867946313409109,-0.007266812292213648,-0.006348629827213725,-0.007218293625779835,-0.007607700121877699,-0.006426748181453253,-0.007689733134213295,-0.005405562362982662,-0.006628860589794175,-0.005348347988210872,-0.006956469421442155,-0.00757472952359116,-0.0036929926232051654,-0.004695674915018034,-0.0038867459888127687,-0.004573552734610587,-0.004765249621048433,-0.0037131293190477734,-0.004468788045366145,-0.004744231053439973,-0.0041717117488337535,-0.004192953428345887,-0.003958398804714774,-0.0027451884417513833,-0.00421963188587441,-0.00419146001091491,-0.004337606980587627,-0.0042449587293586066,-0.004521886547546333,-0.004714103837011046,-0.004378140366111066,-0.004524526777470481,0.002692735239444457,0.005265905535912165,0.004010099078930986,0.0023034942248434396,0.0023777129133828634,0.003838972061816262,0.002118556419791845,0.0023086012425779724,0.004011350096019523,0.0023621383979473467,0.003957284009643044,0.0032836715765454864,0.005145513620786244,0.0030734325818998834,0.002745253762397967,-0.0035747133223423843,-0.0018632180983189095,-0.004010255322704676,-0.0039761460651364456,-0.00479654496403234,-0.004204061603808461,-0.003929197146777933,-0.00483001523903077,-0.003994316026338852,-0.004808995912007638,-0.00247577328344749,-0.004059214426602358,-0.0030621885627260172,-0.004292292723161332,-0.004586642370363354,0.004412291981393236,0.0030468266155299698,0.005404414019936551,0.0026577388471977817,0.002704393077218239,0.004310881730715309,0.03958395440458625,0.011375220398839078,0.009836539832798849,0.009696148942808614,0.012169040092023091,0.00981622073979114,0.011721867998743515,0.03994057388187546,0.03824031168846304,0.038138263218464905,0.04141905536612506,0.038226965842659076,0.03924406400500995,0.01008230986999145,0.010280430400235338,0.012094054749369563,0.01023416541492191,0.011474896720928468,0.009665024472549048,0.011043079356015945,0.00934527084666641,0.00990071355227191,0.010748263826463997,0.009308559814940139,0.009795948366306383,0.010622763181217331,0.01248185641103153,0.009916011618093093,0.012256631630571741,0.010506030386081264,0.0106495555966739,0.013465832904450793,0.0108572002625378,0.012423371138254431,-0.006616787811530578,-0.006129039762294982,-0.004781283669745662,-0.006068876323800618,-0.004276967698070659,-0.006757012652246106,-0.005801056877640302,-0.00697570024115246,-0.0058914033765451,-0.005818370594678014,-0.0067492116982313995,-0.005745665764696821,-0.005821694503264438,-0.00351383674340546,-0.005516808001405298,0.010480886823811665,0.010996460618456601,0.013143318707246584,0.011026629524499322,0.011906149059150259,0.010181766133039232,0.011932807480641454,0.009926227919958994,0.00992543858653575,0.011951294480258553,0.010184762141205853,0.010298443108408769,0.011919119016336376,0.013328860524581767,0.010506170411346716,-0.006538793647749512,-0.006252270198834045,-0.006926340123370297,-0.006551949810435746,-0.005926063979712397,-0.00635620141464732,-0.006028070908898717,-0.006098165223695258,-0.004463806903429873,-0.0059679122644061295,-0.006008419821618939,-0.006276161019287871,-0.006692169059989949,-0.006458109037515919,-0.005519432483223879,-0.006910847801620325,-0.006370186512301516,-0.005500609661085291,-0.006648196949484929,-0.005503931689956513,0.010885912520486351,0.00968978271741534,0.009159090549019314,0.011388737703255741,0.009456894574017445,0.01032973939426334,-0.006421947787006625,-0.006850974505066402,-0.006105629352789415,-0.006676685353410211,-0.005401955202198286,-0.006718237452841015,-0.006405522741816011,-0.0068101671481467325,-0.006441298599916351,-0.007358761069219944,-0.007501012129448809,-0.006979932466303606,-0.007231949616855443,-0.0053371021949559245,-0.006625260819354599,0.010247861549309843,0.010055999386411241,0.011625561402786717,0.010187275936289701,0.010394677160666001,0.009783703627171398,0.010956533146419267,0.00966417447243841,0.009162379465144668,0.010249271886828027,0.009214657847662495,0.00866709586724973,0.010325963610735421,0.011111195901103347,0.008965028414269719,-0.005930784712085026,-0.006299092723700712,-0.006202940627970511,-0.006498164495273416,-0.006873836052562846,-0.006515092865736832,-0.0066930580342513596,-0.006960745758892261,-0.0057310582588609325,-0.006518816349400422,-0.006203902387275298,-0.0057447330596955256,-0.006794456790495406,-0.006536329431360833,-0.006264773192617168,-0.006886387385870759,-0.007388674946987289,-0.006983591565175157,-0.007342918242685052,-0.0068568392057749335,-0.00233487606575835,-0.002266351095828016,-0.0011181109851178344,-0.0020039875290156794,-0.0012858066857268544,-0.002522033234560115,-0.001787520218356739,-0.0025602195291479315,-0.002525659430054098,-0.002199167188806163,-0.0027292431048643066,-0.0027978638008337906,-0.002022913398895612,-0.0007668274047846907,-0.002367144094360963,-0.006590657026112101,-0.007376557090546652,-0.00676844240338719,-0.0065428306862050385,-0.0076806795376573546,-0.006828485454190952,-0.006474036937246801,-0.007631583918702309,-0.005980157862909424,-0.006204170268923914,-0.0070048822974878135,-0.005990885164444451,-0.006567051582456164,-0.007222108372035625,-0.006477454106657589,-0.006587444146461081,-0.007787885386567243,-0.006890866313465482,-0.006757077492376274,-0.006661422443019301,-0.001988806281012639,-0.001921229712080672,-0.002195151802807442,-0.0028680019330552756,-0.0019906229691808745,-0.0020218056310882544,-0.0027634039146537904,-0.001982548793432148,-0.0013986697663059512,-0.002500920738654323,-0.001725799124093254,-0.0015952723702530906,-0.0030552482163202265,-0.001971272766634094,-0.0021042582105792553,-0.0030934542736963714,-0.002301013173626086,-0.00247998606516285,-0.0032264998553926585,-0.0023036912851251328,-0.006918354700223638,-0.005404053791676427,-0.006666875464288568,-0.007316044156499832,-0.007235621102533225,-0.006844662541287485,-0.007503264052670782,-0.007305360599868625,-0.00667057453032361,-0.0072562880603164685,-0.006189643351928735,-0.0068640181505122124,-0.006067097646229237,-0.007081202283213442,-0.0074125156352629435,0.015654685002273447,0.014234228267510075,0.014342706984978113,0.016366156139522497,0.014433376597858665,0.015259451102073173,-0.0022828614341102176,-0.001866426299145245,-0.0013466098815250916,-0.001913217454394987,-0.0008744331769101467,-0.002164583305681076,-0.002086756909184456,-0.0024879256839955,-0.0021426377489622106,-0.00216913012356122,-0.0023088779531780824,-0.0020324520980793746,-0.002296304441218239,-0.00063039419115223,-0.0019110901017743017,0.014771346306440397,0.015216718919073195,0.016594532519428766,0.015152993610350766,0.015305526830234131,0.01471614792104254,0.015688048964601686,0.014391448554479776,0.013656134628249935,0.01564253260697655,0.014603149513790598,0.013993037937030639,0.01555004544550276,0.01622973660293747,0.01408374221506658,-0.0013993874933573142,-0.001988212825391063,-0.0018906274260746092,-0.0022181991882153913,-0.0016940625783318265,-0.0013352953339361498,-0.0017657731806823586,-0.001992817735365457,-0.0010300803688343702,-0.0018125608925215538,-0.0014688301039058008,-0.0010098572952293508,-0.0020999257872961518,-0.002053058550323468,-0.0018060298777383573,-0.002423254918919729,-0.0019529553378475587,-0.0018523713586161448,-0.0022081922771749075,-0.001979507055785231,-0.0033811836013702802,-0.0026426292471394028,-0.0017154880054365863,-0.0026120138359203514,-0.001938116938050171,-0.003143270386950677,-0.002618572416460241,-0.003402039734189344,-0.0036209196825276978,-0.0023836236933978848,-0.0029239610369440243,-0.0030259638654955784,-0.002416262904805456,-0.0012043348464068277,-0.0028155774302159645,-0.007714676590049389,-0.00868912014694226,-0.008102644589226734,-0.007945139056375887,-0.00814484220659088,-0.007314708579092296,-0.0072034170210653736,-0.008317298289814468,-0.0068966714450591545,-0.007143188460109312,-0.007901398620669213,-0.006908928298130979,-0.007542384424807471,-0.00835188490303869,-0.007628794618688504,-0.007761236830381123,-0.008046482439442372,-0.007392734118347363,-0.007281200817031158,-0.007396067732750421,-0.0026172055105850803,-0.0027712870389710337,-0.0030556030149552216,-0.00397112731499537,-0.002193943494972692,-0.0022353037835479484,-0.0029989579062664395,-0.0023833435604947812,-0.0018553619939002822,-0.0029683288993108043,-0.002162289522418762,-0.0020418805549473704,-0.0037330526949660558,-0.0026168162508171133,-0.0029916669918232416,-0.003991998163848057,-0.0022770159247430598,-0.0025236256806416475,-0.0032804011187012837,-0.002556271451553553,-0.00783381419133647,-0.006340610935573104,-0.00764979409928993,-0.008453412252410003,-0.0084067973193865,-0.008037746608304634,-0.007769321976960412,-0.007826438681223017,-0.007213651277070826,-0.007998847195842252,-0.00689915460005914,-0.007619266592728572,-0.006844078824726008,-0.00806964284584283,-0.0077281066353498355,-0.0023913013862466624,-0.0023692683246620177,-0.002066904598346139,-0.002236491286766938,-0.0022425139124928797,-0.0023204818446454847,-0.00242024529171194,-0.002441367027907922,-0.0031649567019056994,-0.0029201893526178318,-0.0026797691199348527,-0.003449502544557524,-0.0028426448117552733,-0.002263369450371719,-0.003148249447405337,-0.005881886850147747,-0.007501498720120819,-0.006154031433581941,-0.006666249522029478,-0.007859648904830853,-0.006249177273725591,-0.006644131453552532,-0.00794664985099412,-0.006932750437955288,-0.006469896980450291,-0.006863368296495407,-0.0051538691320177155,-0.006420013825952661,-0.007196002368319538,-0.00714133488341264,-0.0065119125287413275,-0.00783160384726382,-0.007643496696812076,-0.006751221136008115,-0.007516668931776876,-0.0012395115784914132,-0.0020057994405754476,-0.0015283530989689243,-0.002924452580337302,-0.00212887286987412,-0.0013901390720751005,-0.002866365726170666,-0.0022230610482582565,-0.0023476937040845538,-0.0027335311220427097,-0.0015165539627981207,-0.0006952593806985207,-0.0028536001276648114,-0.0018142488716988133,-0.0027371579044301528,-0.0029745428069817875,-0.0022133570652791185,-0.0032011863041271436,-0.00317700525005414,-0.003123625064055704,-0.006203464051161178,-0.003995276383166707,-0.005958098810327692,-0.006749495934260513,-0.00736053835229408,-0.006230245956129453,-0.0068826849505374274,-0.007484243072642035,-0.006091424592224701,-0.007571198194394966,-0.005287276335534209,-0.006722531098888741,-0.005230074786484525,-0.007055100211393364,-0.007456207650216936,-0.00340555362457804,-0.004624561724980244,-0.003612171063600995,-0.004502449064924832,-0.004477522603949017,-0.00322224217794426,-0.004181146379276089,-0.004469436357410009,-0.004100634824442945,-0.003918307409591462,-0.0038873347420537033,-0.0024709053035042866,-0.004148551883219784,-0.004133303074767386,-0.0044830817755461445,-0.004186799976885574,-0.004247148783895766,-0.004642991041794734,-0.0041034461002341345,-0.004466353094830082,0.0031390517487679126,0.005920797345454007,0.004455842554190627,0.00274507710777444,0.0026089969668164326,0.004279897804027661,0.0027754153637946513,0.0027550494600619333,0.004666970690107102,0.002803670581819873,0.004398192176391208,0.003514762920107747,0.0055859021751877135,0.0032996761656862534,0.0031866286039715845,-0.0035036746264917634,-0.0015891587895395496,-0.003939189329558191,-0.0039180006191715695,-0.004942081168107348,-0.0041459052460884275,-0.003654611011307944,-0.004758894445721284,-0.0037197186965999647,-0.004750806995240047,-0.0024177076741705686,-0.004204651382063243,-0.0030040933826481937,-0.004450687431776211,-0.004528465386220031,0.004853013510681397,0.0032779685111812033,0.005844697188158054,0.0028840693715233992,0.0031457842595681057,0.004536868806085007,0.04045973937566338,0.03876031648299777,0.038658317504969335,0.04193747751999619,0.038746977366367834,0.03976360605334879,0.010402744815532062,0.01060080753966665,0.01241388434909321,0.01055455639641923,0.011794922205696553,0.009985585064896751,0.011363225972296763,0.00966592844040936,0.010221210581099583,0.011068500298374563,0.009629228443818385,0.010116476303659095,0.01094304098047132,0.012801575849172943,0.010236504447167684,0.039596828644396564,0.039824286103935895,0.04247124919035013,0.03976192426441579,0.04012018637635628,0.039023390043492444,0.04127558971793659,0.03870596275339712,0.0381985231852023,0.04102378734291065,0.038704915823677105,0.03831807206190474,0.04093331449011184,0.04180587864161934,0.03840676536596113,0.01106242232342318,0.011780563617266673,0.01057686961628165,0.010466895494636547,0.011857698088448486,0.010912275323678848,0.010700540668698062,0.011562828363541125,0.012726633765138402,0.010654292914545676,0.011760102477167413,0.010913905045002786,0.010049752600952392,0.011183256627547336,0.011640707089024658,0.009730109035734461,0.011068486632154624,0.011381620761936835,0.009729032980308618,0.0112561993527379,0.010801203389385033,0.011316621835341177,0.01346283764384696,0.011346780299273022,0.012226055529608612,0.010502172239341825,0.012252689438696866,0.010246711467304371,0.010245962144948616,0.012271170315791263,0.010505167736634109,0.010618834063163518,0.01223900516683637,0.01364834386348613,0.01082649763669075,-0.006430299528158616,-0.006143805435187925,-0.006817807223254333,-0.006443452030823068,-0.00581763155783322,-0.006247725388092517,-0.005919626174275595,-0.0059897154519039306,-0.004355519599986378,-0.005859473963110041,-0.005899979583639225,-0.00616769411609133,-0.006583657259279577,-0.006349623104915517,-0.005411039134388423,-0.006802313919622643,-0.006261709454724686,-0.0053922184056162895,-0.006539689677312359,-0.005395539770854603,0.011341708908053836,0.012421896853059607,0.010909024124212005,0.010220809045984408,0.012778081425252491,0.011505419737341293,0.010965770490861913,0.012591252945272944,0.013325864857399446,0.01099594225751056,0.0124895598609705,0.011376238283978287,0.009921577920303813,0.012041158069571347,0.011886609734813059,0.009665944585502169,0.012163114702904328,0.012133971037200014,0.010153998534689505,0.012101799481332087,-0.005507277779074331,-0.005274603210651523,-0.00636546917435609,-0.006125538122865274,-0.005862099013351459,-0.006752961402552692,-0.0056597296414499145,-0.005499869691094737,-0.006146747435948995,-0.005671906166835555,-0.0051162721157206915,-0.005618332008558984,-0.006102874804545629,-0.006067865799198896,-0.005943825624143821,0.010568253430427502,0.010376449105246292,0.011945539673715243,0.010507687070127147,0.010715019225597889,0.010104235510197247,0.01127671216173699,0.009984742160498437,0.009483092330972841,0.010569665074046055,0.00953536104845363,0.00898795552483302,0.010646336115062969,0.011431322148772967,0.009285800390576504,-0.005822345522299661,-0.006190615639439412,-0.0060944739222742106,-0.0063896746770726355,-0.006765293575564238,-0.006406587727415647,-0.0065845484763541505,-0.006852193206673418,-0.005622645723329534,-0.006410324311931777,-0.006095435074102294,-0.005636311976424195,-0.006685937232410204,-0.00642782788913035,-0.006156306366387881,-0.006777858479000362,-0.007280079408205838,-0.006875051590364026,-0.007234343099236426,-0.006748311701467147,0.011492883211821795,0.01200584680662254,0.011207416997652339,0.010041268947146749,0.011671103579378278,0.011130557525875887,0.009884989773009998,0.011578190476510338,0.011668131693892378,0.010016284306035243,0.011955562018364327,0.011497410437323519,0.009577029970910847,0.011661431638309544,0.010963564197613383,0.009457480103872179,0.011053998314444275,0.010291924762129168,0.009043529683290379,0.01036861220776556,-0.0051108642684803375,-0.0041523564655356685,-0.005898556627619253,-0.005656326311036462,-0.006049907337148125,-0.006170687590195126,-0.006006234988997873,-0.006390406216755309,-0.0062487927200257296,-0.00647726010420667,-0.004737090193545342,-0.005954745310648503,-0.005712521822261354,-0.006287073243726292,-0.006904943921691078,-0.0018807688534177446,-0.0018131994177564051,-0.0020870936225050973,-0.0027598779867692965,-0.0018825856200674587,-0.0019137647478692343,-0.0026552905364713303,-0.0018745119680386904,-0.0012906940298213856,-0.0023928345134819917,-0.0016177883363750825,-0.0014872748829904956,-0.002947105440026384,-0.0018632372909194144,-0.0019962112394457396,-0.0029853073348343156,-0.0021929443413322507,-0.00237190194821887,-0.0031183401139100635,-0.00219562429412367,-0.0070269046267141195,-0.005512450621822946,-0.006775393502895659,-0.0074246342953437384,-0.007344196422475746,-0.006953198603027576,-0.007611880032340223,-0.00741394302815644,-0.006779093180647966,-0.007364865602204708,-0.006298120369412973,-0.0069725557698798605,-0.006175554585369046,-0.007189761902226106,-0.00752110885391052,-0.0009110787994683397,-0.0002826694139293662,-0.002413677637812791,-0.0013244130060348822,-0.0021299433511921865,-0.0026201006779598265,-0.0012775816968813756,-0.00216332890659276,-0.002410661532298398,-0.0021552540541576715,-0.0003669929260705607,-0.001934478959727091,-0.00201999446258949,-0.0021799954217470645,-0.002473763269643387,-0.00551347227282727,-0.006886036068734758,-0.0055886587436037435,-0.007283689038289396,-0.007236594223801088,-0.0061573913234819035,0.015090374600621065,0.015535615413949112,0.016913013807069215,0.015471907874737578,0.01562441530385499,0.015035194054703238,0.01600680188126239,0.014710590703345641,0.0139755379906623,0.01596130046578595,0.014922228186535217,0.014312319098486842,0.015868838721501497,0.016548346891095203,0.014402996826464128,-0.0012914118501881858,-0.001880176955433073,-0.0017826023482462382,-0.002110139392113757,-0.0015860561015785108,-0.0012273263926682214,-0.0016577583815435806,-0.0018847802105178514,-0.0009221393824396608,-0.0017045413999836683,-0.0013608467785375458,-0.0009019203673460312,-0.0019918778207070327,-0.0019450148113237123,-0.0016980102518920764,-0.002315174072867384,-0.0018449233644182478,-0.0017443466234484028,-0.0021001330992401306,-0.001871468288958638,0.016398899367943445,0.016725352699660204,0.01592048829429525,0.014512854592364198,0.017049808404918654,0.016501999465803555,0.015186409653477775,0.01682878606458656,0.016776698166295498,0.015122678727675249,0.01709251283577178,0.01662666127486595,0.014457634789823058,0.01663107351344821,0.015642486882742265,0.01413281666521452,0.016764532051046947,0.01582480347804874,0.014572785101294667,0.01573232515054718,-0.0003881187996251109,0.0005679663215800235,-0.001226789376897215,-0.0011432503354816032,-0.001599499782492911,-0.0017179600574517258,-0.0005443863093825507,-0.0012694584035617133,-0.0011267208790998024,-0.0015680974493752487,0.00023680009659054113,-0.0010802957838158976,-0.0008373133218376816,-0.001664318485550103,-0.0015282560815974059,-0.0025091069728612673,-0.002663173117249136,-0.0029474600953003152,-0.003862878442729894,-0.0020858871664261535,-0.002127242841484443,-0.002890814178598507,-0.0022752686010729353,-0.0017473334727938908,-0.0028601887254078584,-0.002054236525647874,-0.001933839788194673,-0.003624827938996852,-0.0025087179121521005,-0.0028835170999281473,-0.003883747073520231,-0.002168951823463082,-0.00241553011782672,-0.0031722288366661288,-0.0024481723774388963,-0.007942449864150332,-0.0064490959872792455,-0.007758413838942725,-0.00856211048653506,-0.008515492571943816,-0.008146405196105247,-0.00787795088556768,-0.007935075876632416,-0.007322227301217786,-0.008107501790472541,-0.0070076963812272805,-0.007727882362473651,-0.006952616480342239,-0.00817830442186417,-0.007836733705739866,-0.001366131787161579,-0.0007476202938494689,-0.0030984601562595586,-0.001977036911240424,-0.003036288385565276,-0.003537110579482715,-0.0012610812623643605,-0.002225832776938965,-0.002483371280538284,-0.002415250016353367,-0.000594818823104516,-0.002427064750127482,-0.0025228054272028316,-0.0028817599211133755,-0.002308912621315627,-0.006230062727859893,-0.007660306873172834,-0.006384264881037757,-0.008279817341525657,-0.007559622103641109,-0.006725778659046948,-0.0011315492984334066,-0.0018977601069330608,-0.0014203621152414961,-0.002816323269466888,-0.002020820764292364,-0.0012821620762774122,-0.002758242204882143,-0.0021149989280143653,-0.0022396220580393872,-0.0026254206972850013,-0.00140856455074549,-0.0005873516409827024,-0.002745477777768861,-0.0017062308107003276,-0.0026290470704261387,-0.002866408307579586,-0.0021052978702032327,-0.0030930281256317093,-0.0030688502081222587,-0.003015473906889434,-0.006311941808756027,-0.004103532230757578,-0.006066545447052596,-0.006858030466315896,-0.007469126521275161,-0.006338720110809022,-0.0069912369254659205,-0.0075928441118329245,-0.006199884664963715,-0.007679809316743377,-0.005395661859238656,-0.006831054673471145,-0.005338448620050981,-0.007163658040752845,-0.007564806924766856,-0.00012046943056764575,0.001197064852265288,-0.0016641022691704604,-0.0005892122729849539,-0.002214528863132713,-0.0019530509427037027,-0.0004890154330038424,-0.0023015996489529,-0.001778777565270165,-0.0023958019643457,0.0007599934899186302,-0.0017251966575087118,-0.0011196463725505648,-0.0020229410014620443,-0.0023860934978999914,-0.003949338094205104,-0.006171210950862414,-0.00417972801688494,-0.006717192292391389,-0.006616250430205166,-0.005255107099664793,-0.0036118760243380467,-0.0016971667592795758,-0.0040474319209007166,-0.004026243409015757,-0.005050424921017831,-0.004254168649026605,-0.0037628271733142287,-0.004867219782077027,-0.0038279392883775096,-0.004859131806174732,-0.002525799867933471,-0.004312920927661761,-0.003112241395862084,-0.004558981753870645,-0.004636767690720194,0.00453088452936665,0.0029553862943202383,0.005522890682352089,0.002561368222293607,0.002823162245766737,0.004214664119542914,-0.0014356908616736418,-0.003929117843808812,-0.0022299875510796772,-0.004343598357620924,-0.004044026069274686,-0.0028427430627276677,0.004669535649539354,0.012939435754567324,0.0008355492831334144,-0.0004861193806627484,-0.0006601816635835809,0.0014843615391033264,-0.00024710960835959645,0.002237847330932908,0.012488084445113798,0.010984128606084343,0.010847515243430356,0.013829809032362642,0.011238484549618209,0.012802363152024371,-0.0010768910281498333,-0.0008748275810387748,0.0006051450150012977,-0.000629609483596706,0.0011514791353523957,-0.0012985154722964124,-0.00023251386730192128,-0.0013065861662310155,-0.00020578168473107107,-0.0005328228142371322,-0.001364589443656423,-0.000343842120520347,-0.00032680020385916016,0.0020154142673834883,6.911737167444476e-05,-0.003806086292685422,-0.005290453992569122,-0.005266182070749574,-0.0026637612643547717,-0.004720958734313262,-0.0025020277847828264,-0.005749743768706372,-0.005260373511275775,-0.004279899395075928,-0.0049617691919991635,-0.002468989443286287,-0.0057595434431912465,-0.005065965668663155,-0.005665028907540038,-0.0038466420554813083,-0.005115742344754897,-0.005452599944734059,-0.0038223631978129484,-0.004825952892636657,-0.0019564201639617924,-0.0033522524824096387,-0.006237804253024309,-0.005712057446377928,-0.0038208426726880564,-0.005379911564529928,-0.003946362395512999,-0.0063526620582357385,-0.004806053016993103,-0.006265819914712692,-0.00566481138124421,-0.0048197083217788326,-0.006017120738920307,-0.005406740950982384,-0.004547919274477282,-0.0025875797815461056,-0.00486141054223258,-0.00638117535867267,-0.006359999439554902,-0.006458948394951096,-0.0054681333256154235,-0.006031792730614427,-0.0058683703656235665,-0.004942770372810457,-0.005910506565645491,-0.003746098545407765,-0.00464424447863529,-0.00591521220120302,-0.005602845544451203,-0.005477925551293514,-0.006048432232246629,-0.004567893333170946,-0.005383435279743227,-0.005981555809322176,-0.004581545683967013,-0.005134937974345744,-0.004291892678892687,-0.005168648403520388,-0.006126434133491246,-0.006720444763930032,-0.004765138200219866,-0.00610183093933573,-0.004673683242130654,-0.005560372967908412,-0.006010015193396149,-0.005593509645345234,-0.005554006569070261,-0.0037160264603073347,-0.00566703734985408,-0.005678877167309918,-0.005477059068834812,-0.0045091560339012605,-0.006610721835774529,-0.006164995068769847,-0.005102257461781808,-0.006170808399163101,-0.0038128717525922093,-0.004489603633324496,-0.006403174479284881,-0.006619079461660124,-0.005332639257518126,-0.0061693141419347924,-0.005450188961553301,-0.006673579634773682,-0.005826782289726657,-0.006501383143241461,-0.006444367428133424,-0.006524623194026439,-0.006955784781762015,-0.007002359952829232,-0.0061372116065933485,-0.004829903805544685,-0.00638359629128852,-0.005700060450624558,-0.006369769944511495,-0.005667312480137155,-0.005419786905832467,-0.006958355726023473,-0.006011781731675985,-0.005635490023599641,-0.006698687978063774,-0.005002469349609965,-0.005179696198055688,-0.006056779873811214,-0.004997097583760228,-0.005526430565671394,-0.0060875104760352875,-0.005321489756468787,-0.0053364882676457375,-0.0069374240404187605,-0.006018993565604548,-0.005790396290092316,-0.0055793787910939216,-0.007003383866651678,-0.007014967997602223,-0.006133250675998413,-0.006427950826438448,-0.005104095940720734,-0.007043506930931531,-0.006549240726306607,-0.0067432929376938485,-0.006014156271156523,-0.007018228305248651,-0.006949759179937488,-0.006491169293239709,-0.006524628836841145,-0.0047209068046147615,-0.005732203345000578,0.005710154918039414,0.004595591468584701,0.005803434014045079,0.006753193283377187,0.004274799823412419,0.005742575415733085,0.006741970492220919,0.004602591492618242,0.006792977054741275,0.00720744381596531,0.005150638729788734,0.006764359166710896,0.006817751054398178,0.005214926570052424,0.006543566155132775,0.007040646742891189,0.004658363894367611,0.0060803088594319574,0.0068367957369709865,0.006563053294651208,-0.007348450756531987,-0.007527593177481189,-0.007220616968448243,-0.007321560787812353,-0.007618396864664377,-0.0070487597165440645,-0.007296959794616524,-0.007293485101480985,-0.0061980718288521305,-0.006709796224380059,-0.007130005459584123,-0.006394159876846259,-0.007361699455653028,-0.007082986381772997,-0.006650247776773669,-0.007061399756279973,-0.0074123278979868834,-0.0070830849221419885,-0.007231731677617557,-0.0065894655131506575,0.004424191375513729,0.0065338494328206495,0.005848578330215776,0.004332681947026449,0.004948935878336882,0.00594184059411206,0.004116047641093095,0.004859184479267613,0.006111542077800294,0.005186758209020176,0.005657079995946558,0.005503766022790056,0.006902581538557141,0.005568030139649492,0.005242490752859343,-0.0007452076192157953,-0.0019436634856243595,-0.0018658682604468777,-0.00012915537534963353,-0.0014702191357846427,-0.00010420009388499074,-0.0018656093079744674,-0.0014474028870825504,-0.0012432422613576784,-0.001202054182216869,0.00036437849867399094,-0.001547280665175454,-0.001758252934639075,-0.001555352558710563,-0.0006700962293003229,-0.0018429132849825758,-0.0013973860223433986,-0.0005923910978387207,-0.001636639046620793,0.0004928472714862118,-0.0001793370297950584,-0.0022267740284665077,-0.0017724193309982216,-0.0007130791295844897,-0.0015563098235418858,-0.0008848957987935167,-0.002071294276833458,-0.0014381059693149678,-0.0021201337195428864,-0.002316437592101475,-0.0014867441706686209,-0.0019260712050754014,-0.002005770852708189,-0.0013098454342725197,-5.2998334042732985e-05,-0.0016100456692760621,-0.0015876281882243176,-0.0024655049971137434,-0.0017638092481087827,-0.001584937883772319,-0.0022078534141775404,-0.001263742811515667,-0.0011308469737196848,-0.0021696813515025355,-0.0007108917847403149,-0.0008855657086914712,-0.0017404414292813337,-0.0006832125660995538,-0.0012666860194521885,-0.0020027341771096476,-0.0012616442251861938,-0.0012747567134109336,-0.001982588818377541,-0.001310275639522149,-0.001080844292027609,-0.001104099567458558,-0.00853565965606406,-0.007791490830757668,-0.0071534907051834795,-0.007458688077800443,-0.006239422592314719,-0.008107330141008808,-0.007815804584436817,-0.00802032491587067,-0.007635746313748587,-0.00761226265151843,-0.007553985647232826,-0.007159965283818108,-0.007339766084106345,-0.005591321314000105,-0.0066137166297140825,0.0041226047254517405,0.002857827252609541,0.004045513413865597,0.004812025444925222,0.003398231986676951,0.0048450031514531535,0.00554687037596537,0.0035184595118269266,0.005449598610709535,0.005842615373377278,0.003836222731659659,0.005429823472397,0.005339179297543232,0.003704183014827632,0.004956850112373945,0.005432667700311299,0.003985348244058788,0.005157993767566615,0.005893152769106026,0.005445060337815083,-0.008378780017253118,-0.00880279371971203,-0.008505707369276293,-0.008911570480199055,-0.008220246627051023,-0.00766053221118656,-0.007932535468660722,-0.008128201160148821,-0.007077267530811929,-0.007599667681240378,-0.007977574598890156,-0.007251385761948758,-0.00848303808053116,-0.008152051817392777,-0.007974027399087485,-0.008395986990878925,-0.007831543445808069,-0.0075360356656092664,-0.007694983833017282,-0.007263541654635484,0.003101502049965663,0.005191627474533453,0.004401833632740816,0.002801964904395477,0.003352389949229857,0.004324758861701551,0.003423976010393553,0.003928371440212382,0.005159829467717254,0.004048541972573542,0.004539018613583855,0.0043303531487033295,0.005708733737432078,0.004198370482185904,0.004515207785360302,-0.007472812334152178,-0.007471718806976874,-0.007438061266036279,-0.007021592938535672,-0.006518860095256849,-0.007200507807927417,-0.0076073130089818666,-0.0070282264837547076,-0.00718827877481209,-0.008088959676783082,-0.0072656777321921774,-0.007529439179514206,-0.007700990426989667,-0.006608739577649605,-0.006910370544538555,0.0059705989191455745,0.004073568450202083,0.006002968516267297,0.006032656393553776,0.003706353550278079,0.005877547307159527,0.0060337361746640936,0.003963429350502879,0.005426971941971969,0.006484644642363517,0.004920355339746137,0.007201713988111482,0.006463253669298214,0.004889985069602683,0.0054330426241015264,0.0066511329926338845,0.0042643282832676216,0.00495714552912143,0.006416623958719225,0.005392260305100291,-0.006923747080595264,-0.008000783883810302,-0.006920416349372671,-0.007791118777393762,-0.008138378282538527,-0.006814032807918991,-0.007753816866372897,-0.007919449993465796,-0.0075029345062553624,-0.007303581057275563,-0.00731964000171614,-0.005882249937348729,-0.007518739550309453,-0.007379878794183046,-0.007708399083168344,-0.007346410708851466,-0.007779072289316861,-0.008153859467458049,-0.0075477248099821885,-0.007765874726702973,0.004749936298070474,0.007526043215843876,0.006108974355114405,0.004541062198739763,0.004427118308051398,0.00614133748174103,0.004289627414234745,0.00429112222621979,0.0062464539283875,0.004548023916911454,0.0061574860973952015,0.005273571038686194,0.007339854291571805,0.005243214198213558,0.00484872109140324,0.0029205994902459097,0.0014257419545767418,0.003047098257115863,0.002731735244115588,0.0015510875552726478,0.003432290259790654,0.002971368787140371,0.0018732103804521675,0.00274409617233295,0.0035527851251478167,0.00235820578758724,0.004402716212500733,0.0032298304713862134,0.002404812689118732,0.0026183912727369605,0.0035270835291607416,0.0022935646416778533,0.002404514065001012,0.003573386602335608,0.002893792847138086,0.02578284640835089,0.029174236152626702,0.02829197318997947,0.025693111780213117,0.026085387491319296,0.028383445643371506,0.02569277168507597,0.02620786109885618,0.02875945547420253,0.02652901757027614,0.027516870655796524,0.027155093144248188,0.029848415076079313,0.02721815193041895,0.027109337843989736,0.0019371620194387157,0.004478248040206217,0.0026051540746133976,0.0018162228969348297,0.0013253244958548445,0.002731691196866766,0.0020459628855044147,0.0014865769872639309,0.0031528319334111713,0.0018087129977589064,0.00350770678259132,0.0022578570724099906,0.00408768446902327,0.0023044673991439208,0.002229084278484399,0.02715598724239346,0.02612793468506587,0.029308205011479443,0.026038234130747344,0.0262628454900887,0.02786128736755017,0.012807800750699013,0.011304294406062771,0.011167722276150973,0.014149119847366234,0.01155857402660789,0.013122004552599011,-0.0009689477165553604,-0.0007669047515350592,0.0007129190150202808,-0.0005217113032556968,0.0012592008705943638,-0.0011905497662368675,-0.0001246551393377059,-0.0011986199368816302,-9.792409094864309e-05,-0.00042493402300081666,-0.0012566174373117424,-0.00023597056205213913,-0.00021893211639236005,0.0021230489449564436,0.00017694775026436536,0.011344835082238797,0.011580109207624248,0.013892321955508269,0.011793529017442678,0.012670702966352022,0.010964800308363571,0.012857642690729311,0.01091654415068138,0.010937770209246252,0.012596496708422169,0.010894775616240832,0.0110303128910051,0.012771070711810995,0.014225139717860172,0.011421239175302014,-0.0009070400737700064,-0.000507112216817747,-0.0010831134604250465,-0.0006884928836224944,-0.0004656739588127946,-0.000799179584261029,-0.0004505359474917427,-0.00042756892127470683,0.001244337157471105,-0.00020540987654765457,-0.00032260574036124275,-0.000542536897004576,-0.0009100411592251254,-0.0005845423677932603,0.0003712294954081342,-0.0009181101307764494,-0.0007802400654691085,0.00010702743009552827,-0.0009401142246001069,0.0003129313622843725,-0.006129338829895262,-0.0056036460161873235,-0.0037126220619665374,-0.005271534319421077,-0.0038381229269336256,-0.006244184809341914,-0.004697733742986683,-0.006157352729545311,-0.005556393176902065,-0.004711387602306751,-0.005908679030102887,-0.0052983527761003716,-0.004439626014546042,-0.002479476911287704,-0.0047530790259545696,-0.006489666279791801,-0.006468486255541559,-0.006567446369267236,-0.005576531850573251,-0.006140246277108439,-0.005976808141757411,-0.00505111495509416,-0.00601894790889634,-0.0038543243328684217,-0.004752560283973022,-0.006023654194747183,-0.005711256577382912,-0.005586327018275043,-0.006156887382158792,-0.004676201286720855,-0.005491826684016389,-0.006090004144102926,-0.004689855082763734,-0.0052433039288225965,-0.004400173247586124,-0.006189733434835892,-0.005356672408313008,-0.006316408880941585,-0.006504105082256105,-0.004992657262193484,-0.005689772642488374,-0.005744268738240646,-0.004900889497875008,-0.003636430685965031,-0.005412092228982279,-0.005075712218351624,-0.0056065508227454205,-0.0066190064086254444,-0.005249721361020353,-0.004855106024959365,-0.006532128602623422,-0.0051467744427471625,-0.0046351873343054234,-0.006049359833954366,-0.0043634283153700035,-0.006439643380446759,-0.005626666271375974,-0.006207870357669784,-0.006741801243873389,-0.005969790464560104,-0.006285633673858393,-0.006331229252787992,-0.005605560539537598,-0.005659001677607525,-0.005484319918138375,-0.005531127198634815,-0.005525155588132764,-0.005429652682772272,-0.005658330950115755,-0.005555343099750131,-0.006294692089936895,-0.0065105752767541806,-0.0052242651524435696,-0.006060855663625129,-0.005341804310304868,-0.006565069776264193,-0.005718357278440431,-0.006392890649219613,-0.00633588320269091,-0.0064161284303749025,-0.006847246993171459,-0.006893819187894823,-0.006028755603527242,-0.004721582184199518,-0.006275117951841182,-0.005808487498007267,-0.006478264877874855,-0.005775735999891218,-0.005528178810721685,-0.007066917179309603,-0.006120247203787834,-0.0057439036965635,-0.006807222983336916,-0.005110819554806904,-0.005288064331264817,-0.006165242554307229,-0.005105453756956616,-0.005634833378368069,-0.00619597672690414,-0.005429872842454815,-0.005444872365315473,-0.007045983265933353,-0.006127446363019846,-0.005898825614376315,-0.0056877870153996405,-0.005963093655456305,-0.0057858182160305275,-0.005959768819542758,-0.006612672314843662,-0.006140029710362754,-0.006070365559519869,-0.006792439485814494,-0.005921507237217557,-0.0052890490902563455,-0.006342610076262193,-0.005648001966209876,-0.005464358199973773,-0.00688312514403368,-0.005708141778445388,-0.005819303736518304,-0.006710898541072779,-0.006323652717791202,-0.0064809607839803884,-0.007129191802544508,-0.0060935724962310825,-0.006012039358004079,-0.0044524561659059275,-0.005667853445421525,-0.006223066429321282,-0.006120564361413181,-0.005635108541003066,-0.006694768880679969,-0.006474879554411723,-0.00574566921531924,-0.006215362288120953,-0.0051319595904370805,-0.005807667650247985,-0.004964954940661842,-0.005838388159421604,-0.006453960425872667,-0.007457041889534821,-0.007636199992246301,-0.007329193958916682,-0.007430145064686804,-0.007727012851784717,-0.007157318906513241,-0.007405543276692604,-0.007402067963894146,-0.006306542824057947,-0.006818318835736758,-0.007238572287332391,-0.00650265247328832,-0.007470289330510839,-0.007191548480453038,-0.0067587636622686645,-0.0071699583422260935,-0.007520922677657798,-0.007191644721135426,-0.00734030722826728,-0.006697975510112183,0.0041019360053191865,0.006212230826130691,0.00552677423600821,0.0040103996546588735,0.004626859028285798,0.005620062267065499,0.0037936786979412946,0.004537080585288635,0.005789816174525551,0.004864751663555025,0.005335195935361072,0.00518185590146055,0.006581093857214075,0.005246138032501957,0.004920502301772708,-0.007337598766062753,-0.0061009219028218325,-0.007775349900029499,-0.007459559278640089,-0.007737287760590603,-0.007647463052129963,-0.00744500616797875,-0.007791898119864292,-0.007439341626233794,-0.007466939902893066,-0.006295705645729473,-0.007339630740011118,-0.006820690591171636,-0.007292603465886978,-0.00758579937351849,0.005288675391196978,0.0044554745628761164,0.006350558729284562,0.004363973387763828,0.0043783877030755475,0.005688251200126657,-0.0021187149405119893,-0.0016644061500815715,-0.0006051726865578446,-0.0014483184762078927,-0.0007769646152053399,-0.001963250750368256,-0.0013301257389278067,-0.0020120853425136054,-0.002208355944175265,-0.0013787592083018866,-0.0018180424419005207,-0.0018977273991841247,-0.0012018783577812265,5.484843973151203e-05,-0.0015020421247187367,-0.0016956337673416169,-0.0025735991813858206,-0.0018718319387396164,-0.0016929453020132254,-0.0023159222421877805,-0.0013717158394858258,-0.0012388085174286716,-0.0022777460215616862,-0.0008188113222735383,-0.0009935025897449736,-0.0018484621640983269,-0.000791126968551537,-0.0013746614580719574,-0.002110782040077091,-0.0013696196583083385,-0.0013827326753860242,-0.002090634678788312,-0.0014182558043598584,-0.001188800659715519,-0.0012120590020221749,-0.001371315647942568,-0.0014162058703443036,-0.001599635751969526,-0.002491572314752303,-0.0011228142359996586,-0.0010636590034464454,-0.0018042699018187805,-0.0011025627051872782,-0.0005290112443988306,-0.0015881406365735851,-0.000866043721508544,-0.000693360855670848,-0.0023360348224092044,-0.001134574372032305,-0.0014865814956705821,-0.0023848923101578053,-0.001078461432251796,-0.0013025900443117016,-0.0019579358424859188,-0.0011257109086190058,-0.0017147642417620669,-0.00015964129955420872,-0.0014150033511878735,-0.002145220803188256,-0.002076630827188338,-0.0015911605661053482,-0.0017485405828302442,-0.0017830571511376827,-0.0010551800447382432,-0.0017449006717243048,-0.0006340834135808234,-0.0013518170610434853,-0.0005107154756315123,-0.0016140174356200775,-0.0015578783484083848,-0.008487472264156592,-0.008911527252507812,-0.008614412114843074,-0.009020330927475659,-0.008328921151174666,-0.00776915098001009,-0.008041189031590755,-0.008236866316624309,-0.007185834019330862,-0.007708286942679805,-0.008086224843927443,-0.007359962777232566,-0.008591755443469747,-0.008260719621140193,-0.008082690783483983,-0.008504694254655214,-0.007940178802657807,-0.007644647867934647,-0.0078036128862002075,-0.0073721262856495185,0.002778868151589227,0.0048696236187491405,0.004079581319406995,0.0024792425657409792,0.0030298254077005303,0.004002485690107281,0.0031014391415221483,0.0036059809730193916,0.004837809675458357,0.0037261876158685724,0.004216818374351444,0.00400808321905549,0.005386879143032324,0.003876061633812332,0.004192994627573181,-0.008192822976051867,-0.006965407428475091,-0.008863357946993826,-0.008548010585572672,-0.009070049701803027,-0.008990357035326626,-0.00788324522726898,-0.008252687611748378,-0.007910190508413049,-0.008160633675193887,-0.0069677455448470624,-0.008244521842900244,-0.0077353077980749155,-0.008419064206498784,-0.007863948783839416,0.004151481721969524,0.0032734659420016548,0.005148668852325928,0.0029739699744933483,0.0036317209828473068,0.00471077994896184,-0.007032293431012761,-0.008109438594674568,-0.007028962034504021,-0.007899750446770066,-0.008247046987596282,-0.006922567944438123,-0.007862444767075007,-0.00802809657609306,-0.007611536105923878,-0.007412163173408241,-0.00742822560094061,-0.0059906914486510966,-0.007627343875649617,-0.00748847084008948,-0.007817022483529204,-0.007454997647180536,-0.007887704824808571,-0.008262527187220023,-0.007656331499893516,-0.007874503593903483,0.0044277805052811234,0.0072047195852516475,0.005787244484973512,0.004218842126267387,0.00410488352531002,0.0058196180177748765,0.0039673109103137965,0.003968846181254908,0.005924765544158982,0.004225825965399107,0.005835754667017643,0.004951593266906985,0.007018494813306311,0.004921225890853261,0.004526613431813618,-0.00697651385364579,-0.005039374201161366,-0.007350478604555133,-0.007205682630185275,-0.00821056153363509,-0.007347145323856357,-0.007226336050599368,-0.008311953407434972,-0.007204532838637415,-0.008092994134877024,-0.0057349832990754865,-0.007529297756420401,-0.006308589978757505,-0.007589547798561095,-0.007952596783733128,0.0063559326284316755,0.0047811897467020656,0.007342859479459576,0.004572334757306455,0.004551902935066736,0.006188611688749041,0.0016141692052358684,0.004156025603949938,0.002282366704701718,0.0014931945666362024,0.0010021538469879357,0.002408945655229631,0.0017230033021502663,0.0011634550091291769,0.0028302147286895177,0.0014856891448745558,0.0031851867863020105,0.0019349673242870587,0.003765350599614066,0.0019815916551178354,0.0019061875243694207,0.026630196261950477,0.025601665931859505,0.028783531273896424,0.025511921847030036,0.02573664396380215,0.027335879952444558,0.0034340533954195108,0.0015137655502001442,0.0038409261898383774,0.0013927822757498023,0.001658499676299052,0.0030848989084794167,0.026974956810270782,0.012583535265970015,0.010866240405415058,0.010943117292158548,0.013712227516154545,0.011329187363899542,0.012684662841617731,-0.0010269343719910835,-0.0006090559630796118,0.000655022124904005,-0.00037677103920502527,0.0012013316713763462,-0.0012485482951949526,-0.00039833678131225047,-0.001269502902689292,-0.0003716028739644672,-0.00048289177484717936,-0.0011115784338732381,-0.00029391919003075466,-0.00028975008262665765,0.001849934245761692,0.0001061547698399955,0.010906797237992984,0.011355590162014222,0.01345532545683372,0.011564192324424885,0.012233176772516462,0.010526606912894462,0.012207011254217666,0.010473465158663296,0.010285890629545236,0.01215896925601197,0.010665248431372516,0.010592119759023563,0.012328755432834182,0.013575303514393743,0.0109783412084269,-0.0009650234440037708,-0.0007808903113041684,-0.0011539884684313867,-0.0009623225415350071,-0.0005236340927063466,-0.0006542016754662225,-0.0005084960068731915,-0.0004984008241362754,0.0009709997853735704,-0.00027622809345346334,-0.0005963358309142923,-0.0006133762123203052,-0.0011839274665612198,-0.0008712199035275176,-0.00011801897209422399,-0.0012048813177719475,-0.000851095512254434,-0.00016660021720507512,-0.001010981315755281,2.648882651761347e-05,-0.006247713052322857,-0.0055051465153590235,-0.003830726249815994,-0.0051779896519168365,-0.003956247843504539,-0.006362572073824545,-0.005032620356314542,-0.006280657197939189,-0.0058915866845137286,-0.0048296022244257745,-0.005815078923864744,-0.005416641710020806,-0.0045627322274991635,-0.0028136918201078797,-0.004876228826657934,-0.00620904370607949,-0.006404824157546238,-0.006299756897776994,-0.005512921431713204,-0.005859720320698962,-0.005492455417406068,-0.004770870672938533,-0.005751397367996117,-0.00379081502566264,-0.004485317649487426,-0.00596001833371974,-0.00544378037556001,-0.005522714874399322,-0.006106192407712257,-0.004829279778318787,-0.005441160553243496,-0.005822436455913949,-0.004626296834013784,-0.00497593827188887,-0.004349557361847821,-0.0063081136823995645,-0.005691765656909955,-0.006439731763062973,-0.006839604980597242,-0.005110903067380616,-0.005596191630833736,-0.005862606362522376,-0.005024048604966131,-0.003971007865568338,-0.005535317939555177,-0.005410717798059742,-0.005729790885526311,-0.006954543034961046,-0.005589706916561074,-0.005406860555975464,-0.006872565096999562,-0.005269962024746296,-0.004970075219511146,-0.006172659049713417,-0.00470315368251862,-0.006375982964752097,-0.005359211106387117,-0.006144221239059925,-0.006691079690209968,-0.006123053860884366,-0.006234931155893316,-0.006063600882740526,-0.005541948237344172,-0.0053915332309807384,-0.005433654644773515,-0.005480460771548362,-0.005678355605725777,-0.005378989562926422,-0.005824494659336789,-0.005504674662359305,-0.006413085024271578,-0.006411992579331901,-0.005342538643607312,-0.005967241131458989,-0.0054600894501087615,-0.006683493009333103,-0.006053572022141831,-0.006516223962452368,-0.006671281757542165,-0.006534535013238639,-0.006753564255211603,-0.007012276540159386,-0.00615204731985556,-0.005056476083308358,-0.0063984351372850115,-0.005528030032993171,-0.006414598017807017,-0.005508229084158345,-0.005464572269530713,-0.00678611226131992,-0.005635770992921595,-0.005463480814161379,-0.006539442496234762,-0.005047237422200005,-0.005020693363012191,-0.006101594574610095,-0.004838112034744573,-0.005571220452007366,-0.0061452766194852945,-0.005583057641705823,-0.00539420958266644,-0.006778143366536017,-0.006063804177396866,-0.005631304553862822,-0.005637113303205113,-0.00608144980799295,-0.006121052891769959,-0.0060830518505134955,-0.006948158111611798,-0.006258405969938857,-0.005976749941353632,-0.0069108855018455125,-0.006044786658564383,-0.005624119480954106,-0.006465934587241579,-0.005983192539206057,-0.005587584962871504,-0.007218696225844248,-0.006048279816030837,-0.00637148840851957,-0.007051346834949575,-0.006446978567985029,-0.006816405661380395,-0.007252606751665481,-0.006433825910288608,-0.005948400354104722,-0.004185275702405829,-0.005604238551918441,-0.006172365031899505,-0.0062738468684550505,-0.005584437360475306,-0.006427016214840681,-0.006411216764551865,-0.005478185748595599,-0.006164664393197504,-0.00508130835635533,-0.0059609045514886294,-0.004914314270165754,-0.006004577396925903,-0.006403251563917249,-0.007236329690677496,-0.007632658673272521,-0.007113441744081348,-0.007426604060737287,-0.007506250688113862,-0.006724537751634605,-0.007184846522941635,-0.007186304166313085,-0.006303003225768481,-0.006602674077732804,-0.007235031462040379,-0.006287066987755619,-0.00746674822581516,-0.007192939464604556,-0.006972287892538057,-0.007171349256147729,-0.007305135338833692,-0.007188104029456321,-0.007124557887267988,-0.006699365250245792,0.004512467289327359,0.006823509287936698,0.005936727510130167,0.004408155908761448,0.004822472817392552,0.006017195079302091,0.0044063853804337996,0.004947417947907077,0.0064012989414724145,0.0052621668225649905,0.005732459498957964,0.005377367205655286,0.006977867090543029,0.005428842975848083,0.00531789507859831,-0.007334057817729835,-0.005885416604840294,-0.0077718083980590925,-0.0074609509177350885,-0.007951008762393783,-0.0076488551439885125,-0.00722923320356233,-0.007788356675830434,-0.007223572606771613,-0.007468331531114815,-0.006297094428161089,-0.007553272235308569,-0.00682208063540727,-0.007511168394492835,-0.007587191293332443,0.0056859567615577,0.004651120400766149,0.006747417908956613,0.00454682886993923,0.004775982988302872,0.0058708795718479785,-0.002236640968732275,-0.0015662638172777071,-0.0007229303414459063,-0.0013551056801725727,-0.0008947494727458861,-0.0020811596121620706,-0.0016639601088553268,-0.002134912414822683,-0.0025425049178722336,-0.0014966034669027716,-0.0017247974678126852,-0.002015636103855844,-0.0013246127551090996,-0.00027857167328906233,-0.0016248180723845704,-0.0014162658195263369,-0.002510166912866696,-0.0016053083422484687,-0.0016295638198554894,-0.002036390792982502,-0.0008894322123011905,-0.000959554399825395,-0.002011119435393279,-0.0007554812816857481,-0.0007271894445352121,-0.0017850728904354898,-0.0005248689926116735,-0.0013112986953627934,-0.0020602716556774666,-0.001522227659522885,-0.0013322548603798183,-0.0018240542315377838,-0.0013548902746189824,-0.000922439716770778,-0.001161588668861309,-0.0014891586170485737,-0.0017500667505666366,-0.0017224153134012472,-0.0028258101717755627,-0.00124063076263679,-0.000970478821540049,-0.0019221681022988345,-0.001225285668603688,-0.0008626133867846759,-0.001710926324425541,-0.0011997325075227816,-0.0008160373932297258,-0.0026702243451313195,-0.0014732573358360085,-0.0020366045098149403,-0.0027240125644847563,-0.001201181704084561,-0.001636435871280727,-0.0020807641935259398,-0.00146441191427512,-0.001651382624289003,0.00010646169532226314,-0.0013516382335659563,-0.002094708827626349,-0.002229339045138197,-0.0015406734170100148,-0.0014820450725242702,-0.0017196698866445478,-0.0007888511543082461,-0.0016944059956130666,-0.0005836407060233351,-0.0015044214228022343,-0.00046027738462782637,-0.0017795514456200327,-0.0015073921913647417,-0.008266556656380217,-0.008907984402114502,-0.008398407547335845,-0.009016787421872265,-0.008108041240676135,-0.007336133040458008,-0.00782035113757996,-0.008020939972752588,-0.007182293097617953,-0.007492451176770136,-0.008082683026103517,-0.007144210548878274,-0.008588212468268694,-0.00826211320926848,-0.008296507968420545,-0.00850608863391694,-0.007724311325099056,-0.007641106390498803,-0.007587757775095495,-0.007373517769483233,0.0031898845532359957,0.005481635474475613,0.004490108758654999,0.002877543306561051,0.0032257389171290395,0.004400230695157547,0.003714465604858986,0.004016685447896403,0.005449851846723256,0.004124033068647729,0.004614473173706687,0.004203815638765716,0.0057841062938300955,0.004059004376077459,0.004590665392126045,-0.00818928102795067,-0.006749734122789867,-0.008859814659384206,-0.00854940487994356,-0.009284065446245856,-0.008991752612989042,-0.007667387823561524,-0.008249145374471542,-0.007694314344290675,-0.00816202709957332,-0.006969135958592825,-0.008458371928223763,-0.0077367002699592,-0.00863788685969254,-0.007865341479531832,0.004549162299068524,0.0034693343751166623,0.005545984608730034,0.003157067218590116,0.004029602421278817,0.0048935794489876035,-0.006811671385317191,-0.008105896678575778,-0.006813271673982353,-0.007896208854509553,-0.00802617873728794,-0.0064898823994207116,-0.00764165866553667,-0.007812206895334854,-0.007607994906742129,-0.007196400870422823,-0.0074246845499542705,-0.005775206874030872,-0.00762380261980333,-0.007489862554861246,-0.00803076044244822,-0.007456389257390327,-0.007671842892215317,-0.008258985159052906,-0.0074405206530397784,-0.007875896231610526,0.004838184221474326,0.007815436539394486,0.006197102633183942,0.004616521400770667,0.004300594384959181,0.006216678001634317,0.004579917773315476,0.004379404095887808,0.006536176882610558,0.004623477933111983,0.006232829404234726,0.0051471461655624995,0.007415109425154927,0.005103985735202734,0.004924153690341607,-0.006972973357200739,-0.004824078488256023,-0.007346937697637099,-0.00720707364914873,-0.008424377761916135,-0.007348536663512373,-0.007010606405740034,-0.008308411304548279,-0.0069888113570945095,-0.008094387311318722,-0.0057363706921236685,-0.007742976581180237,-0.00630997877030541,-0.007808173372255285,-0.007953989616048084,0.006752813272238748,0.004976774426281109,0.007739353823049455,0.004755154754197729,0.004949433412944774,0.006371153022999821,0.001966008351106939,0.004716892457485632,0.0026339818541361204,0.0018401742231896822,0.00113875650826796,0.0027556204795890662,0.0022851560435985067,0.001515434992325312,0.0033917702476660276,0.0018326640009418823,0.0035316184305327594,0.0020714509580559578,0.00411158163592345,0.0021131722319811543,0.0022530253636198114,0.027371222612292634,0.026145462570268344,0.029522969233603417,0.026043240781456176,0.026478254661451643,0.027866273648307044,0.0037804054098680854,0.001650302970110779,0.004187132547017013,0.0015244354604562267,0.0020054192983604844,0.0032163429113735535,0.02750553443971529,0.011226985630837138,0.011675643369923236,0.013774747305026707,0.011884182419252813,0.012552988377743442,0.010846909808581683,0.012526810006920516,0.010793783533556842,0.010606305633936313,0.012478781936410692,0.010985509004674,0.010912422325117983,0.012648516663206901,0.013894709435524472,0.011298527345362805,-0.0008570914354132066,-0.0006729768420045851,-0.0010460379296063406,-0.000854388696417969,-0.00041574591660058566,-0.0005463007498291799,-0.00040060798938224327,-0.00039051536064653073,0.0010787390439128612,-0.00016836327920729472,-0.0004884413351477888,-0.0005054795602833542,-0.001075971229714542,-0.0007632968921595408,-1.0169700316072145e-05,-0.001096923121525508,-0.0007431744999887196,-5.874622190821143e-05,-0.0009030427089683676,0.0001343235614743868,0.011751815262388767,0.0127615504711961,0.01152140784475834,0.010646877238059833,0.013051154142681742,0.012050932658018976,0.011324932521411205,0.013066185286999472,0.013637835361872633,0.011533553586580618,0.012771794801705396,0.011883629085496753,0.010266546000720283,0.012501804924971148,0.012160860090940728,0.010213384975816708,0.01255720964309106,0.012341622541781538,0.010634528360166023,0.012511389795680993,-3.132907576066582e-05,0.0004492750650176995,-0.0007924864430685486,-0.0004739775486109648,-0.0003925936551715899,-0.0009814256027705166,-7.791794383064255e-05,-9.94717082703111e-05,-0.00044574507554388223,-7.424860204025425e-05,0.0004959814730237883,-0.00020810377357815426,-0.0004408887412983981,-0.00048289071060126526,-0.00042681055100277245,-0.006199641675379044,-0.005583356798168512,-0.006331246891825402,-0.006731064994979687,-0.005002552953172377,-0.005487792474989506,-0.005754172928418666,-0.004915707413952603,-0.0038627653149975716,-0.005426918299285036,-0.0053023371957646665,-0.005621378673473083,-0.0068459912105639465,-0.005481308418001778,-0.005298466879925601,-0.0067640229441868205,-0.005161595852528494,-0.0048617325266344085,-0.00606419492373945,-0.004594838056059347,-0.006484471448004362,-0.005467597668069783,-0.006252690411369218,-0.006799599487441867,-0.006231518929471258,-0.00634340882631744,-0.0061720580429054294,-0.005650354515204961,-0.005499925193573904,-0.005542050172413466,-0.00558885891109632,-0.005786775864888692,-0.005487380315493669,-0.005932929517063949,-0.005613077177213159,-0.005083554757265979,-0.0049024121844637785,-0.006791497556211743,-0.005442645512181207,-0.005957858761678776,-0.006923189572234553,-0.004779774857104881,-0.005143059096211725,-0.005845243132748232,-0.005056196632095974,-0.00440819741966962,-0.005676706105677724,-0.006212835336889649,-0.005855761720956688,-0.005302132624367723,-0.005329648648418305,-0.006202681754420265,-0.005402805916200219,-0.006517734726330139,-0.005854198652492113,-0.0053072860736702214,-0.005972999633613649,-0.006012598440532105,-0.005974601937367242,-0.006839622730724295,-0.006149937563230346,-0.005868310562934004,-0.006802353884619331,-0.005936339910196319,-0.00551571799169602,-0.006357448290353468,-0.005874752304008541,-0.005479184411316502,-0.0071101333558779185,-0.005939832744309868,-0.006263010446996319,-0.006942800938516879,-0.00633849108777121,-0.006707883468877973,-0.007144041114764077,-0.006325342089466582,-0.006056852239539021,-0.004293550262941383,-0.005712649261587148,-0.006280840113016563,-0.006382325446659055,-0.005692845988865114,-0.006535523955128,-0.006519709302750382,-0.005586583848330852,-0.006273131956934439,-0.005189672766666741,-0.006069350885137743,-0.0050226555678844365,-0.006113028746328091,-0.006511743323787617,-0.005098565509675286,-0.004203471061014821,-0.0065078629915575606,-0.0053322597934354005,-0.006330502379610917,-0.006509463974775228,-0.005352878030490314,-0.006431715997396781,-0.006366961450623947,-0.006218066325599235,-0.004405419628938078,-0.006192617311929931,-0.0060138128317460205,-0.0062577164984272795,-0.0066203153228579234,-0.004339201687637294,-0.005916170664009829,-0.004369747507398469,-0.0061401146440245085,-0.006160747668099701,-0.005049158079660477,-0.0074426454361714465,-0.005993857930870801,-0.007880440359158965,-0.007569550929874051,-0.008059656413485683,-0.007757473358348083,-0.007337810005369186,-0.007896987894163807,-0.007332147420235513,-0.007576930021826941,-0.006405577551046281,-0.007661879877221398,-0.006930614408284863,-0.007619771708524335,-0.0076958017037567755,0.005364081309406979,0.004328953995604966,0.006425883723030441,0.004224631280599179,0.0044538538808599195,0.00554908004500061,-0.00582916865966163,-0.007760943429407234,-0.006528731220509487,-0.007887882731719857,-0.00761987489269959,-0.006723589825713801,0.005502571974576226,-0.0013811737074954109,-0.0016420551009162499,-0.001614407094952235,-0.00271767696632537,-0.0011326698141545042,-0.0008625456197660826,-0.0018141330511628174,-0.001117327102087378,-0.000754685109305663,-0.001602912713400837,-0.001091776326652116,-0.0007081195545245717,-0.0025621067181454123,-0.0013652737577773053,-0.0019285502479198147,-0.002615889680283921,-0.0010932254986968167,-0.0015284290481126304,-0.0019727131539161846,-0.0013564225823108412,-0.00175939479008387,-1.3737495918173562e-06,-0.0014596222050138044,-0.002202766152228835,-0.002337411596017617,-0.0016486759321467643,-0.001590040498118892,-0.0018276916932334218,-0.0008967786580879388,-0.0018024250844104765,-0.0006915452160574959,-0.0016124205455797208,-0.0005681716407047774,-0.0018875791261947796,-0.0016153924822033263,-0.0003378953144909592,0.0005430905526468279,-0.001969765123649633,-0.0007677443253283168,-0.0020146886815016153,-0.0022031549965383203,-0.00011989064687445411,-0.0012724331598248438,-0.001218175117699262,-0.0012570864182330187,0.0005788913283728169,-0.0014641491536160696,-0.001296260479188249,-0.001737775586623557,-0.0012329802724603163,0.00014786997403038978,-0.0014787485279010074,6.319694735371843e-05,-0.0019220113741021368,-0.00127344338521907,-0.00041115744790250913,-0.008297952776338921,-0.006858260495851665,-0.00896856945301579,-0.008658112833839203,-0.009392861563711911,-0.009100520321489529,-0.007776007371785393,-0.008357829739061231,-0.007802943348200492,-0.008270702499136388,-0.007077685169438885,-0.00856708468071369,-0.007845340128866306,-0.00874661759165232,-0.007973987074322847,0.004226964257614529,0.0031468056950724804,0.0052240814008687785,0.0028344458577435295,0.0037072420304912167,0.004571479947852144,-0.006519910197393877,-0.00867374366278176,-0.007450555947853616,-0.009034074361467402,-0.007917048334964531,-0.007452898468028563,0.004506164994275805,-0.007081524554225435,-0.004932413730913537,-0.007455524850923629,-0.007315648407988431,-0.008533073335716616,-0.007457123554802108,-0.007119161281193746,-0.008417095251453675,-0.007097362112112607,-0.0082030495354473,-0.0058447964357118565,-0.007851603004913275,-0.006418461429557206,-0.007916806650281867,-0.008062637790150061,0.006431261692801916,0.00465470755397114,0.0074181144882709635,0.004433019358340674,0.004627356682866437,0.006049506061285467,-0.004684662453235822,-0.007399722957042393,-0.005466784803549444,-0.0076339112282190515,-0.007401173550082546,-0.006162651638899564,0.00656954726999685,0.0034579668621548703,0.0013272301126318316,0.003864829153053607,0.0012013258766081169,0.0016824542838652,0.0028937418476605377,0.026979953003449283,0.0031426699690252453,0.011283271060486115,-0.005920971273222152,-0.0062927649470006786,-0.007282708627319714,-0.0053820645021263784,-0.006922961179603867,-0.004772828003328818,0.011134720562554021,0.010366163615403691,0.009622073654626319,0.012328757445834492,0.009932487159176813,0.011005702427205022,-0.006566623371658697,-0.007212858039553553,-0.005992981595294066,-0.007033578664442854,-0.005546485253428495,-0.0066458973682398505,-0.005859010562336022,-0.006732890620205958,-0.00615203694876115,-0.007028832331592708,-0.007640908921297997,-0.006907579269494944,-0.00689712744106731,-0.004791168643827851,-0.006548002011143219,-0.0022397836630053433,-0.0030120356359053203,-0.0035368051961996902,-0.0012481968041011295,-0.003092868132233555,-0.001463767490250632,-0.008322965578110532,-0.008706094445438213,-0.007941269902078732,-0.008430696490429209,-0.006373435294982159,-0.008129870604578865,-0.007770336293659671,-0.008145369342800591,-0.006984938737688944,-0.008636268307841814,-0.008767322907814413,-0.007511649489160174,-0.008401487541899741,-0.005872817012091775,-0.007079142957242703,-0.0035709249443530377,-0.0037187336775275142,-0.002096421141155929,-0.003443091308145262,-0.0025206131974036755,-0.003541876654523493,-0.0023340455207312453,-0.0035671870013209706,-0.0033291112319430187,-0.0029621589241511904,-0.003952823145496444,-0.003817950257329225,-0.0027728791887373064,-0.001312820612457176,-0.0033739044385195133,-0.008447223252035719,-0.008746890972760766,-0.008620380243091112,-0.00818184656361373,-0.009269046310303732,-0.008898131809823876,-0.00833028700964095,-0.009214939376409175,-0.007348638640088384,-0.008055019426652103,-0.008157379498827874,-0.0076242163591274505,-0.007988788907396608,-0.008369902832824495,-0.007412125160489773,-0.008004283564063196,-0.009153892787099126,-0.008043171370216044,-0.008391485702672726,-0.007808548584381147,-0.0016867063832203973,-0.0017103981407903814,-0.0030902466582703944,-0.0014390691166295787,-0.0025443913033930308,-0.0025770945480717684,-0.005469277425918735,-0.007338432249663362,-0.007147577414377071,-0.006914814224216264,-0.006705833078622628,-0.005421127467043124,-0.005651230094207937,-0.005252635500342187,-0.006554160292652504,-0.008068269240431428,-0.007405920504777378,-0.007940895808078755,-0.007599193693668667,-0.00683953438487959,-0.007324951203797048,-0.001667346466719293,-0.0027046594714851924,-0.0017318420473473389,-0.002338608995909761,-0.003033023341658082,-0.001793685083395062,-0.0012119009137416103,-0.0016699587220431497,-0.0032897752426282612,-0.002793456511838476,-0.002990625868146306,-0.0044385451127519435,-0.0024495942082184315,-0.002568811270108465,-0.0038919183168910996,-0.005157469392115639,-0.006079397506425702,-0.005180548734209584,-0.007134750071398331,-0.00811875614102254,-0.006955293904529348,-0.00817797925627884,-0.007904744707335407,-0.007769649883760221,-0.0077539772283125585,-0.005651605980386841,-0.004390673301609605,-0.0070865006815088475,-0.0056423281822242655,-0.007099891261232198,-0.006917672750581561,-0.008040772773234933,-0.008690989700410006,-0.008245524833628932,-0.008221570102380208,0.0006923789469459865,-0.00010324065107162619,0.00045490616765448105,0.0003797963838454903,0.0002292704142312712,0.0008364813427926453,0.0009698741026093015,0.0010081562605704748,-9.288298743926032e-06,-0.0002819310373453711,-1.3443456527684728e-06,-0.0009493559984646366,0.00013811344409973795,0.00047915856804172985,-0.0003093542661919278,0.009161440822858111,0.00777529727279887,0.009175321796159739,0.007845839508410094,0.0060570608530206025,0.007700347261420325,0.007055783029393703,0.006351679285871033,0.0069308506338995705,0.0075116571993422065,0.008481191851219047,0.010280040215489146,0.008150459321487682,0.008524019950215378,0.00761529295885094,0.008308357152193628,0.006526418399412568,0.006371252898652475,0.00730584351504382,0.006855290259775179,0.0008368177880489753,0.00031656291504832536,0.0008522098094632495,-0.0008829072056140389,-0.0005942222832409715,0.00018412993729227385,-0.0014473125168324816,-0.00035333407324279135,-0.0006725317563668744,-0.0009635856762685009,0.0008536294499202158,0.0017920274346894432,-0.0007385604884744281,0.0008527415446504381,-0.0003891617354773689,-0.0005666073829342876,-0.00034019021537773646,-0.0014102561393441434,-0.0013452681849647668,-0.0009897038120649632,0.008050282208773626,0.010342746500607822,0.007524068773400549,0.007903965653205417,0.006349702632081484,0.007537957604849477,0.006278702922371312,0.005444154473554021,0.006874268069625894,0.005738979010000594,0.00934218940810321,0.007056811221342727,0.00864480052844181,0.007099722220929613,0.0059138391980421215,-0.0013338657845003992,-0.0017873430694781754,-0.0023236857606982035,-0.0008947282506774552,-0.002009841740944437,-0.00114027754660656,-0.006561789699860196,-0.006990881613773217,-0.0070462818569249795,-0.006811638886023497,-0.0055416562512677955,-0.006098618767774093,-0.0065865320682190285,-0.00618556692733023,-0.00582187285893648,-0.007539943698882005,-0.006875970422755609,-0.006360200658932614,-0.007408178265010182,-0.005517919495428993,-0.0060008054779232866,-0.0017631658079417516,-0.001957202373296684,-0.0011948514150179601,-0.0018115834958787646,-0.0016144767498296577,-0.0014763827762256055,-0.001115997629310174,-0.001584284268135129,-0.0021040810148662582,-0.0018313626587342857,-0.0020385679487657663,-0.0026045347680280074,-0.0017409974497620538,-0.0009593377533871906,-0.002290616105383821,-0.005853666577582865,-0.007022725457134326,-0.006120875109280171,-0.006421010702879073,-0.007597905138539257,-0.006432998731569881,-0.006615890322978094,-0.007679947874787009,-0.006454260271777382,-0.00643673213289223,-0.006167917426010298,-0.004904040311033679,-0.0059579291945992315,-0.006495403708630702,-0.006228788396576132,-0.006044860401787519,-0.0073477145617349875,-0.006947582544008182,-0.006501033480354764,-0.006815903988244498,-0.005057926383015004,-0.004989226454929545,-0.004627592276799238,-0.004713247519813313,-0.00400612020966325,-0.004487225282507721,-0.004540831438564173,-0.004512559468535169,-0.00449081677670407,-0.004953517993695673,-0.004681880116363115,-0.0047635240995432485,-0.004763896413583866,-0.0035174678646203127,-0.004319082234088721,0.0028540277477340946,0.001295756706481115,0.0026827024009431774,0.002900858606340808,0.000994645011660873,0.002623806725358858,0.002969047000181954,0.0010482524837242264,0.0026804503682687475,0.003241446132436165,0.0024179139151686707,0.004205620603203292,0.0036294391348208788,0.0022074912447239818,0.0029402212507391814,0.003614200979455761,0.0016472843065239709,0.0025303635844606616,0.0034461164842820645,0.002762703018829567,-0.004494361126889673,-0.005216577760961358,-0.004688258647644665,-0.00537556701754668,-0.005286186380917723,-0.0045145128821057826,-0.005270723456011993,-0.005265158388787242,-0.004692352282268465,-0.0049946754754072835,-0.004262380872517858,-0.0033294648641147557,-0.004804708358733843,-0.004495507076588208,-0.004641690160417747,-0.004830050040345157,-0.004826026871932773,-0.00501829085014357,-0.004963301500447007,-0.004828661901507465,0.0019655861667709877,0.004249947114805387,0.002992998951477356,0.0015760810647022206,0.0016503954305401103,0.002821706627013121,0.0013909717859230128,0.001581236603209428,0.002994248046932399,0.0016348088512320486,0.003446007785484501,0.0027721114472756916,0.004344332504918119,0.00256177190847637,0.0022334366630128374,-0.001938013510691471,-0.0027593809403215703,-0.003026397944745419,-0.002393310515455895,-0.003304102473658142,-0.0015243883110063474,-0.0021815848083372967,-0.0014006935789256387,-0.003236363073638652,-0.0035482448431553783,-0.002504839060464798,-0.004168533962636834,-0.0032041406519107995,-0.0035399365871509447,-0.0036220418694981756,0.007302003967450776,0.0052006444903415884,0.00727914300831448,0.005137681830796472,0.0034013723490318253,0.005743482150215821,0.0043219248459059854,0.0036130150397322204,0.0035330148997254813,0.00474096982630158,0.0061600059687615455,0.008594823137692621,0.0057218328742807655,0.0061688982350534514,0.004517278502419229,0.0058885702624535685,0.004015875137915643,0.003159273053979539,0.004792110366232485,0.0036232075570387908,-0.0009650435174890224,-0.002299984870814075,-0.0010207941502884817,-0.0035177743023696857,-0.0032897816296423824,-0.001748045537796414,-0.0041072165619978965,-0.003158578492989309,-0.004158067118327488,-0.003740629653792326,-0.0014793131414980413,0.0001426273192204263,-0.003103444603102994,-0.00151086066599739,-0.003545329750386971,-0.0029795334970431956,-0.002858024165327203,-0.004680555601562791,-0.0038523163430319346,-0.004336029876558597,0.006283338957028107,0.00921129711413435,0.005661060878974923,0.006040804856324825,0.003770667707784968,0.005638162599143952,0.004383836492376831,0.0027866341896933787,0.004915658448876877,0.002998427784645529,0.007772951510246513,0.004731674915907673,0.006956349213724891,0.004740616948264045,0.003401560862678002,0.011795625957910295,0.009999945894665673,0.011810885126368931,0.009882257654639017,0.009311756918857573,0.011363684668277932,0.009537311167270355,0.009550446249409202,0.009021978397154547,0.01001605013216199,0.011065835403576432,0.013273620073283662,0.01055920491546766,0.011064916929660235,0.00962350876042865,0.010729444641084118,0.010097658664525819,0.008825752720808537,0.010172520091240006,0.009242325327540794,0.03012259218381012,0.03362741164669118,0.03066909105673156,0.029979199793873243,0.0282553154680109,0.030682941333795746,0.02860442653979637,0.027579763272981273,0.030244652050829057,0.027868433164640525,0.03191121951233953,0.02947255408064199,0.03228897130770587,0.029514419758254442,0.028564804503106687,0.010929284208222914,0.013628779342739952,0.010239146351159495,0.010750949756012484,0.008654394635831422,0.010254427808601316,0.010155671735879352,0.008195061102497877,0.010035823206075642,0.00843403662416128,0.012557656880647222,0.009721871854364402,0.01171963879672352,0.009720957176828192,0.008981910795142671,0.03183845279938558,0.02873501793050298,0.03203649513745185,0.02859138859879966,0.028007025818851804,0.030526663485313823,0.01145484664719453,0.010686521042152949,0.009942652564785989,0.012648523530247814,0.010252974262410038,0.011325862041182804,-0.006458119907955972,-0.007104282264704962,-0.0058845288707704375,-0.006925020830761531,-0.00543809060276927,-0.006537386073480824,-0.005750577920148097,-0.006624370380841416,-0.006043581374469205,-0.006920274019128135,-0.007532289849489221,-0.006799048134895704,-0.006788582006597331,-0.004682850956317799,-0.006439506993910086,0.011030626389767007,0.010625375794016552,0.012671947669836085,0.010769308726559903,0.011177320280857517,0.010780352275271753,0.012430041319665444,0.010673660655438632,0.010373210325491307,0.011510414616459833,0.010010918374088231,0.009664763729062142,0.011599738779217033,0.012584460836875372,0.009975158836906344,-0.0059669400730241705,-0.0058610669894098655,-0.006234176880040098,-0.006317360903097033,-0.006652576231308041,-0.006763390336481683,-0.00672923719160783,-0.006734534780965931,-0.005293292695851975,-0.006550060309792763,-0.005549080585395175,-0.005559117763915435,-0.006396612025180213,-0.0058763741500222405,-0.005393163658807581,-0.006483579368575605,-0.006945240343371512,-0.0063283317730390785,-0.00715704129362286,-0.006196726560166316,-0.003462727800622571,-0.003610521659354285,-0.0019883727414506205,-0.00333490792158484,-0.0024125246672931206,-0.0034336824804220316,-0.0022259730166164886,-0.0034589901026798034,-0.0032209407804194186,-0.002854023834534347,-0.0038445879738460663,-0.0037097303475727866,-0.0026647626766776395,-0.0012048529015864587,-0.003265729789849565,-0.008555928094120596,-0.008855625639004024,-0.008729102751067223,-0.00829051792733678,-0.009377840833891045,-0.009006889566399003,-0.00843897334550275,-0.009323728594231745,-0.007457226165554161,-0.008163678097931963,-0.008266054415254978,-0.007732837588800413,-0.008097440698210634,-0.008478599387066457,-0.007520718910282089,-0.008112937762522735,-0.00926267573000418,-0.00815182815661031,-0.008500178415512205,-0.007917181852184312,-0.0031162925812388558,-0.0025759179938334483,-0.0033099433142012046,-0.003779928128592159,-0.0028615939487844845,-0.0033527577748557248,-0.003891684464002897,-0.002840609969565719,-0.002053026222937658,-0.0036160018112290867,-0.0021642257084441233,-0.002493228555719564,-0.0037508746795712903,-0.0023969004755675467,-0.0023266606104373486,-0.003776189786433934,-0.0029430289507133343,-0.00291871197006733,-0.004125806284261648,-0.0027294434616539362,-0.008396792342279405,-0.007362211561592558,-0.008414764205380218,-0.008790091589141267,-0.008496988147601223,-0.008587905248801595,-0.009195203539777558,-0.008784240863671538,-0.008630938032092375,-0.008730164386966563,-0.00744493559602542,-0.00790765029905472,-0.007591832981729908,-0.008120110817959072,-0.008669153446535422,-0.0015593658319624582,-0.002596567843158843,-0.0016238474981188843,-0.0022305540062474735,-0.0029248804105826026,-0.0016856918042087846,-0.0011039657971209749,-0.0015619783170605197,-0.0031816060103961657,-0.002685354429457684,-0.0028825051940351907,-0.004330261280001029,-0.0023415270128555403,-0.0024607149867537773,-0.003783689345030176,-0.005265801381468426,-0.006187822310892046,-0.00528888262757982,-0.007243322948234854,-0.008227422343162035,-0.007063841912028869,-0.008286664073836958,-0.008013388533821867,-0.007878292598649687,-0.007862618800643477,-0.005759987525861898,-0.004498928226310322,-0.007195068253572126,-0.005750706174249641,-0.007208459679463608,-0.0070262225405014625,-0.008149431423300438,-0.008799726600550535,-0.008354216041281141,-0.008330256588651384,-0.0008025191813100426,-0.0008984702491922427,-0.0008582618034293187,-0.003138476696379745,-0.002102935868267192,-0.0018013802122457366,-0.00394416725090734,-0.0019718691790504166,-0.002753815557605694,-0.003577637056377029,-0.0006181394180413848,-0.0002340949671812716,-0.0032650163201745942,-0.0006496806752844471,-0.0024661029136063104,-0.0031410864090016125,-0.0022117611623395377,-0.0038166203854706573,-0.004230513281462703,-0.0034723719632336293,-0.005310195591906238,-0.003550324116790254,-0.006930873245646067,-0.005555328958704264,-0.007637411753433223,-0.006953992450785189,-0.00745124514810467,-0.008850253620108677,-0.007903138420396878,-0.008636066247310227,-0.004345385192722162,-0.007208837445374103,-0.006162526588278427,-0.007199505055597869,-0.008772210191192592,0.0007290781734185008,0.00020877113802985898,0.0007444715030893725,-0.000990844296871895,-0.0007021122240517923,7.631781704446534e-05,-0.0015553065616778037,-0.0004612000042491184,-0.0007804477601406728,-0.0010715305747728123,0.0007458917856000241,0.0016843841719999498,-0.000846483071186285,0.0007450042045832187,-0.0004970496288818161,-0.0006745135640363792,-0.00044805481437984836,-0.0015182456366217133,-0.0014532516606545838,-0.0010976512134008825,0.0077292391498373445,0.01002239271340581,0.007202747459545464,0.007582879838600032,0.006028025330103244,0.00721663680799069,0.005957024228796966,0.005122185010733671,0.0065527278054739145,0.005417099559202332,0.009021534034013963,0.006735348105876489,0.008323815379042804,0.006778274189871897,0.005592012523160351,0.00093122565885923,0.0023661962401935166,-0.0008461464635127698,0.0007512554373193725,-0.0011513956958102193,-0.0008307305068128738,-6.591402603757157e-05,-0.001830949523454054,-0.0012674975686350193,-0.001589746899309764,0.0020369388732501513,-0.0006134701291195209,0.00011078556721198173,-0.000614353815987566,-0.0015765856344120244,0.009267864593935388,0.006303573023148679,0.00838666269942078,0.006156968695069904,0.00534405124920895,0.007598076196415595,-0.0016551514349920412,-0.0018491683902332385,-0.0010868934425566179,-0.0017035640307815696,-0.0015064792778559546,-0.0013683971091872193,-0.0010080476530190958,-0.0014762879114554783,-0.001996034060911347,-0.0017233400567926937,-0.0019305256953350064,-0.0024964381005998073,-0.001632983293892509,-0.000851405681886244,-0.0021825505699537046,-0.005962108995290286,-0.007131286570771762,-0.006229344640999309,-0.006529503751181417,-0.0077065317237806,-0.0065415066975296025,-0.006724403111865474,-0.007788584143450127,-0.00656275675888252,-0.006545226997312004,-0.0062763920629934685,-0.005012387659255086,-0.006066375322796481,-0.006603912174822387,-0.0063372625463425595,-0.006153315466215651,-0.007456317033770404,-0.007056129849787939,-0.006609534734162918,-0.006924438418809666,-0.0005041487816444987,-0.0008099730745738815,-0.0007799165108206381,-0.0019718518277667646,-0.0011488020334970998,-0.0008576351358579617,-0.0021299035940222167,-0.0012300153955595043,-0.001151510731734534,-0.0019842644023486803,-0.00010555077041317689,0.00026825229246384336,-0.0016850190336285883,-0.00038999954280567295,-0.0011086452949415927,-0.0017929390344344957,-0.0010044304682068192,-0.0017879833706943465,-0.002211280773220561,-0.0016976233500080443,-0.005833695123551215,-0.004070444044441499,-0.0058214455393235725,-0.006374606352670617,-0.006773327628278791,-0.006088629544534999,-0.0067247758095042515,-0.007114058340182888,-0.006166728876988242,-0.007196047614473134,-0.004696231485789196,-0.005918770895297206,-0.004871906020729481,-0.0062461593024497435,-0.006864006674737949,-0.004602662344230931,-0.005324951189849755,-0.0047965792500741025,-0.0054839550683058085,-0.005394566898336464,-0.00462281612459519,-0.005379100899875827,-0.005373536935593187,-0.0048006708901482675,-0.0051030242215998394,-0.004370658218875145,-0.003437648168361501,-0.0049130387696492365,-0.004603807759096009,-0.004750003821827232,-0.004938383181032921,-0.004934361034075479,-0.005126641794110318,-0.005071647476322029,-0.004936994212975941,0.0016425905434939792,0.003927639351343322,0.0026703311095732244,0.0012529674746486052,0.001327324475700011,0.002498986629630418,0.0010677817041544857,0.0012581445843436194,0.002671579592683119,0.0013117325109259725,0.0031234564671544303,0.0024493794371751015,0.004022073443062115,0.0022389759703347685,0.0019105412633815112,-0.004203338494182719,-0.0027713298134239474,-0.004920177145657383,-0.0046050024923492815,-0.005425867625797442,-0.00511414703292185,-0.004558025773116247,-0.005459357820683534,-0.00490422420972863,-0.005438327097975208,-0.002887468601819863,-0.004471504145506203,-0.0037548403974850095,-0.004704670784964108,-0.004999133391922251,0.0033638217963037386,0.001997092909929294,0.0040664046120864415,0.0016076233240977507,0.0016543238374267467,0.0034773800145185356,-0.0010729647689015416,-0.002408040006907008,-0.0011287205797399025,-0.0036259771952733186,-0.0033979439830437766,-0.0018560522284158452,-0.00421547844223569,-0.0032667283470738527,-0.004266334080498082,-0.0038488548058973416,-0.0015872850417480674,3.481728420542172e-05,-0.0032116056461477032,-0.0016188333717707106,-0.003653534799134853,-0.003087681634112681,-0.002966143084834724,-0.004788875858050443,-0.003960552748573967,-0.004444315137394826,0.005961769470531343,0.00889060042100469,0.0053391757620701325,0.005719163564361936,0.0034482198636684204,0.005316271844648913,0.004061593496183256,0.002463867268603098,0.004593529046480242,0.002675726987055849,0.007451831768925237,0.004409517033295483,0.006634853380894825,0.004418469544125419,0.0030789784442548317,-0.0008311941740125413,0.0012869167752235032,-0.0026512554944864274,-0.0010751023358442629,-0.003772125763031799,-0.0027070997135500196,-0.0019221987288482632,-0.004530070705039227,-0.0032026078243533587,-0.0043987028958024045,0.0005643347162488652,-0.0029501334727592187,-0.0015415949974675804,-0.002981699116344966,-0.004097744942179507,0.008312246582154188,0.004533099059728409,0.007252692513252687,0.004290082710615328,0.0034473207859642293,0.0060257206035428685,0.010609071717571058,0.01330937937741119,0.00991865547185961,0.010430684979536392,0.008333425764621054,0.00993394080802067,0.009835207241823768,0.007873955386305195,0.009715271528952189,0.008113002091937474,0.012237932570295202,0.009401224241700465,0.011399593608681806,0.009400310520439166,0.008661041090177431,0.03131518559038377,0.02821001477230536,0.03151313486850931,0.028066316150162255,0.027481628856180714,0.03000254860631544,0.012787640570384543,0.009264426715868067,0.011755456569049878,0.009085779848633426,0.008719143050916645,0.01089570772178408,0.02992962335043573,0.011273173040678377,0.01029111791067727,0.009760720604833175,0.012253852067987268,0.01005836048421173,0.010930703648896978,-0.0064567306770071595,-0.006885773231962333,-0.005883140959389655,-0.00671147858754671,-0.005436703955955615,-0.006535996649666344,-0.005966066118086365,-0.006627910577948501,-0.006259114803815357,-0.006918883545890931,-0.007318625916999317,-0.0067976581513536204,-0.006792122690880375,-0.0048981119456738675,-0.006443046744939725,0.010635352614705744,0.01044356026119508,0.012277284764150473,0.010574790241853083,0.010782108085179685,0.010384984791967922,0.011821999104925237,0.010265522711723383,0.009763999657675961,0.011115318185421762,0.009816259948318078,0.009268991044628404,0.011191953846408392,0.011976518919053788,0.009566759339871308,-0.005965552051180066,-0.006076577437619934,-0.006237716590589423,-0.006532947652613584,-0.0066511864182966065,-0.006549880922834635,-0.006727847378232963,-0.006738075425878761,-0.00550867558709776,-0.006553600203206368,-0.005764528494503305,-0.005562656646823846,-0.00661221424013613,-0.006096816772246096,-0.005825401247419114,-0.006704129068747883,-0.006948781245356175,-0.006543923068454565,-0.007160581945934037,-0.0064172212674100905,-0.0035133031717493306,-0.0034447025744238366,-0.0020388806975241607,-0.0031820429365152416,-0.0024630507741001837,-0.0034842565050978115,-0.0024926576701350856,-0.0035224798520409363,-0.003487865714656062,-0.002904571072172507,-0.003691649744440313,-0.0037603160060681075,-0.002728205373585495,-0.0014712804164568828,-0.003329206511781489,-0.008214980832016947,-0.008732018038916003,-0.00839303646255203,-0.00816698246524625,-0.009036612048843942,-0.00845327768885941,-0.008098084159620085,-0.008987455410816062,-0.007333786269947653,-0.007827809788741725,-0.008142514922229945,-0.007397085517609374,-0.007973927546663616,-0.008359971511058882,-0.007614467318849783,-0.007994356544682335,-0.008926422013874627,-0.008028309309155796,-0.008164204489938468,-0.007798623708832783,-0.0031668520856411573,-0.0028426882159912703,-0.00337342404080608,-0.004046991746537482,-0.002912141713139224,-0.0031998891400670465,-0.003942278419236725,-0.0029040630638729414,-0.0023196624145165852,-0.003679498976221298,-0.0024308945847075834,-0.0025566609418837456,-0.0040179310080017015,-0.002676529600659547,-0.0028095901958934697,-0.004056174144593539,-0.003006488042276264,-0.003185560858541775,-0.004189333771455823,-0.003009154130847065,-0.008273237644232111,-0.007026575234383827,-0.008291214477207222,-0.008671428872115795,-0.008590820834750032,-0.008469271802942853,-0.008858971286176078,-0.008660649030957208,-0.008294922711976465,-0.008611515519506589,-0.007326422106487391,-0.008001431619141398,-0.007473311210143311,-0.008218846192343756,-0.008550511492081544,-0.0016098427263022718,-0.002430934677075488,-0.0016743308043701446,-0.002077870599363826,-0.002975431212020588,-0.0017361744281682015,-0.0013703130201971059,-0.0016253413108576402,-0.003448527992408509,-0.0027358864801224417,-0.002729728882937583,-0.004380875927881937,-0.002404940819091996,-0.002727457984509881,-0.0038471978665409324,-0.0049260245126561296,-0.0060645677897256,-0.004954021556371193,-0.00711989977189423,-0.007886596368784535,-0.006511299903227248,-0.007945779699883441,-0.007677566285888844,-0.007754789833153638,-0.00752680370055175,-0.005636782314287252,-0.0041643121690830565,-0.007071651122682741,-0.005632429188103564,-0.007302186316554579,-0.006907756555285921,-0.007813563196771017,-0.00867611647857716,-0.008018246942947217,-0.008211639876014856,-0.0008529615591656404,-0.0011647669742064258,-0.0009215833843759611,-0.0034053864187056533,-0.0021534412775458243,-0.0016487581053537719,-0.003994764311626699,-0.00203526169727749,-0.003020631297754341,-0.0036411334801518163,-0.0008843654885199549,-0.0002973801909675169,-0.0035319571470085963,-0.0009287853952757403,-0.002949105179937846,-0.00342090859242158,-0.0022751674495830594,-0.0040837004703842585,-0.004294048236681539,-0.003752283890241196,-0.005187042130363576,-0.0032160048166793883,-0.0068074866726347705,-0.005437071332767457,-0.007731175811544565,-0.00683553431783033,-0.007115601135490685,-0.008726637709461462,-0.007567310813773398,-0.008517413057900599,-0.00422726225411287,-0.007302564187049982,-0.006044155838665039,-0.0072981609470083595,-0.00865354064449183,0.0010152676467752632,0.00027954112136060317,0.0010178063019566272,-0.0009199782124041982,-0.00041552262656264886,0.0005653979091927017,-0.001268439950556255,-0.000187542283310873,-0.0007095956426036103,-0.0007976729524736606,0.0008166259303956233,0.0019574785152697643,-0.0007756265959772238,0.0008028841998875151,-0.0006420101175031576,-0.000616543863863511,-0.00017440046334696107,-0.0014473448392091134,-0.0011792964409249474,-0.0010396596674242789,0.008173310259394906,0.010674147022626314,0.007647201470198414,0.008022135828606334,0.0062585505056730745,0.007656213196788615,0.006611462122192588,0.005567527729544125,0.00720688579674213,0.005857435010897786,0.00946020530895089,0.006965722429750206,0.00876293578162112,0.007003758563098419,0.00603227628079401,0.0010019475417082045,0.002639117506423256,-0.0007752899921205149,0.0008091351570402795,-0.00129644346677307,-0.0007727528131310428,0.0002076427827397717,-0.0017600277809258285,-0.0009935893495125157,-0.001531729019045126,0.0020947504264947773,-0.0007584453288570824,0.0001687127293069144,-0.0007722063693782332,-0.0015185684618019568,0.009706435195996533,0.0065340385922522575,0.008825756903574128,0.006382582833744706,0.0057844163315954366,0.007823391695581402,-0.001705643962947436,-0.0016836246234874877,-0.0011373604203858136,-0.0015509308972605008,-0.0015569641185296317,-0.001418876629519343,-0.0012744316857716345,-0.0015396602781816524,-0.002262655992862851,-0.0017738363336473985,-0.0017778603298451653,-0.0025469678908383747,-0.0016963660818359347,-0.0011177457544743964,-0.002245963425640659,-0.005621985581662253,-0.007007876801643725,-0.005894063226253717,-0.00640617154546167,-0.0073658301645309595,-0.005989169115611931,-0.006384058754845683,-0.007452785524276619,-0.0064394206336060335,-0.0062098669080142156,-0.006153080866108495,-0.004677485335118209,-0.005943096599661135,-0.0064854917878307975,-0.006430908070865926,-0.006034953891937423,-0.0071206232686839765,-0.006932735800593899,-0.006274154820071282,-0.006805989316416965,-0.0005545890364902459,-0.001076308265473148,-0.0008432478498887716,-0.0022384668277236693,-0.0011992720041217532,-0.0007051228544003084,-0.0021804168256781453,-0.0012933741697183129,-0.0014179250535236634,-0.0020476655874576664,-0.00037171037094854096,0.00020498233857390381,-0.001951563577648058,-0.0006691020362562781,-0.0015910290397936138,-0.002072404650715384,-0.0010677748023376588,-0.002054556277089738,-0.002274695301430675,-0.001977069351182836,-0.005710434970324218,-0.003735836787362234,-0.005698194845638795,-0.006256210547906784,-0.0068670111151202156,-0.005970275053687545,-0.006389320714197764,-0.006990657733637726,-0.005831487942663703,-0.007077567305277817,-0.00457802402840977,-0.006012380037945097,-0.004753686269713598,-0.006344726071911623,-0.006745563602499646,-0.004314978052300988,-0.005253796110588958,-0.004521771133948128,-0.005412790296559814,-0.00510667150893123,-0.004131511630930046,-0.005091213683316951,-0.005098582228446201,-0.0047295521087330665,-0.004828144923989055,-0.004299566777738345,-0.0031631874036470043,-0.004841912173568629,-0.004545628901402042,-0.004895533946931853,-0.004880187123025668,-0.004659518615712709,-0.005055501592810319,-0.0047967751845795535,-0.004878798599450233,0.0020893395546562068,0.004583351120855769,0.0031166306078485367,0.0016949792223799173,0.0015588307902959727,0.0029404635420262563,0.0017252801235723705,0.0017050254831469918,0.003328021500051389,0.0017536934726411328,0.0035647044265661515,0.0026806470603842527,0.004462924187824501,0.002465392813276804,0.002352256427692511,-0.004132257974345862,-0.0024970379724820607,-0.00484905009883505,-0.00454682354934953,-0.005571488453937541,-0.005055941782199805,-0.004283279808973256,-0.005388195131892061,-0.004629393662550206,-0.005380104646612677,-0.00282938112290373,-0.004616996409451167,-0.003696707973796027,-0.004863126287883989,-0.004940934475017373,0.0038049709326251147,0.0022284568596293536,0.004507237737098064,0.0018341721513209627,0.0020961435910999376,0.00370354005275928,-0.0007862917887010164,-0.0023370955985410223,-0.000854909849898286,-0.003554935069399248,-0.0031106292398776726,-0.0013660909289798183,-0.003927898862554418,-0.00299235231981944,-0.0041952495177541415,-0.003574288167848133,-0.0015163957579697397,0.000308333552207397,-0.0031405912375350857,-0.0015608285998497662,-0.003798919618667701,-0.003029583654357529,-0.002691845323267977,-0.0047177560010141974,-0.003685957640597771,-0.004386144451639245,0.006406562107586584,0.009543049062937533,0.005784402630554231,0.006159174092219184,0.0036792875860938504,0.0057566224707187984,0.004717173899784636,0.0029103030311527266,0.005248879888895071,0.003117178141284955,0.007891133794633028,0.004640380557837296,0.007074667546900236,0.004644437730818849,0.003520268818904734,-0.0007603553699557469,0.0015601141528148734,-0.0025802784046512813,-0.0010171261234344707,-0.003917526724659773,-0.0026490220121930317,-0.001648174761277562,-0.004458968200901222,-0.0029282062744143064,-0.004340534180678535,0.0006222224861303824,-0.0030954228029195256,-0.0014835791686270152,-0.0031398985088942166,-0.0040395926646328295,0.008751190104246397,0.004763936304609244,0.007692253993281788,0.004516082210308446,0.003888453215295313,0.006251358227051802,0.011000755385475715,0.013900264560425552,0.010310677257953019,0.010809710570736783,0.008512071803307937,0.0103132270267582,0.010428045102024558,0.008266722111757704,0.010308270085327158,0.008492927613615914,0.012616327134459005,0.009579695176269745,0.011778363934691245,0.009566040188408762,0.009040774158980925,0.03204860744744815,0.02874070723672112,0.032246689146314796,0.028592277268931415,0.028217996786187406,0.030527570116982226,0.01316584219975728,0.00944292027484573,0.012134102584827944,0.009251557052640063,0.009098855383067667,0.011061213526908488,0.03045468022324572,0.010955628319829878,0.010763893772566044,0.01259706670772283,0.010895085189042418,0.011102334002228459,0.010705336241782768,0.012141917557176727,0.010585909936388613,0.010084531939164747,0.011435450547220923,0.010136782571223387,0.009589669994541162,0.011512065549632529,0.012296384670673118,0.009887350682000435,-0.005857109431569244,-0.005968122854651174,-0.006129246453771426,-0.006424454402311072,-0.00654266646371414,-0.006441372351469979,-0.0066193343873034325,-0.006629545399348251,-0.0054002855320203205,-0.006445104733529315,-0.005656105568215294,-0.005454254017080995,-0.006503713160126192,-0.005988359638054379,-0.005716978806420658,-0.006595618642349586,-0.006840230173966098,-0.006435427523908719,-0.007052025294796645,-0.006308738185776139,0.011879924949861669,0.012657336746041544,0.011594560819492087,0.01042882722942161,0.012322801150456008,0.011517728964293941,0.01027260496443106,0.01222994822814643,0.012319815981089942,0.01040385291897661,0.012820210282763806,0.012097730839906454,0.0101784155369772,0.012526308495996494,0.0118290072340403,0.010058932761226392,0.011919376872636465,0.011157919124835096,0.009645216192495296,0.011234550513016568,-0.004888595924500576,-0.004187067759683356,-0.005933320804563892,-0.005433941503874204,-0.005827457447439505,-0.006205460389215359,-0.0057837694325716255,-0.006167884934399901,-0.006283567967805922,-0.006254718142889108,-0.004298315774269557,-0.005515500442641597,-0.005530462112627596,-0.005847689675063338,-0.006465303692812613,-0.0030586959101065302,-0.0027345649992555933,-0.0032652470783533973,-0.003938748910721894,-0.0028040114324797737,-0.0030917295031365447,-0.003834046168976439,-0.002795933307484964,-0.0022115938268658913,-0.003571293924155152,-0.002322812684647393,-0.002448566561436899,-0.003909691143673905,-0.0025684229882200864,-0.002701472077300695,-0.0039479301119498215,-0.0028983480402466925,-0.0030774055576591576,-0.004081076919216336,-0.002901015972624472,-0.008381924363773394,-0.007135136098025655,-0.008399896820004749,-0.008780155880068396,-0.008699532991556359,-0.008577972209895804,-0.00896772418819249,-0.008769368309589395,-0.00840360566806199,-0.008720229902544572,-0.007435013839825891,-0.00811008404654336,-0.0075819103728872825,-0.008327520654335131,-0.008659219607103072,-0.0018316734284143051,-0.0014588415843639858,-0.0035921670486600845,-0.0022453597508467348,-0.0030515630621537598,-0.003798816647734993,-0.002198487591334782,-0.0030849778862958215,-0.0035891490601704396,-0.0030768985596394106,-0.0010711982601193592,-0.002639697795690668,-0.0029817450036233257,-0.002885375671816204,-0.0031793378790193243,-0.006866592590877199,-0.00824079473082452,-0.0072113594542098335,-0.008638949387458702,-0.008591794368366039,-0.007294065873604885,-0.0007450630225236814,-0.001056836649872469,-0.0008136782363802691,-0.0032972063327997327,-0.00204540392579619,-0.0015407727207710422,-0.0038865252571468815,-0.0019272353861583952,-0.0029124895282692654,-0.0035329297008987173,-0.0007764639644652628,-0.00018953715557538616,-0.003423764380258486,-0.0008208816308295778,-0.0028409707431893195,-0.003312727296598042,-0.002167117614484552,-0.003975450938704855,-0.004185778631911838,-0.0036440678784529818,-0.00529537674743403,-0.0033241411710613054,-0.006916025903063226,-0.0055454306699666165,-0.007839808140937495,-0.006944075861279509,-0.007224164451098404,-0.008835378150250192,-0.007675933335597846,-0.008626131503002624,-0.004335499488482468,-0.007411153124994578,-0.006152618172041273,-0.007406746722340986,-0.008762273929623279,0.0003024684297053145,0.0013859054837750992,-0.0025389628381682463,4.5938693771837945e-05,-0.0026350974812900077,-0.0026077035897923762,-0.0008002077430543877,-0.003392236958831446,-0.0031031637534608574,-0.0032739115530352686,0.001145289286228849,-0.0023542398681593787,-0.001982387768233783,-0.0023987003693298832,-0.0035141260883866272,-0.0031409478956964734,-0.006960500143655822,-0.005202196596235434,-0.007211028293346682,-0.008063598298107417,-0.005998764364325972,0.0008942247312301238,0.002531559200648394,-0.0008832162392349398,0.0007013932465235736,-0.001404422017665431,-0.0008806791841286446,9.983334188503422e-05,-0.0018680525786398258,-0.0011015376106798236,-0.0016397311971784333,0.0019871370969696735,-0.0008663696201750184,6.088166212572797e-05,-0.0008801317707339914,-0.001626569305292905,0.009385888472916626,0.006212417258963629,0.008504825648696408,0.006060917431758329,0.005462549830175468,0.007502157979882448,0.0028647949646695707,-0.0006807166359726701,0.0007438811660334026,-0.000873871250793078,-0.0012439448136030023,0.0004140449538453097,0.007748933236477157,-0.0004466959562525428,-0.0009683624008248555,-0.0007353260934842834,-0.002130406876615947,-0.0010913133842581184,-0.000597215072440796,-0.0020723626585969026,-0.0011854055484075976,-0.0013099469174530694,-0.0019396245043870463,-0.0002638360850853893,0.00031279922593819626,-0.0018435323502758458,-0.0005611991465194353,-0.0014830335252426679,-0.001964361289189872,-0.0009598308447665419,-0.0019465134940637794,-0.002166631423421655,-0.0018690335786822757,-0.005818863296158445,-0.0038440660759221676,-0.0058066148536240186,-0.006364695609105435,-0.006975549778508279,-0.006078722569436187,-0.006497823205455733,-0.007099209258368921,-0.005939921381692583,-0.007186128905988818,-0.004686338327400517,-0.006120832254184835,-0.004862011642940909,-0.006453212508977157,-0.0068540914436303405,0.0008073844300616451,0.0018804271007957975,-0.0009789211648663044,0.0003390330149597823,-0.0012848755703520343,-0.0012676870304005577,0.00043911758627434807,-0.001371867808896808,-0.0010935258191244908,-0.0014659840937942628,0.001902359720109537,-0.00058015337148733,-0.00021906519641309467,-0.0008775943968103616,-0.0012403497791792048,-0.0034573483941614316,-0.005678226945990289,-0.003920259158701695,-0.006223952025218278,-0.0061230697964446525,-0.004545919629590269,-0.004240522521575395,-0.00260513783347668,-0.004957384880579833,-0.004655129524663283,-0.005679895479959792,-0.005164297402160218,-0.004391559133140869,-0.005496583725264009,-0.004737706416633212,-0.0054884927141890015,-0.0029375145700501395,-0.0047253073092810155,-0.0038049262302819278,-0.004971461978372533,-0.005049278152503651,0.0034825272147018835,0.0019055592529430144,0.004185026464612572,0.00151115543793645,0.001773206129197826,0.003381085342087168,-0.002063068447170343,-0.0045579370046740075,-0.003138393939061599,-0.004972657233185089,-0.004672909663197216,-0.003254570548529315,0.0036213784473147427,-0.0008682547195001056,0.0014524467352485474,-0.0026883867817464923,-0.0011250500579384828,-0.0040257693496711135,-0.002757137020450826,-0.0017561688206153409,-0.004567265945019169,-0.0030363494907029802,-0.004448820844326376,0.0005144653445514869,-0.003203581965539673,-0.001591577464623143,-0.00324805991776473,-0.004147848332112064,0.008430368819113786,0.004441787023683545,0.007370978837452628,0.004193859723766676,0.003566021884088924,0.005929658803921514,0.0020515729869506638,-0.002446178541976878,-0.0003372907291795933,-0.002703391837402645,-0.00310255064455121,-0.0010610643298419081,0.006791651097286892,0.012846299199353699,0.009122187290095432,0.011814179973667986,0.008930767404288848,0.008778019608594183,0.010740965734410498,0.029930524446081172,0.011291575050025936,-0.004327074367218321,-0.005067387842067949,-0.005660811061844126,-0.0034447538071802415,-0.005042806466268927,-0.0036160831912373866,-0.005146300228584515,-0.005595741791960982,-0.004928393718620564,-0.005139907882220503,-0.0033026903401905203,-0.005036192121336582,-0.004797062292279962,-0.004846323024282467,-0.0038790331943108717,-0.005728091242415052,-0.005533816805381407,-0.004471784488474546,-0.005288540402485265,-0.002932641282625399,-0.003859484533839294,-0.0055606376333927,-0.00577637336779758,-0.0042280753841564605,-0.0053269629708532565,-0.0046084110745392365,-0.005613990841933877,-0.004505083246130437,-0.00544196387556073,-0.005385028879083908,-0.0052020732417244215,-0.005895923313382067,-0.005942469423427218,-0.004815134493911634,-0.003509465954914896,-0.005324315206267313,-0.005285932999988686,-0.005704216353406855,-0.005253198549040278,-0.005005794068462988,-0.006292394447522264,-0.005597507087055337,-0.005221413740209874,-0.006032888784263184,-0.0043378027361321726,-0.004765794494118284,-0.005174665599474726,-0.004366646076368883,-0.004895706961392945,-0.005205367187106013,-0.004440022290736656,-0.004705873812605877,-0.006054525209710051,-0.00513695962056681,-0.005159518073599771,-0.004697707051775346,-0.007743104571945909,-0.007754708207081345,-0.006608916294315964,-0.0071672756009514985,-0.0058424830144133836,-0.007566029232655529,-0.00680800828904843,-0.0072656643125222735,-0.006536138171388078,-0.007277109299627143,-0.007472230029183573,-0.007013410638982552,-0.00678339106610008,-0.004979230583893645,-0.006254068683771051,0.004543227093360126,0.0037003111399193773,0.004636599932932231,0.005587533425148916,0.003379193542245231,0.004575604227496828,0.005576280198228524,0.0037072555515704985,0.00589958356094717,0.006042231602758803,0.004470637633872712,0.005813129160383835,0.005866645612841258,0.004534963444339737,0.005864493300161535,0.006089720361697848,0.003978007215396545,0.005400940805834975,0.005885689263151498,0.005883984432238658,-0.008088422914863983,-0.008003873704992413,-0.007960492581019595,-0.008061486181982273,-0.008094717619740259,-0.007788513799328894,-0.00803687974311434,-0.007769660580092934,-0.006673756686562427,-0.007449300589425754,-0.007388913689697196,-0.00691635741052253,-0.007884366458977334,-0.007341883333696049,-0.006909034516257903,-0.0075839157709415884,-0.007671302789629479,-0.007341976389429257,-0.0077543295666029025,-0.006848238209295664,0.0035287662924047966,0.005367819823324966,0.004681874070656492,0.0034371821814514394,0.004054006141795478,0.004775230048876678,0.0032203073826236996,0.003964179719027667,0.004945122140598846,0.004292023500358377,0.004977399775777119,0.004824030996567778,0.005951533718543603,0.004888333060615372,0.004562590696201343,-0.005794649870776646,-0.00666321739960848,-0.0061909734010152945,-0.006003892392853082,-0.006362268257934817,-0.005732122317168199,-0.0057113590119156135,-0.005362118033851869,-0.006568801838427169,-0.007039072536049854,-0.006445660034877862,-0.007582417481787932,-0.006418851421198521,-0.0062344413312374015,-0.00676501704552773,0.007791979233428692,0.006309829926361258,0.00800859106615531,0.00648971682397981,0.0045217527811848585,0.006464748777795218,0.005631624726029126,0.005020172932689231,0.005436000525784376,0.006267435167875894,0.006959035081075297,0.009009528710765009,0.006713231899231216,0.007181046001189223,0.006083051144958734,0.007074300561793,0.005113517650455839,0.00477013979860081,0.0060036420872182535,0.005458225639226811,-0.005665082607875178,-0.006301972869651854,-0.005452264957897977,-0.007380963825469006,-0.007286537712433424,-0.006192337212275024,-0.00801659583456715,-0.006846538954923649,-0.007326497057576322,-0.007356334774078533,-0.005819885577892395,-0.004613349482565138,-0.007318333225368953,-0.005647517136710373,-0.007080416068226191,-0.006947709667493966,-0.006915860176628803,-0.008175631698417767,-0.007798726191961018,-0.007554655167427348,0.006593449097928185,0.009138092232983426,0.00615198352916742,0.006626141599201553,0.0048817177169132794,0.006368996918777103,0.004931534763403112,0.0039077802810024735,0.005637567322616396,0.004406550010990688,0.00803221358568422,0.005532047152676134,0.0073718483560773415,0.005754443920747069,0.004499958343364406,0.008225346035747396,0.007181977364711233,0.008520960956659848,0.007283641612543808,0.00644839150634632,0.0080472351817554,0.006777637906932599,0.0069761150476623625,0.006995124398591785,0.007526951346369136,0.007902595037033869,0.009663012448179215,0.007532435439193056,0.008144558820757973,0.007326712231068197,0.00795791900258105,0.007198916785554864,0.00644989843787967,0.007340693517378938,0.007133169530628994,0.031563716529341965,0.03466877247144101,0.0323832993385517,0.031654977491729845,0.030540936217376084,0.03256230282404118,0.030273577008566428,0.02982463554255202,0.03210053829307245,0.03032552832630612,0.03327706207795207,0.031404057902678716,0.03381987982616399,0.03163645857271793,0.030712520801689906,0.0072770669634415275,0.009531835917197301,0.006662831559875612,0.007363794183414509,0.005832233695185123,0.006958941397772936,0.006756946743954142,0.005328229550844135,0.006714694346825556,0.00585659109059271,0.008851009848259815,0.006553922863342196,0.008102936274842652,0.006796237836773952,0.006079666185958762,0.0327274174891232,0.030178577383163967,0.033079839184048374,0.03026998162076402,0.029677311685504252,0.03189480385066349,-0.006334581876799808,-0.006333489513200205,-0.006060724534462377,-0.0058838445060941475,-0.005381658190339894,-0.0058456791268372485,-0.006012826536559069,-0.005673615105159991,-0.005833496655285323,-0.0064937702844588534,-0.005910773776595868,-0.006174223662970112,-0.006106370275533685,-0.005015772065440183,-0.0055559362316838865,0.0066714958067885495,0.005000557066576172,0.006703842594844412,0.006733467998724871,0.004633719479475727,0.006578550597699359,0.006734547065093438,0.0048905715590224315,0.006352735958151503,0.0071851608143469825,0.006061105021261871,0.008115884156343444,0.0073780020871794146,0.006030771952310377,0.006573190872454366,0.007565723558231876,0.005405855506835534,0.006097792317620482,0.007331411416044092,0.006532442568204008,-0.005786097894129391,-0.006622719332329538,-0.005782774142307089,-0.006652573102684969,-0.00676013661224054,-0.005676501437421677,-0.006615310787748524,-0.006541488315259445,-0.006125542205711792,-0.006165556010670035,-0.0057255894308376135,-0.004529082035881108,-0.006163535906028145,-0.005785733759290239,-0.006113794666422458,-0.005991424454932903,-0.006184333990255539,-0.006558605685470382,-0.006192491582794016,-0.006171190214288311,0.005676337038451068,0.008225914727645316,0.006809736701713999,0.005467646898636251,0.005353744860385407,0.0068420770266196616,0.0052164883177410245,0.0052178668580460715,0.006947125333842626,0.005474545067990761,0.0072969214828421695,0.0064138750731683545,0.008253849309826186,0.006383555410094892,0.005989483284022479,0.002456201768213649,0.0012461717654512993,0.0025827613051753375,0.002267272356312228,0.0013715380224240692,0.0029681241994524575,0.0025070038217202537,0.0016937144294681195,0.002564745757024378,0.0030886819685745203,0.0023940142252518015,0.004153848324129441,0.0029806849353026595,0.0024406194377493418,0.0026541894229320487,0.0032780108226356654,0.0023293752452372782,0.0024403200627630653,0.0033243254426813976,0.0029295810627019106,0.025191372551065187,0.02829503327369481,0.027412087469774242,0.025101589380904996,0.025494118774016257,0.02750363030204195,0.025101209918125686,0.0256166602737869,0.02787995910464416,0.02593799226791949,0.027136645200845074,0.026774762974993253,0.02917969690985704,0.02683784256909272,0.026728991875799683,0.001757675883156232,0.004014542998144302,0.002140627162528093,0.0016367173785021018,0.001145741328785135,0.002267225080233517,0.0018664948969846855,0.0013070203940727123,0.0026885525028711153,0.0016292099891300565,0.003543473504380662,0.0022936684487697228,0.003838746707616353,0.00234027708629334,0.0022648965158771858,0.02656527342434687,0.025536688602454893,0.028429168672385537,0.02544693953557766,0.025671674344442844,0.027481207650843196,0.006019964032712659,0.004161825921840259,0.006230484225616915,0.004110462433147948,0.003402446908674227,0.005713673579199276,0.003696581350632938,0.003838089826020945,0.003149557774192745,0.004349688746657392,0.005175798882173999,0.007595765043543957,0.004709434862220991,0.005346419868586565,0.00371582953772298,0.005076010867221696,0.004306572260042362,0.0028466054457424173,0.00444917404560663,0.0034612447786644576,0.029393479792032405,0.03307525425090401,0.029954848637217892,0.029425453664919426,0.027516640979744374,0.0301672407390573,0.027984243392581,0.026774951127222876,0.02966325866697313,0.027262950225258608,0.031325098904353615,0.02867811783982255,0.03167145254490729,0.028895634568395497,0.02787987055569787,0.005104521478262294,0.008018676139474797,0.004453704893535155,0.0050967964113479754,0.002807567692907827,0.004664580308016294,0.004430987870873368,0.0022785925205444663,0.004377830710620675,0.00271476303274212,0.006879159887823885,0.00382306188689117,0.006032166602803059,0.003993936043345234,0.0031838115608197153,0.031316711968115814,0.02800467561026479,0.031483258138756666,0.02803670506013181,0.027386418107638786,0.029939566864896343,0.028590934894992207,0.03212620450378233,0.029113078960562387,0.02867595753352741,0.02696926064207104,0.029403065231190174,0.02829247097202345,0.026685569533015718,0.029373695719147896,0.027203453201956083,0.030657646571441054,0.028202047264864163,0.031046773475238796,0.028439629363380674,0.02794740193679496,0.06556983128235976,0.06290848493888464,0.06703863185387364,0.06299733237026822,0.06262816684807693,0.0650793660933558,0.030394659952641803,0.027272919520028967,0.030603893469783604,0.027358066418338912,0.02719860690591993,0.02934267033675397,0.06424153029422984,-0.005452240278127827,-0.005667954242597623,-0.0041198128305108385,-0.00521858949840023,-0.0045001113418935415,-0.005505587931970454,-0.004396791713863319,-0.00533357830442999,-0.005276651563074978,-0.005093712085500638,-0.005787492514345115,-0.00583403565159585,-0.004706812026891751,-0.003401277619983577,-0.005215943767677356,-0.005394318094084699,-0.005812644153875122,-0.005361580117600238,-0.005114144041804438,-0.0064008887039960286,-0.005705930582210117,-0.005329785468979203,-0.0061413566173372704,-0.004446085944740938,-0.004874120709501373,-0.005283039303516474,-0.004474938488344372,-0.0050040459736576375,-0.0053137444569369575,-0.0045483165003585135,-0.0048141941262433915,-0.006162995336862895,-0.005245323456172676,-0.005267883574067232,-0.004806026369170346,-0.005120900723212415,-0.004680781137293184,-0.005117581043975073,-0.005769987989347675,-0.00503462698454171,-0.005228089598654741,-0.00594961423141926,-0.004816329545287698,-0.004184552034024912,-0.005500139816586012,-0.004326531412429103,-0.004405958268186074,-0.005823350865634562,-0.004386592786560835,-0.004497640161164319,-0.005651293830642949,-0.005001343904208099,-0.00515849087842624,-0.0060691804542421495,-0.004771575382780538,-0.005346710312989509,-0.004038810547758865,-0.005253763974407748,-0.005557604085224737,-0.005455205955397126,-0.005221032587240637,-0.00602897203392956,-0.005809301375350703,-0.0053315497453950735,-0.005549946043357725,-0.0042506035991861325,-0.004925812048557944,-0.004334561190865674,-0.004956503557238462,-0.0055715695300917936,-0.008197088938803337,-0.00811252863612056,-0.008069144447359625,-0.008170145341269653,-0.008203381729319852,-0.007897147846590348,-0.008145538107362493,-0.007878291542883067,-0.006782275707545177,-0.007557898019405811,-0.007497506667599515,-0.007024902869870203,-0.007993009267820164,-0.007450471580823803,-0.0070175765332021935,-0.007692527267740503,-0.0077799237294868895,-0.007450562335761325,-0.007862958040462848,-0.006956774335609314,0.0032062414408700513,0.0050458490477611655,0.004359717513928453,0.0031146303742626276,0.0037316600427511537,0.004453099300422729,0.0028976688070412315,0.003641806542155614,0.004623043902857475,0.003969747793455064,0.00465531140427853,0.004501916545931271,0.005629758703134146,0.00456623664087372,0.004240397841391961,-0.007813795701519672,-0.0068400189233567875,-0.008515601772241277,-0.007935808798609969,-0.008213651718643168,-0.008387618323190243,-0.007921250093743662,-0.008268286272397549,-0.008179350335503576,-0.007943182749465786,-0.006554413614413931,-0.007598584313946214,-0.007343085578079973,-0.007551545758785851,-0.007844810904317554,0.00439397140597825,0.0035601308471155,0.005184400342766384,0.0034685550019951084,0.0034829797658327433,0.005008632666752956,-0.005773476973075229,-0.006410432107149679,-0.005560637937971803,-0.007489555739211216,-0.007395102915094776,-0.006300791535935239,-0.008125252097993736,-0.006955059815219138,-0.007435083680417041,-0.007464924448920638,-0.005928295601414789,-0.004721638219150727,-0.00742691905284619,-0.005755909890953595,-0.007188979141264979,-0.007056258827721712,-0.007024388239589025,-0.008284304205515614,-0.007907360209907292,-0.007663265045421433,0.006271967440601921,0.008817373946570997,0.005830248209707173,0.006304670131644827,0.004559596507534845,0.00604732443703801,0.00460944902234749,0.003585345995130511,0.005315654755301197,0.0040842684351975675,0.007711166626415328,0.005210124604419213,0.00705047771924011,0.005432589627378296,0.004177704394307923,-0.005675109462534431,-0.003969147896026905,-0.007359758769805239,-0.005682922937603769,-0.007780531011093257,-0.007146558346861954,-0.006573127349694464,-0.008532097833887397,-0.007653653325331328,-0.008091518753171722,-0.004423677863278868,-0.007297663203846611,-0.006306134962855274,-0.007125020165619576,-0.008160933888535206,0.008023646782040855,0.004843804085827778,0.007179328144651458,0.004876564369592291,0.003995540867990263,0.006285476377127906,0.006955757346112481,0.009211206211436082,0.006341264485196175,0.007042510403965014,0.005510416991090194,0.006637462428521836,0.006435460575519306,0.005006260614893277,0.006393142751293284,0.005534780985629217,0.008530172317761554,0.006232322788452596,0.00778180418177336,0.006474708456035575,0.005757924292267675,0.03220458859170731,0.029654291132612268,0.032557002927466105,0.029745736637403566,0.029152740240933835,0.03137136492263877,0.008582540765363843,0.005605672947192724,0.007650365898144514,0.005692554300069017,0.00531528403018742,0.007182429352654833,0.03082052200626045,-0.0058945290712978824,-0.0067312350958729575,-0.005891204655422851,-0.006761089464117122,-0.006868666343098509,-0.005784921418621868,-0.006723823386510922,-0.006649995966085929,-0.006234004961634325,-0.006274022897960377,-0.00583401432662531,-0.004637386688313636,-0.006272003065553622,-0.005894165087192687,-0.006222257280583035,-0.006099874260387922,-0.006292805717803769,-0.006667112521212531,-0.00630096110276352,-0.006279658283412166,0.005354459093854546,0.007904803118500907,0.0064882192493601045,0.005145704757948815,0.005031788019928979,0.006520569969897521,0.004894449879100877,0.004895868808777998,0.0066256493262052615,0.005152625011025682,0.006975531847264121,0.006092239477609429,0.007932766282402052,0.006061909296464916,0.0056677180084157945,-0.005599757696888654,-0.0039037161723918987,-0.006212399215876148,-0.005828633371979562,-0.0068322560988826496,-0.00620907291914987,-0.005849260913861927,-0.006933517140768477,-0.006066609734316776,-0.0067148379168977725,-0.004143278877677835,-0.005934968566093702,-0.004954910871041895,-0.005995124119847537,-0.006357633301551247,0.00728094715768877,0.005707506463584045,0.008042808730026454,0.0054988354029275,0.005478420849850956,0.007327943822746144,0.0014346298496637883,0.0036921792666461694,0.0018176981242153706,0.0013136358202693141,0.000822517417499881,0.001944337898627634,0.001543482102539223,0.0009838451654809106,0.0023657937432536072,0.0013061329099771414,0.003220965235257142,0.0019707904484045973,0.003516336270776064,0.0020174130892413266,0.0019420115098845777,0.02603919106580917,0.025010128084237086,0.027904054966760992,0.024920335451040054,0.025145181108947822,0.026955613660239977,0.0032548126402410266,0.0013342132197600995,0.0033769508866925003,0.001213210552598451,0.0014789714177645004,0.0031206802929973545,0.026384179102714945,0.004782558192333593,0.007697585698540734,0.0041314698464723024,0.004774830492572962,0.002484837676384819,0.004342408554551483,0.004108800314958097,0.0019557041965862216,0.0040555734938363085,0.002392006031498127,0.006557732022045523,0.0035006397706716127,0.0057104057362684585,0.0036715650728696785,0.0028611954251174963,0.030793191260852736,0.02747931063600741,0.030959610843142953,0.027511356572395177,0.02686071211214562,0.029415165795274117,0.007176281542621236,0.003429232429052994,0.006134157675039662,0.0034214919036239136,0.0029858007687020714,0.005207060228882009,0.029406761025008155,0.02987061631130573,0.02674720945292339,0.030079854102106975,0.026832398245919976,0.02667286104207876,0.028817986260418753,0.0635309268426673,0.028554479390451623,-0.005570539413149047,-0.005569447826787116,-0.004237963273944052,-0.0051250480705356235,-0.004618302810209872,-0.005623893192246952,-0.00473159219883663,-0.005456789736230249,-0.0056117183175177126,-0.00521197129047919,-0.005693901786367196,-0.005952374981726182,-0.004829951525958885,-0.003735757858883614,-0.005339139096823231,-0.005113969079706069,-0.005749016590370032,-0.00509417610815666,-0.005050562045753079,-0.006120257491507042,-0.005221641257129998,-0.005049471013712073,-0.005873740898904389,-0.0043825430289705725,-0.004606852565825548,-0.005219443406665621,-0.0042077531715941285,-0.004940470393531149,-0.005263084677880827,-0.004701375546568956,-0.004763560255126087,-0.005895373989636602,-0.005181733344825721,-0.005000519072220131,-0.004755392952040104,-0.005239163119766378,-0.005015669331985065,-0.005240767190266342,-0.006105209770457232,-0.005152880036663776,-0.005134547086165844,-0.006067966386461331,-0.004939481683997868,-0.004519276202247162,-0.005623367395099969,-0.004661307772714973,-0.004529063307092853,-0.006158589891180053,-0.004726311656099844,-0.005049143401527943,-0.0059914062084291154,-0.0051245174739132935,-0.00549352107695192,-0.006192473402695727,-0.005111409419822402,-0.0052831105797387905,-0.0037717328014862015,-0.005190173630912287,-0.005506933102934163,-0.005608393533724746,-0.005170380416632609,-0.005761384111003678,-0.005745677877091884,-0.0050641691683318175,-0.005499278559463579,-0.004199992633916366,-0.005078923133421754,-0.004283949412529209,-0.005122555218549693,-0.005520901006017757,-0.007976226036028036,-0.0081089867191389,-0.007853244315688245,-0.00816660340387866,-0.007982522730062594,-0.007464069153009921,-0.007924690667293498,-0.0076624327242781325,-0.006778735511774179,-0.00734210545745012,-0.0074939655171795344,-0.0068092129532583605,-0.007989467502447428,-0.007451863202520521,-0.0072311527131872725,-0.007693919470192723,-0.00756408471190698,-0.007447021318977736,-0.007647104149494809,-0.006958164712753123,0.003617117986989226,0.005657797871083856,0.00477012235338962,0.0035127200709276917,0.003927439332998399,0.004850668121366725,0.003510888745598911,0.004052488912240498,0.0052351973467240605,0.004367495957507438,0.00505282774038808,0.004697553446993375,0.006026887419451064,0.004749058175343283,0.00463804350567157,-0.007810254155291765,-0.006624365964230223,-0.008512059336588877,-0.007937201610670741,-0.008427468386691232,-0.008389012240112799,-0.007705382102092853,-0.008264744230319986,-0.007963433383592672,-0.00794457555061832,-0.0065558030334711475,-0.00781227780155405,-0.007344476910099494,-0.007770163639317011,-0.007846203462050777,0.004791585623775284,0.003755942226617775,0.005581695079937463,0.003651564187745529,0.0038809082815932797,0.005191377556420212,-0.005553161267486519,-0.0064068931042485806,-0.005345289035404301,-0.007486014607290373,-0.007174443291314468,-0.005868427403663972,-0.00790440888638426,-0.006739418695608338,-0.007431542610025275,-0.007249147188211323,-0.0059247572222649895,-0.004506455734119083,-0.007423377991753196,-0.005757297029696929,-0.007402597106035094,-0.007057649488059443,-0.006808732888935242,-0.008280762065680146,-0.007691495354558795,-0.007664657192940693,0.006681508330848796,0.00942693899128662,0.006240113204771922,0.006701423608853038,0.004755237387326291,0.006444326229277011,0.005221616738261094,0.003996106335238957,0.005927492704571866,0.004482023737085819,0.008107394912460073,0.005405643394538351,0.007447106072868358,0.005615272937361013,0.0045754255150729966,-0.005671571397147542,-0.0037541150378585055,-0.007356217792109615,-0.00568430989825491,-0.007994266476372313,-0.0071479492212156775,-0.006357562183078466,-0.008528555378780467,-0.007437838838103246,-0.008092911956973847,-0.0044250617229726775,-0.007511300609590465,-0.0063075237735740345,-0.00734355547391591,-0.008162327265965144,0.008419758721895317,0.005039390460955053,0.007575908057528221,0.005059343538725516,0.0043933297992189806,0.006468012639196807,0.007305761343234285,0.009769294952905096,0.006691549118462088,0.00738760965435194,0.00564644593710134,0.0069827718125697845,0.006995043263203609,0.00535698340578573,0.006952839360410124,0.005880447348439358,0.00887479049350396,0.006368259941221069,0.008126739632259218,0.006605735049777358,0.006103517124955646,0.03294140467265123,0.030196007940083005,0.03329382709035963,0.03027494133219105,0.029892031654304346,0.03189974545137536,0.008927142380672723,0.005741690075712169,0.00799534406137582,0.005823676988365212,0.005661020959445269,0.007313368000216053,0.03134918114978142,-0.005674138793784224,-0.0067276949023535445,-0.005675741818567116,-0.006757549311935405,-0.006648077742642826,-0.0053526935887322396,-0.0065032693112150415,-0.006434380738860204,-0.006230465484394061,-0.006058488230661347,-0.0058304752698964705,-0.00442217248015964,-0.0062684635220444426,-0.0058955528811130906,-0.006435675589041236,-0.0061012625311256926,-0.0060772614547389605,-0.006663572488288567,-0.006085421235652757,-0.006281046997981531,0.005764506823580467,0.008515116488091286,0.006897805260656375,0.00554304017446443,0.005227328029459238,0.0069173671706373365,0.005506527431632697,0.005306070547530322,0.007236656403739865,0.005549933166822942,0.007372183716708372,0.006287582045057249,0.00832903887774149,0.006244473866532709,0.006064834669617205,-0.0055962189217773385,-0.0036886473572208273,-0.006208859748533696,-0.005830021005213509,-0.007045796064137333,-0.0062104614535776126,-0.005633805416468757,-0.006929976760618706,-0.00585111582388032,-0.006716227702894921,-0.00414466236099405,-0.006148327873058102,-0.004956296329291644,-0.006213424229304906,-0.006359022210221572,0.007677484976337401,0.005902920457064033,0.008439040851556546,0.005681496893996844,0.0058756076728085655,0.0075102902314514944,0.001786527022682705,0.004253292593705842,0.0021694677362648278,0.0016606728624934026,0.0009591426488009789,0.002291165410751045,0.0021057276709764406,0.0013358832098188294,0.002927596189015817,0.0016531651499200977,0.003567384240827651,0.0021072691052052843,0.0038626498437723832,0.002148988836487976,0.0022888366878574392,0.02678063186612251,0.025554230783437028,0.028644118632451317,0.025451952781422503,0.02588720672908776,0.02748619815705662,0.0036012218862959532,0.0014707731936595872,0.003723309621162074,0.0013448856438162096,0.0018259484101955776,0.0032521194739422534,0.02691505451133316,0.005133274898051595,0.0082564781337936,0.004482482781208775,0.005120665114253502,0.002621253620503346,0.004688464777707783,0.004669606518904359,0.0023074294159369482,0.0046165010014709755,0.0027386931849396933,0.006902986609145123,0.003636925249083908,0.0060560190040641225,0.0038029379434745525,0.003207730717447832,0.031530991363409734,0.02802215887772529,0.03169758824732256,0.028041689648855752,0.027601617204525416,0.02994453018711384,0.007521335206900407,0.003565527189745268,0.00647963382489612,0.003552895916119615,0.0033322952537336,0.005338242346287958,0.0299361295417966,0.030558840741459606,0.0272322293731927,0.030768071508163176,0.02731257474717811,0.027363342419888127,0.029297250488050947,0.06439347769382218,0.029033865431822296,-0.005130797941704404,-0.004907326556672638,-0.005132402272964728,-0.005996759485159362,-0.005044523327486523,-0.005026192691284988,-0.005959519860399306,-0.004831146599653543,-0.004410986305666093,-0.005514966135937448,-0.004553001044305917,-0.0044207695427138415,-0.006050134047123194,-0.00461799810395742,-0.004940799015570379,-0.005882967312776357,-0.005016163588014087,-0.005385132541301149,-0.006084014795470596,-0.005003059185122571,-0.005391495372369438,-0.0038799654972408826,-0.005298542398071425,-0.005615341069549285,-0.005716804996270784,-0.005278747103738039,-0.005869824704338959,-0.005854103286653592,-0.005172525332862259,-0.005607679017757584,-0.004308268188545697,-0.005187280513457403,-0.004392226964078707,-0.005230917607920443,-0.005629303756083343,-0.003994233706476783,-0.0033626509101283997,-0.0056652588125327245,-0.004227688272002069,-0.005224925102924659,-0.005666861825508318,-0.004248285704909914,-0.005326033554949216,-0.005524469496571927,-0.005112604886621251,-0.003085479343783817,-0.004870500962157537,-0.004954892282875208,-0.004935516733825968,-0.005297667044301773,-0.0036749074114616294,-0.005250941817579474,-0.003956158765985211,-0.0054747436669614616,-0.005495364179102931,-0.004167923013018425,-0.007918889877416785,-0.006732882025441673,-0.008620766230230465,-0.008045849734635917,-0.008536164180859784,-0.008497705372323567,-0.007814007000344198,-0.008373423580806824,-0.008072083069822092,-0.008053222151643238,-0.006664312276319866,-0.007920911608135893,-0.007453063575515764,-0.007878793116444483,-0.007954840038065387,0.004469441166396987,0.003433506460278085,0.005259808874940152,0.003329097198234592,0.003558509859591089,0.004869373805494817,-0.006304701248202168,-0.00823731941535759,-0.007268109286863385,-0.008364313102897007,-0.008096187373602702,-0.006982395981573076,0.004608102734676396,-0.005779966804780068,-0.0038623173892046022,-0.007464807695993574,-0.0057927065999240305,-0.00810292143611253,-0.007256518083337093,-0.006466033912003809,-0.008637263901120917,-0.007546436656295305,-0.0082015764496524,-0.004533330940380942,-0.007619906216012828,-0.006416008154431187,-0.007452144166162485,-0.008270998976320788,0.008098828700244889,0.004717320569294487,0.007254599517021429,0.004737279595655016,0.004071044087516459,0.006146374458878357,-0.0035837453383186072,-0.007366265339518722,-0.005662160565119462,-0.007379026971460147,-0.007819139737968935,-0.006117499219107107,0.006459430472424466,0.008606327738894325,0.005419845402563426,0.007674179888567016,0.005501857029432592,0.005339152965292934,0.006991995456970387,0.03082547557373816,0.00704444940168543,-0.005704631369618059,-0.0037968677622423476,-0.006317331664606429,-0.005938456969784509,-0.007154352613538555,-0.006318933108294793,-0.005742221535770287,-0.00703852170535208,-0.005959551399779555,-0.006824750966547612,-0.004252927755576271,-0.00625679350423156,-0.005064642053011618,-0.006321896699367676,-0.006467509543190126,0.007356210464771713,0.005581131309220757,0.008118013448047566,0.005359639311843805,0.005553808680626392,0.007188984919428415,-0.0033108410682005486,-0.0060224503793950964,-0.004330694881438772,-0.0062563402766512444,-0.0060239006661074275,-0.004570344476420162,0.0074943199064141045,0.003278730255277671,0.0011476470977700001,0.0034008648799789365,0.0010217228126380975,0.0015029301838449104,0.0029295301418216383,0.026389181880701766,0.0029633850118561756,0.007200101264641258,0.0032430271397747676,0.006158007707760305,0.0032303920317255236,0.0030097245643995693,0.00501627792513216,0.029411730291333822,0.005635861278861741,0.02850903090597047